Employee_ID,Department,Age,Salary,Performance_Rating,Tenure_Years,Overtime,Training_Hours,Hire_Year,Attrition
E00001,Marketing,23,34842.0,3.33,0,Yes,3,2019,0
E00002,Operations,59,48942.0,3.63,5,No,4,2021,0
E00003,Marketing,23,91827.0,4.13,8,Yes,3,2023,0
E00004,Operations,40,55209.0,2.78,11,No,4,2022,1
E00005,Operations,43,64377.0,4.32,7,No,7,2019,0
E00006,Marketing,41,37871.0,3.28,9,No,5,2023,0
E00007,Finance,44,75603.0,4.25,5,No,6,2019,0
E00008,IT,45,52014.0,2.16,6,Yes,4,2019,0
E00009,Sales,25,72457.0,4.88,6,No,3,2025,1
E00010,Marketing,34,83846.0,3.66,16,Yes,3,2026,0
E00011,Marketing,50,51816.0,3.13,15,Yes,1,2021,0
E00012,Sales,32,84597.0,3.13,0,Yes,1,2019,1
E00013,Operations,33,89186.0,3.97,12,No,2,2024,0
E00014,Marketing,23,93455.0,3.19,7,Yes,2,2019,0
E00015,Sales,36,36140.0,4.12,9,Yes,3,2022,1
E00016,Finance,50,72536.0,2.54,6,No,0,2026,0
E00017,IT,37,58182.0,4.0,4,No,6,2018,1
E00018,IT,51,62481.0,3.12,12,Yes,1,2021,0
E00019,IT,42,74580.0,4.77,3,No,4,2023,0
E00020,Marketing,27,59386.0,3.41,8,No,5,2022,0
E00021,HR,60,66390.0,3.5,10,Yes,6,2022,0
E00022,Operations,25,69216.0,2.87,2,Yes,7,2022,0
E00023,Marketing,58,64311.0,3.22,11,No,6,2018,0
E00024,Marketing,33,60732.0,2.47,11,No,3,2023,0
E00025,Sales,26,59243.0,4.14,15,No,5,2018,0
E00026,Finance,53,55590.0,2.91,11,Yes,1,2021,0
E00027,Operations,47,70788.0,2.56,13,Yes,4,2024,0
E00028,Marketing,24,54608.0,5.0,11,No,2,2019,0
E00029,Sales,30,88737.0,4.46,1,No,0,2023,0
E00030,IT,40,62088.0,3.47,15,Yes,6,2022,0
E00031,Sales,42,72933.0,3.23,16,Yes,7,2024,1
E00032,Finance,59,65637.0,3.08,15,No,4,2025,0
E00033,IT,26,44373.0,3.7,17,No,0,2019,0
E00034,IT,21,72925.0,3.97,11,No,7,2025,0
E00035,Sales,55,66632.0,2.54,2,Yes,6,2025,0
E00036,IT,30,56685.0,3.23,12,Yes,6,2018,0
E00037,IT,48,74284.0,4.7,12,No,0,2018,0
E00038,Sales,43,28900.0,4.12,16,No,3,2023,0
E00039,Marketing,36,72973.0,2.76,9,Yes,2,2020,0
E00040,Finance,43,58001.0,2.68,3,No,6,2018,1
E00041,Sales,57,28000.0,3.69,4,No,4,2022,0
E00042,HR,50,76955.0,3.38,10,Yes,0,2024,0
E00043,HR,25,79076.0,2.92,3,No,1,2020,0
E00044,Operations,25,66788.0,4.1,15,No,1,2021,0
E00045,Sales,30,53196.0,4.11,8,No,4,2020,0
E00046,IT,59,36610.0,4.29,7,No,7,2021,0
E00047,Sales,48,68085.0,3.12,17,Yes,4,2022,0
E00048,Operations,28,60448.0,3.01,9,No,7,2024,0
E00049,Marketing,33,78987.0,1.55,1,No,2,2018,0
E00050,Sales,38,79362.0,3.38,9,No,5,2026,0
E00051,IT,32,66884.0,4.34,9,No,4,2026,0
E00052,IT,33,61976.0,4.46,16,No,3,2021,0
E00053,IT,59,66463.0,3.28,5,No,6,2019,0
E00054,IT,37,30279.0,2.1,8,No,3,2024,0
E00055,Operations,44,28708.0,4.52,12,No,4,2021,0
E00056,Marketing,29,28000.0,3.77,10,No,1,2022,0
E00057,Sales,31,83425.0,3.04,11,Yes,5,2018,0
E00058,HR,36,63719.0,2.8,3,No,2,2024,0
E00059,Finance,53,78140.0,3.84,3,No,7,2025,0
E00060,IT,31,86510.0,3.56,15,No,2,2022,0
E00061,Sales,42,43502.0,3.2,0,No,2,2026,0
E00062,Operations,23,52446.0,3.39,10,Yes,3,2023,0
E00063,Operations,33,80742.0,3.3,3,No,4,2019,0
E00064,Sales,51,68941.0,3.31,3,No,4,2020,0
E00065,Marketing,36,57878.0,4.18,1,Yes,2,2024,0
E00066,Sales,33,63120.0,3.08,10,Yes,4,2026,0
E00067,Sales,40,68783.0,3.86,13,No,7,2023,0
E00068,Operations,44,70966.0,2.33,8,No,3,2023,0
E00069,Sales,53,50366.0,5.0,9,Yes,5,2026,0
E00070,Operations,60,75930.0,2.74,6,No,7,2020,0
E00071,HR,54,51526.0,3.01,16,No,5,2025,0
E00072,Operations,48,75825.0,2.34,10,Yes,4,2019,1
E00073,Sales,32,71681.0,2.63,6,No,1,2023,0
E00074,Sales,29,85078.0,3.81,4,Yes,1,2025,0
E00075,IT,43,50034.0,4.06,17,No,7,2023,0
E00076,Sales,30,68461.0,5.0,11,No,6,2021,0
E00077,Sales,21,73844.0,2.66,0,No,2,2022,0
E00078,Marketing,27,51416.0,2.41,15,No,5,2022,0
E00079,Marketing,53,73218.0,4.15,14,Yes,1,2020,0
E00080,IT,30,66891.0,3.0,15,No,5,2021,0
E00081,Marketing,27,73504.0,4.06,17,No,6,2025,1
E00082,Marketing,50,55216.0,3.77,4,Yes,1,2021,0
E00083,IT,48,71900.0,2.53,6,No,6,2024,0
E00084,Operations,35,44360.0,3.64,9,No,6,2018,0
E00085,Operations,24,84263.0,3.47,13,Yes,2,2025,1
E00086,HR,59,67175.0,2.72,2,No,7,2018,0
E00087,HR,49,87708.0,3.16,12,No,7,2026,0
E00088,IT,54,61411.0,3.87,9,No,6,2025,0
E00089,Finance,46,59619.0,2.84,15,No,6,2026,0
E00090,Marketing,36,57260.0,2.72,13,No,1,2024,0
E00091,Operations,33,48508.0,1.54,9,No,7,2022,0
E00092,Sales,46,68989.0,2.9,2,No,2,2020,0
E00093,Marketing,42,41798.0,4.08,1,No,4,2026,0
E00094,IT,30,59924.0,3.02,14,No,3,2024,0
E00095,IT,47,57534.0,4.4,2,Yes,5,2018,0
E00096,Sales,52,35811.0,3.84,16,No,7,2026,1
E00097,Sales,31,47220.0,4.21,1,No,6,2020,0
E00098,IT,31,38345.0,3.42,13,No,1,2019,0
E00099,Finance,57,67819.0,3.94,13,No,0,2024,0
E00100,Sales,38,92075.0,4.49,4,No,1,2024,0
E00101,Marketing,56,60904.0,3.24,11,Yes,5,2023,0
E00102,Operations,24,68884.0,3.52,13,No,4,2021,0
E00103,Marketing,57,51593.0,2.66,14,No,4,2026,0
E00104,Marketing,59,44580.0,3.73,7,No,1,2020,1
E00105,Operations,43,65502.0,2.25,13,No,4,2026,0
E00106,IT,29,55628.0,3.08,13,No,4,2026,0
E00107,Finance,37,28000.0,3.04,1,Yes,0,2019,1
E00108,IT,45,81634.0,4.22,3,Yes,2,2018,0
E00109,IT,50,102915.0,3.08,9,No,4,2024,0
E00110,Sales,28,65032.0,3.08,5,No,5,2025,0
E00111,HR,28,66984.0,3.19,15,No,6,2019,0
E00112,Finance,59,28000.0,2.94,14,Yes,5,2019,0
E00113,IT,53,61259.0,2.97,9,Yes,3,2026,0
E00114,Marketing,57,62372.0,3.68,16,No,4,2022,0
E00115,Finance,48,64302.0,3.88,11,Yes,2,2024,0
E00116,IT,59,61645.0,4.06,5,No,1,2023,0
E00117,Operations,36,46872.0,3.15,8,Yes,4,2023,0
E00118,Sales,36,67059.0,5.0,7,No,4,2020,0
E00119,IT,57,71276.0,2.78,16,No,4,2018,1
E00120,HR,42,120673.0,3.64,2,Yes,1,2020,1
E00121,Marketing,30,60960.0,3.38,7,No,3,2021,0
E00122,Finance,57,68700.0,4.73,4,No,3,2022,0
E00123,IT,35,75028.0,3.64,9,No,1,2021,0
E00124,Sales,25,73539.0,4.01,4,No,7,2025,0
E00125,HR,60,63956.0,5.0,1,No,7,2020,0
E00126,IT,23,91984.0,3.4,9,Yes,3,2020,0
E00127,HR,57,53071.0,3.32,6,No,4,2019,0
E00128,IT,59,59568.0,2.36,12,No,0,2021,0
E00129,Sales,25,76739.0,4.18,14,Yes,2,2018,0
E00130,Operations,26,64755.0,3.11,1,No,6,2018,1
E00131,IT,50,55754.0,3.46,12,No,7,2018,0
E00132,IT,33,88441.0,2.01,15,No,3,2019,0
E00133,Marketing,57,88351.0,3.52,10,No,5,2022,0
E00134,Marketing,29,90833.0,4.86,0,No,3,2022,0
E00135,Sales,44,50585.0,3.27,0,No,2,2021,0
E00136,Marketing,39,111369.0,3.3,9,No,1,2018,0
E00137,Operations,56,96191.0,2.67,3,No,4,2023,0
E00138,IT,40,37821.0,2.57,11,No,1,2023,0
E00139,IT,41,63858.0,2.48,10,Yes,1,2022,0
E00140,HR,39,48978.0,4.14,5,No,2,2021,0
E00141,HR,43,46420.0,2.67,10,No,5,2024,0
E00142,IT,22,57147.0,3.24,2,No,6,2018,0
E00143,Operations,39,74117.0,3.54,10,Yes,6,2022,0
E00144,Sales,42,79731.0,2.73,2,Yes,1,2021,1
E00145,Operations,48,66293.0,3.41,6,No,7,2024,0
E00146,Sales,21,45013.0,3.29,16,Yes,3,2024,0
E00147,HR,33,31925.0,3.63,10,No,6,2026,0
E00148,IT,48,76884.0,2.86,8,Yes,7,2021,0
E00149,Operations,46,67671.0,3.64,11,No,6,2021,0
E00150,Sales,26,74708.0,3.2,8,Yes,7,2024,0
E00151,IT,28,84913.0,3.35,17,No,1,2018,0
E00152,Operations,29,59740.0,4.16,16,No,4,2021,0
E00153,Operations,45,83506.0,4.46,16,No,7,2024,0
E00154,Sales,60,64843.0,1.79,2,No,1,2026,0
E00155,Operations,25,51693.0,3.79,11,No,2,2022,0
E00156,Operations,21,64894.0,3.26,3,Yes,2,2025,0
E00157,HR,40,72488.0,2.13,1,No,0,2025,0
E00158,Marketing,26,69283.0,3.75,9,No,4,2019,0
E00159,Finance,29,50683.0,4.13,0,No,6,2018,0
E00160,IT,41,72673.0,2.58,17,Yes,2,2023,0
E00161,HR,53,77168.0,2.41,6,No,4,2021,0
E00162,IT,33,48573.0,3.94,0,Yes,2,2021,0
E00163,Sales,59,42403.0,3.43,15,No,3,2026,0
E00164,Operations,56,48767.0,3.24,17,No,0,2025,0
E00165,IT,45,66927.0,4.37,12,No,3,2021,0
E00166,IT,24,58789.0,3.53,6,Yes,5,2022,0
E00167,HR,53,69240.0,3.68,14,No,0,2020,0
E00168,Operations,31,65021.0,3.73,14,No,1,2023,0
E00169,Operations,32,80909.0,2.58,14,No,7,2019,0
E00170,IT,52,50726.0,3.67,1,No,6,2022,0
E00171,IT,48,53288.0,2.22,13,No,7,2026,0
E00172,Finance,35,73806.0,2.69,3,No,4,2019,0
E00173,Sales,39,28000.0,3.52,3,No,0,2024,0
E00174,HR,22,66536.0,2.86,15,No,6,2021,1
E00175,Operations,43,65012.0,3.64,6,No,4,2021,0
E00176,IT,41,79292.0,2.54,13,No,0,2024,1
E00177,Finance,55,79567.0,3.86,5,No,0,2022,0
E00178,Finance,55,45651.0,3.85,8,No,7,2024,1
E00179,HR,37,69837.0,2.49,2,Yes,7,2019,0
E00180,IT,43,51606.0,3.1,9,No,5,2026,0
E00181,HR,40,90721.0,2.65,5,Yes,0,2026,0
E00182,Marketing,40,46769.0,3.6,15,No,4,2021,0
E00183,IT,50,73285.0,2.87,4,No,2,2019,0
E00184,Sales,27,55723.0,3.48,11,No,2,2020,0
E00185,Operations,57,72044.0,3.46,7,Yes,5,2022,0
E00186,Marketing,43,89426.0,2.3,5,Yes,7,2023,0
E00187,Marketing,40,89616.0,3.24,5,No,3,2023,0
E00188,Operations,27,72574.0,4.36,13,No,2,2025,0
E00189,Operations,52,48613.0,3.19,2,Yes,4,2018,0
E00190,IT,35,75073.0,4.8,13,No,6,2022,0
E00191,Operations,51,37140.0,4.17,2,No,0,2026,0
E00192,Marketing,37,66924.0,4.64,11,No,5,2018,0
E00193,IT,53,78126.0,3.57,1,No,7,2025,0
E00194,Finance,35,59982.0,4.67,8,No,7,2023,0
E00195,IT,58,64859.0,4.43,12,Yes,4,2018,0
E00196,Finance,26,38766.0,3.86,11,No,2,2023,0
E00197,Sales,48,114420.0,3.58,10,Yes,3,2019,0
E00198,Marketing,58,31141.0,2.46,8,Yes,1,2022,0
E00199,Sales,23,55175.0,4.19,11,Yes,3,2020,0
E00200,Marketing,47,69946.0,2.2,16,Yes,0,2023,0
E00201,IT,44,35410.0,3.38,17,No,5,2025,0
E00202,Sales,55,90576.0,3.51,9,No,2,2025,0
E00203,IT,36,98356.0,2.23,10,Yes,5,2025,0
E00204,Operations,34,57664.0,3.36,16,No,1,2024,0
E00205,Sales,52,34660.0,3.15,9,No,5,2021,0
E00206,HR,42,66502.0,3.28,11,No,1,2022,0
E00207,Finance,34,63127.0,3.07,10,No,3,2023,0
E00208,IT,29,80119.0,2.94,10,No,1,2019,0
E00209,IT,44,75312.0,2.99,0,No,2,2026,0
E00210,Sales,24,64569.0,4.44,15,Yes,3,2023,0
E00211,Sales,43,51149.0,3.49,5,No,7,2019,0
E00212,Marketing,40,85537.0,3.72,14,Yes,4,2020,0
E00213,IT,35,48147.0,4.2,13,No,3,2026,0
E00214,Finance,55,72608.0,3.23,15,Yes,2,2025,0
E00215,IT,36,77670.0,2.75,2,No,1,2019,0
E00216,HR,23,63429.0,4.77,0,No,1,2021,0
E00217,Sales,37,59448.0,2.06,15,No,3,2021,0
E00218,Sales,44,57127.0,2.57,14,Yes,6,2025,0
E00219,Finance,28,70606.0,4.59,13,Yes,3,2025,0
E00220,Sales,29,51659.0,4.03,5,No,7,2024,0
E00221,Operations,51,68007.0,3.12,13,Yes,1,2021,0
E00222,HR,28,43113.0,3.06,0,No,0,2026,0
E00223,Sales,38,49029.0,2.18,0,Yes,4,2025,0
E00224,Sales,36,41811.0,2.52,10,No,6,2021,0
E00225,Sales,52,60282.0,3.49,13,No,0,2021,0
E00226,Sales,28,64778.0,2.79,15,Yes,4,2023,1
E00227,IT,27,42464.0,2.91,3,Yes,0,2022,0
E00228,Sales,44,65214.0,3.14,15,No,4,2023,0
E00229,HR,24,59981.0,3.92,15,No,4,2021,0
E00230,IT,49,52016.0,3.05,7,No,4,2024,0
E00231,IT,60,57077.0,3.27,5,No,5,2018,0
E00232,Finance,40,81482.0,3.5,0,No,5,2026,0
E00233,Sales,51,40624.0,2.92,2,No,3,2020,0
E00234,Finance,53,47359.0,4.03,15,Yes,0,2019,1
E00235,HR,22,66660.0,2.92,12,Yes,1,2023,0
E00236,HR,59,66580.0,3.96,12,No,0,2020,0
E00237,Sales,47,59284.0,3.16,10,No,7,2022,0
E00238,Operations,39,42666.0,4.87,4,No,1,2019,0
E00239,IT,23,60213.0,2.82,6,Yes,0,2024,0
E00240,Sales,24,60349.0,2.18,0,No,2,2022,0
E00241,Sales,26,61351.0,4.14,4,No,7,2026,0
E00242,Operations,53,78188.0,3.4,16,No,1,2022,0
E00243,Marketing,31,58822.0,3.36,15,No,1,2025,1
E00244,Sales,27,28858.0,3.22,2,No,2,2024,0
E00245,Sales,49,75141.0,3.47,2,No,6,2021,0
E00246,HR,43,52512.0,2.93,9,No,7,2026,0
E00247,Finance,54,28000.0,2.98,7,No,4,2024,0
E00248,Operations,58,63969.0,2.44,17,No,3,2019,0
E00249,Sales,46,41316.0,4.23,16,No,5,2025,0
E00250,Operations,32,76060.0,3.62,17,No,6,2025,0
E00251,Sales,24,58328.0,3.03,16,No,0,2026,0
E00252,Finance,39,78952.0,4.21,4,No,7,2019,0
E00253,Sales,56,70543.0,3.95,13,No,7,2019,0
E00254,Operations,56,83774.0,3.05,3,No,7,2024,0
E00255,Finance,57,76112.0,4.14,0,No,1,2020,1
E00256,HR,37,33751.0,4.06,3,No,5,2023,1
E00257,Sales,29,66487.0,3.18,4,No,4,2021,0
E00258,Operations,57,28000.0,3.17,3,No,5,2025,1
E00259,Sales,57,72396.0,3.62,13,No,1,2024,0
E00260,HR,21,81107.0,3.36,8,No,5,2018,0
E00261,Sales,38,55788.0,3.89,1,Yes,4,2020,0
E00262,HR,56,65597.0,4.02,4,No,3,2023,0
E00263,IT,60,95398.0,3.75,3,No,1,2025,0
E00264,Sales,26,72320.0,4.92,10,No,3,2020,0
E00265,Operations,38,86047.0,3.54,14,Yes,0,2020,0
E00266,IT,42,62060.0,2.82,1,No,7,2023,0
E00267,IT,31,68779.0,2.86,5,Yes,7,2026,0
E00268,Operations,27,65869.0,2.58,14,No,1,2021,1
E00269,Operations,29,28736.0,2.82,6,No,0,2023,0
E00270,HR,55,30406.0,4.96,11,No,0,2018,0
E00271,Operations,48,77202.0,2.61,13,No,7,2022,1
E00272,Marketing,51,103602.0,3.31,5,No,4,2022,0
E00273,Sales,30,73397.0,3.66,4,No,3,2018,0
E00274,HR,48,101968.0,1.56,7,No,2,2022,0
E00275,Operations,24,54116.0,4.76,17,Yes,0,2018,0
E00276,Sales,46,81483.0,3.89,11,No,2,2018,0
E00277,IT,31,94147.0,3.58,15,No,6,2018,0
E00278,Sales,23,67111.0,3.34,6,No,6,2026,0
E00279,Operations,35,73569.0,5.0,6,Yes,1,2026,0
E00280,Operations,58,65830.0,3.47,10,No,4,2024,0
E00281,Operations,32,36586.0,2.98,8,Yes,0,2018,0
E00282,Operations,38,64242.0,3.26,5,No,7,2023,0
E00283,Finance,52,51550.0,3.22,1,No,2,2023,0
E00284,HR,43,67774.0,3.45,6,No,3,2021,0
E00285,Operations,36,63015.0,3.41,6,No,2,2026,0
E00286,Marketing,37,52716.0,3.58,16,No,1,2022,0
E00287,Sales,26,57665.0,2.99,17,Yes,0,2023,0
E00288,Operations,46,94479.0,4.09,5,No,4,2019,0
E00289,Sales,42,65146.0,2.38,11,Yes,1,2018,0
E00290,IT,28,58725.0,4.4,9,Yes,0,2021,0
E00291,Marketing,38,36841.0,3.5,2,Yes,0,2021,0
E00292,HR,38,32224.0,3.34,15,No,5,2019,1
E00293,Sales,22,69319.0,3.2,4,No,3,2022,0
E00294,Sales,48,76582.0,4.67,0,Yes,2,2025,0
E00295,IT,57,55561.0,3.85,2,No,6,2026,0
E00296,Sales,45,66143.0,3.3,8,No,3,2025,0
E00297,IT,44,80822.0,3.23,14,No,6,2019,0
E00298,Sales,40,66660.0,4.92,3,Yes,1,2019,0
E00299,Finance,40,43006.0,4.37,6,Yes,2,2022,0
E00300,Finance,52,66501.0,4.6,11,Yes,2,2022,0
E00301,Marketing,38,61712.0,3.65,2,Yes,4,2019,0
E00302,Operations,33,106336.0,3.59,12,No,2,2018,0
E00303,Sales,28,72852.0,3.17,10,No,2,2018,0
E00304,Operations,50,52297.0,2.66,14,Yes,7,2019,0
E00305,Sales,31,75747.0,4.41,5,No,4,2019,0
E00306,Sales,59,49298.0,3.2,7,No,7,2019,0
E00307,Operations,32,72484.0,4.06,16,No,3,2023,0
E00308,Operations,48,69469.0,2.72,11,No,3,2024,0
E00309,Sales,58,63546.0,3.73,17,No,4,2021,0
E00310,HR,28,81499.0,2.74,5,No,7,2022,0
E00311,Finance,57,72374.0,2.7,17,No,1,2025,1
E00312,Finance,25,70480.0,4.26,12,Yes,7,2024,0
E00313,Operations,40,56763.0,4.0,11,No,4,2023,0
E00314,Operations,22,95540.0,2.7,11,No,3,2024,0
E00315,Sales,42,84456.0,3.58,14,No,0,2019,0
E00316,IT,26,65993.0,3.52,17,Yes,6,2022,1
E00317,IT,23,40720.0,3.62,16,No,3,2024,0
E00318,Finance,28,86412.0,2.7,2,No,2,2022,0
E00319,Sales,50,41331.0,4.19,7,Yes,1,2019,0
E00320,Sales,59,66287.0,4.05,12,No,2,2022,0
E00321,Operations,34,52521.0,4.58,4,No,0,2026,0
E00322,Operations,34,44349.0,1.39,13,No,1,2025,0
E00323,Sales,50,35604.0,2.73,3,No,5,2026,0
E00324,Finance,52,59793.0,3.43,11,Yes,4,2025,0
E00325,IT,39,86729.0,2.88,12,Yes,5,2021,0
E00326,Marketing,52,80943.0,3.63,14,Yes,2,2025,0
E00327,Operations,26,55814.0,2.63,7,Yes,5,2021,1
E00328,Sales,44,89813.0,2.08,15,No,3,2022,0
E00329,Operations,53,72588.0,3.66,5,No,1,2018,1
E00330,Operations,44,61850.0,2.69,6,No,4,2018,0
E00331,IT,36,57933.0,3.61,10,No,4,2025,0
E00332,Operations,43,34327.0,3.02,13,No,4,2018,0
E00333,Operations,48,75258.0,4.05,4,No,5,2022,0
E00334,Sales,32,72294.0,1.6,16,No,7,2022,0
E00335,IT,28,72138.0,2.55,0,Yes,7,2021,0
E00336,Operations,42,55555.0,4.25,9,No,3,2018,0
E00337,Operations,58,65276.0,4.15,4,No,2,2020,0
E00338,Sales,55,78898.0,3.48,6,No,4,2021,0
E00339,HR,46,67533.0,2.3,6,No,3,2026,0
E00340,IT,24,45880.0,3.03,4,Yes,5,2024,0
E00341,Operations,46,69063.0,2.6,14,No,4,2026,0
E00342,Sales,39,83662.0,3.81,7,No,0,2021,0
E00343,Sales,58,50389.0,4.06,12,No,3,2019,0
E00344,HR,54,71627.0,1.65,14,No,7,2023,0
E00345,IT,22,55708.0,4.37,9,Yes,3,2024,0
E00346,Operations,45,64272.0,2.55,10,No,4,2018,0
E00347,Operations,40,52877.0,2.08,16,No,0,2023,1
E00348,HR,56,62247.0,3.87,1,No,5,2024,0
E00349,IT,51,35734.0,2.66,5,Yes,6,2023,0
E00350,Marketing,60,28000.0,2.2,8,No,2,2020,0
E00351,Operations,59,48746.0,3.91,15,No,0,2020,0
E00352,IT,56,66708.0,3.38,0,No,0,2018,1
E00353,IT,56,64215.0,2.99,14,No,3,2018,0
E00354,IT,23,86220.0,3.54,2,No,1,2020,0
E00355,Finance,57,77945.0,3.1,15,No,7,2019,0
E00356,IT,49,36426.0,4.11,13,No,7,2019,0
E00357,Sales,48,82514.0,2.28,5,No,0,2023,0
E00358,Sales,51,33122.0,2.99,12,No,4,2022,0
E00359,IT,54,77031.0,3.02,9,Yes,0,2019,0
E00360,IT,23,87231.0,2.97,12,No,1,2025,0
E00361,Finance,55,58430.0,1.81,10,No,3,2021,0
E00362,Marketing,59,77198.0,2.04,10,No,1,2024,0
E00363,Sales,54,67852.0,3.11,15,No,6,2018,0
E00364,IT,42,31000.0,1.94,10,No,2,2018,0
E00365,Marketing,55,67287.0,2.74,4,No,1,2019,0
E00366,Operations,38,61645.0,4.05,17,No,1,2024,0
E00367,Sales,45,101545.0,2.31,0,No,3,2019,0
E00368,Operations,51,59641.0,3.4,12,No,5,2024,0
E00369,Operations,32,54066.0,3.17,15,No,5,2023,0
E00370,Marketing,26,71996.0,2.75,3,No,7,2022,0
E00371,IT,45,52427.0,1.91,11,Yes,2,2024,0
E00372,Operations,24,61323.0,4.29,9,No,6,2025,0
E00373,Sales,38,64563.0,2.95,8,Yes,2,2021,0
E00374,Sales,40,78933.0,2.83,11,Yes,6,2020,0
E00375,Marketing,50,38734.0,3.37,5,No,0,2024,0
E00376,Marketing,59,61565.0,3.49,11,No,5,2026,0
E00377,Marketing,58,79926.0,3.37,5,No,6,2022,0
E00378,IT,29,64349.0,4.06,12,No,2,2019,0
E00379,HR,28,35126.0,3.26,14,Yes,1,2019,0
E00380,Sales,59,71899.0,4.11,9,No,1,2025,0
E00381,Sales,51,78130.0,3.27,15,No,3,2021,0
E00382,Marketing,42,77504.0,5.0,11,No,4,2023,0
E00383,Marketing,36,41556.0,3.53,12,Yes,0,2020,0
E00384,IT,22,40951.0,3.39,13,No,1,2023,0
E00385,Sales,55,71968.0,2.3,11,Yes,5,2025,0
E00386,Sales,29,94246.0,3.72,12,Yes,1,2020,1
E00387,Operations,46,77967.0,4.29,0,Yes,7,2024,0
E00388,Sales,24,79712.0,4.59,2,Yes,1,2018,0
E00389,Operations,36,62090.0,3.14,6,No,2,2023,0
E00390,IT,42,41097.0,3.98,11,Yes,1,2021,0
E00391,Operations,35,70428.0,3.84,4,Yes,6,2025,0
E00392,Marketing,35,72697.0,4.14,13,No,6,2024,0
E00393,Finance,38,63665.0,2.96,12,Yes,1,2019,0
E00394,Sales,50,44565.0,2.14,9,No,7,2021,0
E00395,Finance,42,67783.0,3.02,2,No,5,2019,0
E00396,Operations,45,65976.0,3.45,14,Yes,0,2020,0
E00397,Finance,46,104697.0,3.0,2,No,4,2024,0
E00398,HR,22,62920.0,3.45,9,No,4,2019,0
E00399,Marketing,57,89334.0,3.49,8,No,3,2024,0
E00400,IT,46,44811.0,3.3,2,No,7,2021,0
E00401,Marketing,56,100090.0,3.59,6,Yes,7,2019,0
E00402,HR,31,33276.0,2.97,16,No,4,2018,0
E00403,HR,38,47388.0,3.67,0,No,7,2022,0
E00404,Marketing,42,80639.0,3.3,1,No,2,2026,0
E00405,Sales,31,73035.0,4.79,7,No,4,2021,1
E00406,HR,54,43413.0,4.4,16,No,4,2019,0
E00407,Operations,26,74964.0,3.78,13,No,0,2018,1
E00408,Operations,33,44984.0,3.09,2,Yes,7,2023,0
E00409,Operations,56,65071.0,2.72,4,No,0,2022,0
E00410,Marketing,40,41095.0,3.78,12,Yes,4,2026,0
E00411,IT,33,56873.0,3.38,10,No,3,2025,0
E00412,Sales,44,69409.0,3.58,12,No,1,2018,0
E00413,HR,51,51774.0,2.88,0,Yes,2,2022,0
E00414,Sales,39,57283.0,3.38,4,No,5,2018,0
E00415,Finance,29,66208.0,3.42,14,No,1,2023,0
E00416,Operations,26,80965.0,3.54,7,Yes,3,2024,1
E00417,Operations,30,39458.0,4.34,14,No,2,2025,0
E00418,Operations,30,84614.0,3.14,7,Yes,5,2018,1
E00419,Finance,26,109381.0,3.44,5,No,0,2024,0
E00420,Operations,56,69574.0,4.68,0,No,0,2022,1
E00421,Marketing,38,54466.0,4.02,10,Yes,0,2023,0
E00422,IT,57,76153.0,4.68,13,No,1,2019,0
E00423,Operations,38,38845.0,2.94,10,No,2,2022,0
E00424,Finance,21,70137.0,3.91,14,Yes,1,2018,0
E00425,Marketing,44,70717.0,3.97,1,Yes,2,2021,0
E00426,Operations,47,51723.0,3.84,17,No,6,2019,0
E00427,Operations,38,68642.0,4.49,11,No,6,2024,0
E00428,Operations,48,61609.0,1.87,17,Yes,6,2021,0
E00429,HR,40,68516.0,4.29,13,No,7,2026,0
E00430,Operations,34,60158.0,4.51,7,No,4,2023,0
E00431,Finance,41,53115.0,3.19,1,No,0,2019,0
E00432,Sales,25,65364.0,3.1,12,No,0,2022,0
E00433,Marketing,23,43438.0,4.5,8,Yes,6,2021,0
E00434,Marketing,41,68725.0,3.53,17,No,0,2018,0
E00435,Sales,40,77304.0,3.71,17,Yes,1,2022,0
E00436,Operations,56,67270.0,3.75,13,Yes,1,2019,0
E00437,Sales,32,68066.0,2.89,5,No,4,2025,0
E00438,Operations,43,68028.0,3.32,4,No,2,2022,0
E00439,Operations,36,50315.0,2.42,0,No,5,2022,0
E00440,IT,50,82361.0,3.33,11,No,1,2023,1
E00441,Operations,50,58287.0,2.84,2,Yes,1,2021,0
E00442,Sales,28,69248.0,3.01,15,No,5,2024,1
E00443,IT,31,83803.0,2.44,13,No,6,2020,0
E00444,Marketing,44,69031.0,4.69,9,No,7,2019,1
E00445,Sales,22,77965.0,3.8,17,No,3,2023,0
E00446,Operations,42,49560.0,3.59,0,Yes,0,2026,0
E00447,Sales,33,61364.0,2.64,15,No,6,2020,0
E00448,Operations,49,62263.0,3.17,17,No,6,2023,0
E00449,IT,38,79513.0,3.31,5,No,3,2025,1
E00450,Sales,29,48548.0,3.27,11,Yes,3,2022,0
E00451,IT,24,76209.0,3.1,11,Yes,6,2019,0
E00452,Sales,21,84214.0,3.27,13,No,1,2018,0
E00453,Finance,39,60149.0,3.97,15,No,0,2023,0
E00454,Finance,22,125677.0,3.39,9,Yes,5,2021,0
E00455,Sales,46,102623.0,3.41,5,No,4,2019,0
E00456,Operations,48,77864.0,3.55,6,No,1,2018,0
E00457,Marketing,21,57164.0,3.72,11,No,7,2022,0
E00458,IT,23,67609.0,2.96,15,No,4,2019,0
E00459,Operations,56,59536.0,4.02,1,Yes,3,2019,0
E00460,Sales,25,81177.0,3.61,5,No,3,2024,0
E00461,Sales,53,74710.0,3.63,15,No,3,2025,0
E00462,IT,36,85905.0,3.88,5,No,3,2020,0
E00463,Operations,54,81667.0,3.57,10,Yes,1,2026,0
E00464,Sales,50,61236.0,3.43,8,No,0,2019,0
E00465,Marketing,52,41067.0,2.36,13,Yes,4,2025,0
E00466,IT,21,84614.0,3.29,10,Yes,6,2021,1
E00467,Operations,29,66535.0,3.59,4,Yes,2,2018,0
E00468,Marketing,59,59290.0,3.19,11,No,2,2019,0
E00469,Sales,42,63510.0,3.09,4,No,7,2020,1
E00470,IT,35,66775.0,2.48,7,Yes,7,2022,0
E00471,Sales,53,70169.0,4.72,9,No,0,2022,0
E00472,Sales,48,53944.0,3.83,7,No,0,2025,0
E00473,Operations,41,96569.0,3.57,11,No,7,2019,0
E00474,Marketing,22,67111.0,3.6,5,No,2,2021,1
E00475,IT,32,66124.0,2.51,8,No,3,2019,0
E00476,Operations,28,80627.0,3.91,15,No,4,2026,0
E00477,IT,53,28000.0,4.43,7,No,7,2026,0
E00478,Sales,31,79046.0,4.04,12,No,1,2019,0
E00479,Operations,58,69975.0,3.22,9,No,0,2023,0
E00480,Marketing,38,80003.0,3.43,2,Yes,2,2020,1
E00481,Marketing,53,46858.0,4.18,16,No,6,2022,0
E00482,Sales,30,50869.0,4.8,16,No,3,2021,0
E00483,IT,48,56645.0,2.21,7,No,5,2019,0
E00484,Marketing,57,54496.0,3.71,17,No,7,2020,0
E00485,Finance,54,68872.0,2.82,5,No,7,2020,0
E00486,Finance,46,43205.0,4.5,17,Yes,2,2022,0
E00487,HR,34,105351.0,2.29,17,Yes,3,2023,1
E00488,Marketing,24,95118.0,3.64,13,No,6,2024,0
E00489,Marketing,51,56860.0,3.98,1,No,7,2026,0
E00490,Operations,53,46500.0,2.66,6,No,3,2018,0
E00491,Sales,24,80296.0,3.9,9,No,7,2024,0
E00492,Operations,31,96908.0,4.24,0,No,6,2021,0
E00493,Sales,60,87070.0,3.46,6,No,0,2020,0
E00494,Marketing,48,65289.0,3.01,8,No,1,2018,0
E00495,Sales,29,44077.0,3.21,9,No,3,2025,0
E00496,HR,41,63656.0,2.94,0,No,2,2024,0
E00497,Marketing,27,87353.0,3.6,10,Yes,1,2020,0
E00498,IT,57,82506.0,4.53,5,Yes,3,2020,0
E00499,Operations,30,69626.0,4.73,4,No,5,2020,0
E00500,Finance,23,35476.0,3.39,9,No,4,2026,1
E00501,IT,31,71093.0,4.85,9,No,6,2023,0
E00502,Finance,27,58103.0,4.03,13,Yes,6,2023,0
E00503,HR,25,75780.0,1.31,12,No,5,2025,0
E00504,Sales,41,68068.0,2.55,11,Yes,0,2019,0
E00505,Operations,53,97993.0,3.13,16,No,6,2022,0
E00506,Operations,37,76240.0,3.17,11,No,1,2022,0
E00507,IT,28,52002.0,2.75,15,No,6,2025,0
E00508,IT,57,56830.0,3.01,11,No,7,2025,0
E00509,IT,47,67253.0,3.13,12,Yes,5,2019,1
E00510,Sales,22,52926.0,4.19,4,Yes,3,2018,1
E00511,Marketing,44,38012.0,3.38,4,No,6,2025,0
E00512,Sales,37,107030.0,4.22,15,No,4,2019,0
E00513,Finance,35,49959.0,4.94,15,No,2,2021,0
E00514,Marketing,45,112801.0,3.3,1,No,3,2022,0
E00515,Marketing,33,61288.0,2.77,16,No,5,2021,0
E00516,HR,44,41664.0,1.68,3,No,5,2024,0
E00517,Finance,28,66562.0,2.72,8,No,2,2026,0
E00518,IT,21,62456.0,2.57,5,No,4,2022,0
E00519,Sales,37,75575.0,3.55,0,No,4,2020,0
E00520,Operations,42,67453.0,2.61,16,No,7,2023,0
E00521,Marketing,51,45709.0,3.22,9,No,3,2018,0
E00522,Finance,44,66041.0,3.28,0,No,2,2021,0
E00523,Marketing,37,51897.0,4.47,13,No,4,2022,0
E00524,Sales,42,59949.0,3.89,4,Yes,6,2026,0
E00525,Sales,34,64877.0,3.23,6,Yes,4,2020,0
E00526,Sales,59,68381.0,3.53,15,Yes,0,2019,0
E00527,IT,32,36249.0,4.51,17,No,3,2021,0
E00528,Sales,58,41325.0,2.85,0,No,1,2022,0
E00529,Operations,35,76639.0,3.17,4,No,6,2021,0
E00530,IT,24,72624.0,2.37,1,Yes,5,2025,0
E00531,Sales,34,85751.0,3.42,15,No,5,2018,0
E00532,Sales,40,48540.0,2.77,12,No,6,2023,0
E00533,Operations,55,101231.0,3.08,4,Yes,7,2024,0
E00534,Marketing,27,29983.0,3.51,2,No,4,2025,0
E00535,IT,23,78683.0,2.46,6,No,4,2023,0
E00536,Operations,35,89280.0,4.18,3,No,3,2023,0
E00537,Sales,55,59710.0,3.68,4,No,0,2025,0
E00538,Marketing,27,51571.0,3.36,3,No,1,2024,0
E00539,Sales,35,67987.0,2.47,15,No,4,2023,0
E00540,Sales,29,64343.0,4.63,7,Yes,6,2025,0
E00541,HR,38,58992.0,2.03,12,No,1,2020,0
E00542,Operations,42,74107.0,4.08,4,Yes,7,2024,0
E00543,IT,26,98114.0,3.59,8,No,2,2024,1
E00544,Operations,48,62727.0,3.92,10,Yes,6,2023,0
E00545,Finance,27,73863.0,3.02,7,No,6,2025,0
E00546,Sales,34,98848.0,2.95,15,No,3,2021,0
E00547,Operations,40,77460.0,2.87,0,No,6,2021,0
E00548,Operations,27,104159.0,3.9,10,No,1,2024,0
E00549,Sales,52,44997.0,3.65,9,No,0,2026,0
E00550,Operations,55,42836.0,3.01,15,No,0,2022,0
E00551,IT,36,37810.0,4.01,2,No,6,2023,0
E00552,Sales,43,80200.0,2.85,8,Yes,0,2024,0
E00553,Sales,25,54968.0,3.11,8,No,6,2020,0
E00554,Operations,51,81520.0,3.93,9,No,1,2025,0
E00555,Sales,40,60621.0,3.59,8,Yes,2,2025,0
E00556,Operations,36,71041.0,3.67,6,No,6,2020,0
E00557,Operations,58,46697.0,4.08,11,No,5,2026,0
E00558,Operations,39,87930.0,4.87,6,No,0,2020,0
E00559,IT,25,52144.0,3.33,1,No,0,2024,0
E00560,HR,37,93817.0,1.22,16,No,0,2024,0
E00561,Operations,58,58231.0,3.73,9,No,4,2023,0
E00562,IT,23,61702.0,3.84,0,No,1,2023,0
E00563,Marketing,44,68809.0,3.13,12,Yes,4,2018,0
E00564,Sales,37,74245.0,3.24,3,No,4,2024,0
E00565,Operations,39,82243.0,2.54,16,No,1,2024,0
E00566,Sales,37,55472.0,3.56,11,No,1,2024,0
E00567,Marketing,34,57873.0,2.58,5,Yes,0,2020,0
E00568,Operations,42,59115.0,2.72,4,Yes,7,2024,0
E00569,Marketing,49,50818.0,4.08,2,No,1,2019,0
E00570,HR,48,72375.0,2.89,6,No,2,2020,0
E00571,Finance,31,51194.0,3.32,2,No,7,2023,0
E00572,IT,34,63962.0,3.3,8,No,6,2019,0
E00573,Sales,26,82204.0,3.3,1,No,5,2024,0
E00574,Sales,49,74187.0,3.09,4,No,2,2018,0
E00575,Operations,36,58989.0,4.0,2,Yes,0,2026,1
E00576,Finance,43,90674.0,3.11,5,No,2,2022,0
E00577,Sales,48,59005.0,2.51,15,No,6,2026,0
E00578,Finance,34,59929.0,2.84,2,No,7,2023,0
E00579,Operations,40,90867.0,4.16,16,No,4,2025,0
E00580,Marketing,24,97931.0,3.2,14,No,1,2021,0
E00581,IT,40,46267.0,3.9,17,No,6,2020,0
E00582,IT,50,108704.0,3.51,4,Yes,2,2023,0
E00583,Marketing,39,66365.0,3.43,16,No,1,2025,0
E00584,Marketing,41,70086.0,3.37,8,No,4,2026,0
E00585,HR,43,76404.0,3.17,11,No,4,2024,0
E00586,Sales,56,59676.0,3.17,3,No,3,2024,0
E00587,Operations,50,45793.0,1.91,1,No,6,2025,0
E00588,IT,41,86301.0,3.01,0,No,4,2021,0
E00589,Marketing,51,33072.0,3.28,17,Yes,0,2025,0
E00590,Finance,46,59623.0,3.39,3,No,0,2025,0
E00591,IT,55,60132.0,2.44,16,No,6,2024,0
E00592,Sales,58,69595.0,3.95,7,No,5,2023,0
E00593,Sales,30,80345.0,2.45,15,No,3,2021,0
E00594,Marketing,26,86551.0,2.93,15,No,7,2026,0
E00595,Sales,29,44865.0,3.39,0,Yes,3,2020,0
E00596,Finance,56,88856.0,2.96,4,Yes,2,2021,0
E00597,Sales,51,40207.0,4.11,1,No,1,2018,0
E00598,Marketing,51,55571.0,2.9,9,No,1,2026,0
E00599,IT,35,115092.0,3.4,17,Yes,1,2018,0
E00600,Sales,37,82020.0,2.28,14,Yes,5,2022,0
E00601,Sales,28,85348.0,3.52,13,Yes,6,2024,0
E00602,Operations,38,76791.0,4.55,17,Yes,3,2019,0
E00603,Operations,27,106945.0,3.45,7,No,1,2020,0
E00604,HR,41,101304.0,3.44,6,Yes,1,2024,1
E00605,Operations,60,76482.0,3.67,14,Yes,5,2023,0
E00606,HR,36,62925.0,2.58,9,No,1,2020,1
E00607,Operations,56,53865.0,3.4,17,No,3,2025,0
E00608,HR,48,57289.0,3.57,11,No,4,2020,0
E00609,Operations,31,69626.0,3.58,11,No,2,2018,0
E00610,HR,29,55621.0,4.57,14,Yes,3,2026,0
E00611,Sales,41,73964.0,2.8,12,Yes,7,2020,0
E00612,Marketing,38,86962.0,3.92,10,Yes,1,2020,0
E00613,Sales,55,76876.0,2.59,13,No,7,2025,0
E00614,Marketing,22,55289.0,4.22,11,No,2,2025,0
E00615,IT,48,78608.0,3.42,1,Yes,0,2022,0
E00616,Marketing,41,68941.0,4.34,12,No,5,2026,0
E00617,IT,52,69320.0,2.28,10,No,7,2023,0
E00618,IT,59,38723.0,5.0,2,No,7,2019,0
E00619,Sales,49,57109.0,3.8,1,No,2,2025,0
E00620,HR,41,60186.0,4.33,15,Yes,2,2025,0
E00621,HR,48,46866.0,2.11,13,Yes,6,2024,1
E00622,Sales,49,51515.0,3.44,14,No,5,2024,0
E00623,HR,21,58381.0,2.4,17,No,4,2026,0
E00624,Sales,53,69519.0,3.07,16,No,5,2019,0
E00625,Operations,55,61945.0,1.65,12,Yes,0,2020,0
E00626,Operations,38,90137.0,3.63,8,No,5,2026,0
E00627,IT,48,63138.0,3.63,9,No,4,2026,1
E00628,Marketing,21,60520.0,5.0,7,Yes,1,2018,0
E00629,IT,51,92467.0,3.48,5,Yes,1,2025,0
E00630,IT,47,83985.0,4.08,1,No,7,2023,0
E00631,Marketing,31,81323.0,3.72,7,No,0,2020,0
E00632,Marketing,54,60875.0,1.85,10,No,0,2023,0
E00633,Finance,58,63898.0,3.23,7,No,2,2020,0
E00634,Marketing,58,68969.0,4.65,12,No,3,2024,0
E00635,Sales,49,80516.0,2.48,3,Yes,4,2026,0
E00636,HR,59,50247.0,4.09,1,No,7,2023,0
E00637,Sales,42,93563.0,3.94,17,No,0,2025,0
E00638,Sales,47,36577.0,4.22,5,No,7,2024,0
E00639,Marketing,26,62278.0,3.03,1,No,3,2024,0
E00640,Sales,57,100850.0,3.61,2,Yes,7,2022,0
E00641,Sales,34,62252.0,3.05,0,Yes,5,2024,1
E00642,Sales,21,72225.0,3.18,8,No,1,2025,0
E00643,Marketing,51,57166.0,5.0,3,No,2,2020,0
E00644,Finance,41,85557.0,3.83,13,No,2,2020,0
E00645,Marketing,30,99876.0,3.81,0,No,5,2023,0
E00646,IT,31,68073.0,3.18,0,Yes,0,2026,0
E00647,Operations,27,54927.0,2.43,10,No,0,2025,1
E00648,Marketing,24,99418.0,2.76,12,Yes,2,2020,1
E00649,Sales,24,99028.0,3.17,16,No,2,2018,0
E00650,IT,40,71335.0,3.15,8,No,1,2020,0
E00651,Finance,30,89582.0,4.09,6,No,0,2026,0
E00652,IT,51,33114.0,3.79,3,No,7,2024,0
E00653,Finance,22,57251.0,4.1,4,Yes,5,2024,0
E00654,Operations,49,58360.0,4.2,13,No,7,2019,0
E00655,Operations,38,62248.0,3.3,5,No,2,2020,0
E00656,Marketing,46,46243.0,2.91,13,No,2,2021,0
E00657,Finance,31,81925.0,4.85,11,No,0,2019,0
E00658,Sales,52,52731.0,4.06,4,Yes,7,2019,0
E00659,IT,37,72259.0,4.19,3,No,1,2023,0
E00660,Sales,34,59130.0,2.79,7,No,0,2018,0
E00661,Sales,58,64942.0,1.2,0,No,1,2021,0
E00662,Finance,59,74675.0,3.54,17,No,2,2024,0
E00663,Finance,57,68565.0,4.78,1,No,2,2022,0
E00664,IT,25,32538.0,4.36,6,No,3,2022,0
E00665,Sales,60,65386.0,2.78,6,No,2,2022,0
E00666,Finance,35,76906.0,3.18,1,Yes,4,2025,0
E00667,Finance,32,38229.0,1.82,15,No,1,2024,0
E00668,Finance,25,64044.0,2.06,0,Yes,4,2019,1
E00669,Operations,46,76399.0,3.55,6,Yes,7,2021,0
E00670,Sales,52,71985.0,4.19,2,No,0,2018,0
E00671,Sales,49,39166.0,2.79,9,Yes,2,2021,0
E00672,IT,38,49862.0,3.03,2,No,2,2019,0
E00673,Marketing,49,84624.0,3.79,17,No,2,2020,0
E00674,IT,29,64783.0,3.78,4,No,1,2025,0
E00675,IT,28,76983.0,4.1,1,Yes,1,2018,1
E00676,Marketing,54,71400.0,3.47,8,Yes,7,2018,1
E00677,Operations,49,76070.0,3.6,4,No,0,2018,0
E00678,Sales,48,78715.0,1.72,8,No,0,2023,1
E00679,Sales,47,71753.0,2.55,10,No,7,2026,0
E00680,Sales,58,93612.0,3.52,12,No,0,2018,1
E00681,Sales,60,49902.0,2.57,10,Yes,3,2019,0
E00682,Operations,39,70599.0,2.56,10,No,2,2019,0
E00683,HR,42,49927.0,3.86,1,No,7,2019,0
E00684,Sales,41,74190.0,2.94,1,Yes,2,2024,0
E00685,Sales,26,65309.0,3.42,3,No,0,2019,0
E00686,Marketing,31,49098.0,1.83,2,Yes,2,2026,1
E00687,Operations,42,72516.0,2.17,14,No,5,2026,0
E00688,Marketing,57,75024.0,3.99,17,Yes,7,2022,0
E00689,Sales,55,68017.0,3.67,8,No,3,2023,0
E00690,HR,36,34614.0,3.58,15,No,3,2021,0
E00691,Sales,28,85804.0,2.63,2,No,5,2018,0
E00692,Sales,32,53837.0,4.04,13,Yes,7,2020,0
E00693,Operations,41,77143.0,3.06,4,No,2,2026,0
E00694,Operations,56,30043.0,2.36,3,No,3,2024,1
E00695,Finance,50,47456.0,2.07,6,No,6,2026,0
E00696,Operations,28,78473.0,1.54,4,No,1,2024,0
E00697,Marketing,53,50092.0,3.64,8,No,5,2019,0
E00698,Finance,25,52626.0,3.38,3,No,5,2018,0
E00699,Marketing,26,64979.0,5.0,5,Yes,4,2019,0
E00700,Marketing,38,52708.0,3.93,15,No,1,2026,0
E00701,IT,41,88661.0,3.49,9,No,0,2021,0
E00702,Sales,24,71653.0,3.57,6,No,3,2026,0
E00703,IT,22,81843.0,3.65,8,Yes,4,2018,0
E00704,Finance,56,52852.0,2.63,10,No,2,2024,0
E00705,Marketing,44,67347.0,3.24,1,No,6,2019,0
E00706,Marketing,40,80237.0,3.65,8,No,3,2024,0
E00707,Sales,22,72316.0,3.69,2,Yes,0,2026,0
E00708,Sales,26,50006.0,2.87,9,Yes,3,2026,0
E00709,Marketing,46,73266.0,4.03,6,No,2,2024,0
E00710,Marketing,25,82379.0,3.73,3,No,2,2019,0
E00711,Sales,23,75904.0,3.15,11,No,2,2020,0
E00712,Marketing,56,50509.0,3.87,11,No,5,2020,0
E00713,Operations,41,72816.0,3.55,4,No,7,2025,0
E00714,Finance,49,64285.0,2.67,16,No,7,2024,0
E00715,Marketing,33,76409.0,4.86,11,No,4,2024,1
E00716,IT,26,28000.0,3.19,0,No,1,2025,0
E00717,Operations,48,90255.0,3.71,10,No,2,2025,0
E00718,Sales,21,32827.0,4.58,2,Yes,0,2020,0
E00719,Sales,52,75441.0,3.4,8,Yes,7,2025,1
E00720,Sales,30,41740.0,3.98,11,Yes,3,2022,0
E00721,IT,50,47938.0,2.61,16,No,0,2026,1
E00722,Sales,26,87487.0,3.27,16,No,7,2026,0
E00723,Operations,31,100157.0,3.24,8,No,7,2018,0
E00724,Marketing,47,55768.0,2.92,1,No,5,2025,0
E00725,Sales,38,67706.0,2.26,14,No,2,2020,1
E00726,IT,52,76311.0,3.01,2,Yes,4,2021,1
E00727,IT,46,76917.0,4.36,1,No,1,2019,1
E00728,Sales,29,87263.0,3.85,8,No,3,2025,0
E00729,IT,45,48568.0,3.04,5,No,7,2023,0
E00730,IT,41,63847.0,2.23,2,Yes,7,2018,0
E00731,Operations,53,61592.0,2.45,6,No,7,2022,0
E00732,Sales,41,37828.0,3.07,13,No,1,2019,0
E00733,Marketing,37,65231.0,3.24,13,No,5,2021,0
E00734,Finance,28,62914.0,3.81,9,No,2,2021,0
E00735,Operations,57,80192.0,3.96,17,No,0,2021,0
E00736,Marketing,33,61705.0,1.88,1,No,4,2021,0
E00737,Operations,41,87363.0,3.27,10,No,1,2021,0
E00738,IT,26,71575.0,2.98,9,Yes,7,2022,1
E00739,Operations,29,80229.0,3.05,9,No,1,2023,0
E00740,Marketing,32,88246.0,4.02,3,Yes,1,2021,1
E00741,Sales,59,28000.0,3.6,10,Yes,0,2020,0
E00742,Sales,48,80652.0,2.52,15,No,7,2022,0
E00743,Finance,56,82561.0,3.03,10,Yes,7,2021,1
E00744,Sales,54,94184.0,2.61,5,Yes,6,2022,0
E00745,Operations,42,28000.0,1.95,0,No,5,2020,0
E00746,Sales,60,85330.0,3.02,1,No,4,2020,0
E00747,Sales,23,41973.0,3.41,7,Yes,5,2018,0
E00748,Marketing,32,76662.0,4.83,12,Yes,0,2023,1
E00749,Sales,43,92059.0,3.34,10,Yes,1,2025,0
E00750,Marketing,47,41446.0,5.0,4,No,4,2024,0
E00751,Sales,59,67637.0,3.12,2,No,4,2020,0
E00752,Finance,34,79547.0,3.43,4,No,2,2022,0
E00753,HR,26,102833.0,4.79,12,No,2,2026,0
E00754,IT,40,56577.0,3.37,5,No,2,2018,0
E00755,Sales,37,57422.0,2.25,8,No,1,2023,0
E00756,Sales,21,61426.0,3.37,11,No,3,2021,0
E00757,Marketing,46,65635.0,3.81,1,No,3,2021,0
E00758,IT,30,41983.0,4.09,14,No,2,2021,0
E00759,HR,30,96170.0,1.84,2,No,2,2025,0
E00760,Finance,53,81548.0,3.27,17,No,5,2025,0
E00761,Marketing,45,35320.0,3.53,6,No,2,2021,0
E00762,HR,29,45174.0,3.76,4,No,4,2018,0
E00763,Sales,59,73425.0,4.21,10,No,0,2021,0
E00764,HR,21,56707.0,3.78,16,No,3,2023,0
E00765,Sales,56,45435.0,3.22,3,No,0,2022,0
E00766,IT,28,57632.0,3.72,0,Yes,1,2022,0
E00767,Sales,53,58939.0,4.25,1,No,5,2026,0
E00768,HR,55,66049.0,2.37,0,Yes,2,2025,0
E00769,Sales,47,70682.0,3.94,16,No,2,2022,0
E00770,Operations,57,88048.0,2.42,13,No,7,2018,0
E00771,Finance,39,55793.0,3.75,15,No,5,2024,0
E00772,Sales,53,90674.0,2.26,10,No,7,2024,0
E00773,Marketing,35,46159.0,3.47,5,Yes,2,2018,0
E00774,Finance,34,58915.0,3.01,9,No,5,2019,0
E00775,Sales,25,36799.0,3.14,9,Yes,2,2018,0
E00776,Finance,22,83135.0,3.14,5,No,1,2019,0
E00777,Operations,51,91375.0,4.16,10,Yes,6,2022,0
E00778,IT,40,48406.0,3.1,17,No,0,2024,1
E00779,Sales,30,57960.0,2.11,15,No,7,2026,1
E00780,Sales,32,87247.0,3.1,17,Yes,0,2018,0
E00781,Finance,25,65274.0,3.57,16,No,4,2025,0
E00782,IT,37,75655.0,3.52,2,No,1,2019,0
E00783,Finance,45,78307.0,2.68,9,Yes,6,2021,0
E00784,Operations,40,76757.0,4.2,9,No,5,2024,0
E00785,HR,49,52332.0,2.5,9,Yes,1,2024,0
E00786,Sales,38,60390.0,3.0,16,No,1,2022,0
E00787,IT,35,79350.0,3.41,10,Yes,7,2021,0
E00788,Sales,56,40333.0,1.74,2,Yes,2,2018,0
E00789,Finance,46,63605.0,3.3,15,No,4,2020,0
E00790,Sales,55,84950.0,4.26,14,Yes,3,2018,0
E00791,Marketing,58,90512.0,2.4,8,No,7,2026,0
E00792,HR,34,46517.0,3.65,16,No,7,2018,1
E00793,Operations,36,86815.0,5.0,13,No,3,2020,0
E00794,Finance,34,93815.0,3.08,8,No,1,2024,0
E00795,IT,28,60118.0,3.92,16,Yes,4,2018,0
E00796,IT,47,84152.0,5.0,10,No,2,2019,0
E00797,Operations,53,74035.0,3.45,5,No,5,2024,0
E00798,Sales,26,78835.0,3.06,2,No,5,2020,0
E00799,Operations,51,98305.0,4.13,10,No,2,2024,0
E00800,Operations,34,51873.0,2.27,9,Yes,2,2024,0
E00801,Operations,56,61323.0,5.0,14,No,5,2018,0
E00802,Sales,45,64213.0,2.81,8,Yes,6,2025,1
E00803,IT,52,65661.0,1.82,17,No,1,2024,0
E00804,Marketing,53,47405.0,3.05,8,Yes,5,2026,0
E00805,Operations,31,61667.0,4.24,0,No,2,2022,0
E00806,Finance,45,80606.0,4.5,16,No,4,2025,0
E00807,IT,23,86492.0,2.67,8,Yes,6,2025,0
E00808,Sales,57,55736.0,4.16,9,No,4,2021,0
E00809,Operations,57,66717.0,2.69,11,Yes,1,2018,0
E00810,Sales,49,89348.0,4.15,8,Yes,3,2024,0
E00811,Sales,42,49912.0,4.41,8,No,1,2021,0
E00812,Operations,28,69294.0,3.0,1,Yes,5,2023,0
E00813,Sales,38,60391.0,2.66,4,Yes,1,2019,0
E00814,Operations,58,46705.0,4.41,6,Yes,7,2021,0
E00815,Finance,60,78417.0,3.43,4,No,5,2022,1
E00816,Finance,54,46118.0,3.82,4,No,5,2026,0
E00817,IT,26,67098.0,4.24,13,No,0,2025,0
E00818,IT,44,63118.0,4.32,1,No,0,2022,0
E00819,Sales,22,44042.0,1.95,10,No,7,2020,0
E00820,Finance,44,66143.0,3.71,12,No,0,2023,0
E00821,IT,21,73915.0,3.22,0,No,7,2024,0
E00822,IT,60,56388.0,3.72,7,No,5,2020,0
E00823,Finance,22,81775.0,3.87,10,No,4,2023,0
E00824,Operations,58,98234.0,3.83,10,No,6,2023,0
E00825,IT,36,58315.0,3.9,7,Yes,7,2023,0
E00826,Marketing,28,70361.0,2.23,4,No,5,2018,0
E00827,Operations,35,71853.0,3.33,14,No,3,2021,0
E00828,Sales,55,51720.0,2.37,1,No,1,2018,0
E00829,Operations,48,70662.0,3.45,7,Yes,7,2020,0
E00830,Marketing,25,80024.0,4.79,6,No,7,2025,0
E00831,Operations,42,62224.0,4.28,4,No,5,2023,0
E00832,IT,35,73349.0,3.66,6,No,0,2020,0
E00833,Sales,28,63612.0,2.93,10,No,5,2018,1
E00834,Operations,44,101602.0,2.53,13,No,7,2025,1
E00835,Finance,51,70716.0,3.96,3,No,5,2024,0
E00836,Marketing,35,64298.0,3.15,6,No,5,2019,0
E00837,Finance,22,48418.0,3.49,0,No,6,2019,0
E00838,IT,38,49552.0,3.19,11,No,1,2018,0
E00839,Operations,48,71345.0,2.96,14,Yes,6,2026,1
E00840,Operations,57,63916.0,2.47,16,Yes,5,2024,0
E00841,Operations,57,47263.0,3.58,6,No,6,2025,0
E00842,Operations,36,58131.0,2.52,1,No,1,2024,1
E00843,Sales,38,66915.0,4.45,3,No,0,2019,0
E00844,IT,26,59885.0,2.65,4,No,7,2023,0
E00845,Marketing,54,65941.0,4.11,1,No,5,2018,0
E00846,HR,29,82624.0,3.06,16,No,3,2026,0
E00847,Operations,39,92449.0,3.84,1,Yes,0,2018,1
E00848,Sales,51,78066.0,3.44,8,No,4,2019,0
E00849,Operations,25,49925.0,3.37,15,No,3,2021,0
E00850,Finance,26,50213.0,3.06,9,Yes,1,2021,1
E00851,Operations,23,64110.0,3.51,13,No,0,2023,0
E00852,Sales,35,58095.0,2.86,3,No,1,2026,0
E00853,Finance,23,64216.0,3.03,14,No,1,2021,0
E00854,IT,31,64598.0,3.37,7,No,1,2018,0
E00855,IT,53,78030.0,2.88,4,No,0,2025,0
E00856,Marketing,30,56952.0,4.38,17,Yes,3,2020,0
E00857,Sales,38,71792.0,3.28,13,No,5,2023,0
E00858,IT,57,98013.0,3.55,12,No,3,2025,0
E00859,Operations,57,52539.0,3.02,4,No,7,2021,0
E00860,Operations,31,81861.0,2.71,4,No,1,2021,0
E00861,Sales,43,71422.0,2.83,12,No,1,2023,0
E00862,Sales,55,85065.0,3.05,15,No,5,2020,0
E00863,Operations,52,67880.0,4.25,6,Yes,6,2018,0
E00864,Operations,56,75431.0,3.33,2,Yes,7,2025,0
E00865,Operations,33,79614.0,3.84,15,Yes,6,2024,1
E00866,Marketing,26,35472.0,4.54,13,No,6,2022,1
E00867,IT,27,44119.0,2.99,10,No,7,2020,0
E00868,Finance,56,78767.0,2.66,12,No,1,2020,1
E00869,Sales,34,37442.0,2.99,7,No,1,2018,0
E00870,Operations,58,65818.0,3.09,1,Yes,5,2023,0
E00871,IT,58,81284.0,1.95,8,No,0,2023,1
E00872,Finance,26,59781.0,2.82,8,No,4,2023,0
E00873,Operations,38,57897.0,3.01,14,Yes,4,2023,0
E00874,Marketing,32,70639.0,1.42,14,No,4,2020,0
E00875,HR,38,78142.0,3.05,1,No,5,2021,0
E00876,Finance,22,42984.0,3.84,17,No,1,2021,0
E00877,Marketing,35,77930.0,3.36,6,No,0,2022,0
E00878,Operations,32,34315.0,2.77,3,Yes,4,2026,0
E00879,Marketing,36,80054.0,2.74,11,No,1,2023,0
E00880,Marketing,25,75607.0,3.57,16,No,7,2025,0
E00881,Finance,28,52451.0,3.6,14,Yes,5,2023,0
E00882,HR,31,78605.0,3.56,8,No,2,2021,0
E00883,IT,41,45638.0,3.26,14,Yes,3,2024,0
E00884,IT,40,55621.0,4.19,13,No,3,2020,0
E00885,IT,47,33325.0,3.06,8,No,4,2022,0
E00886,IT,50,54044.0,2.56,11,No,2,2024,1
E00887,Operations,36,71024.0,4.57,16,No,5,2026,0
E00888,Marketing,27,66209.0,3.13,11,No,5,2024,0
E00889,Finance,55,66569.0,3.25,6,No,6,2019,0
E00890,Operations,48,65793.0,2.74,17,No,0,2020,0
E00891,Operations,60,56579.0,4.16,7,Yes,3,2025,1
E00892,IT,33,71646.0,3.55,8,No,3,2023,0
E00893,Operations,43,66547.0,3.77,3,No,5,2019,0
E00894,Operations,25,57762.0,3.33,8,No,7,2025,0
E00895,IT,37,96857.0,4.25,14,Yes,3,2019,0
E00896,Operations,35,39287.0,3.63,11,No,7,2021,0
E00897,IT,52,60696.0,2.72,4,No,7,2019,1
E00898,Finance,31,61970.0,3.01,14,Yes,0,2020,0
E00899,Operations,54,64779.0,4.2,4,No,5,2022,0
E00900,Sales,60,59324.0,2.23,6,No,1,2021,0
E00901,IT,29,98819.0,4.01,5,No,2,2023,0
E00902,Operations,26,89809.0,3.51,14,No,7,2022,0
E00903,Marketing,55,74651.0,2.29,1,No,7,2022,0
E00904,Marketing,33,54284.0,3.54,10,No,4,2019,0
E00905,Operations,29,40341.0,2.54,16,No,5,2018,0
E00906,IT,60,85864.0,2.02,7,No,2,2023,0
E00907,Operations,39,71819.0,3.66,9,No,1,2023,0
E00908,Sales,32,52453.0,3.76,0,No,7,2020,0
E00909,Sales,29,46938.0,3.72,7,No,6,2020,0
E00910,IT,23,71873.0,4.0,2,No,3,2019,0
E00911,IT,34,85112.0,3.45,11,No,4,2022,0
E00912,IT,43,83390.0,2.59,4,No,6,2024,0
E00913,Marketing,59,81464.0,4.29,16,Yes,0,2020,0
E00914,Marketing,34,80487.0,3.96,7,Yes,1,2026,0
E00915,Sales,26,56855.0,4.26,8,No,5,2019,0
E00916,Sales,44,48999.0,3.17,9,No,2,2025,0
E00917,IT,52,37504.0,4.2,11,Yes,1,2021,0
E00918,Finance,42,87354.0,3.92,3,No,2,2023,0
E00919,IT,31,73467.0,4.81,1,No,4,2024,0
E00920,Finance,21,54323.0,2.85,12,No,5,2024,1
E00921,Operations,55,67094.0,4.12,9,No,4,2024,0
E00922,Marketing,32,57071.0,3.17,1,No,5,2025,0
E00923,Sales,21,64958.0,2.73,3,Yes,5,2023,0
E00924,Sales,54,78943.0,3.22,11,No,3,2022,0
E00925,Operations,50,89820.0,3.4,11,Yes,5,2020,0
E00926,IT,25,65398.0,2.75,6,No,4,2026,0
E00927,Operations,46,54733.0,3.04,11,No,1,2018,1
E00928,Operations,22,46661.0,4.0,0,No,1,2021,0
E00929,Finance,39,65675.0,2.47,12,Yes,3,2019,0
E00930,Operations,30,28499.0,2.98,3,Yes,4,2022,0
E00931,Marketing,30,46092.0,2.83,16,No,4,2019,0
E00932,Marketing,38,58647.0,2.48,16,No,7,2024,0
E00933,Sales,32,53193.0,2.44,11,Yes,2,2021,0
E00934,IT,36,89358.0,3.0,12,No,7,2019,0
E00935,Sales,34,49443.0,4.08,2,Yes,5,2022,0
E00936,Sales,48,86859.0,3.74,11,No,7,2018,0
E00937,Marketing,44,65478.0,2.9,1,No,3,2018,0
E00938,Sales,25,65784.0,2.95,7,No,1,2019,0
E00939,HR,21,59108.0,2.56,15,Yes,2,2022,0
E00940,Marketing,23,65004.0,2.7,11,No,0,2020,0
E00941,Finance,28,76939.0,3.2,8,No,2,2021,0
E00942,Sales,28,72242.0,3.63,17,No,5,2025,0
E00943,Sales,23,51884.0,4.24,15,No,6,2018,1
E00944,Operations,43,80541.0,3.92,16,No,4,2018,0
E00945,IT,46,42600.0,1.98,2,No,3,2019,0
E00946,HR,40,86486.0,2.71,15,No,3,2026,0
E00947,IT,36,62434.0,3.17,14,No,2,2026,0
E00948,Sales,22,68552.0,3.02,2,Yes,4,2024,0
E00949,Finance,46,76909.0,4.41,10,Yes,7,2025,0
E00950,Marketing,34,62286.0,3.97,15,No,7,2018,0
E00951,Operations,24,104619.0,4.04,17,No,6,2023,0
E00952,Finance,60,30654.0,2.17,3,No,7,2023,0
E00953,Finance,40,94216.0,5.0,5,No,3,2023,0
E00954,Operations,22,72572.0,2.53,14,No,2,2024,0
E00955,IT,23,66350.0,2.19,8,Yes,2,2019,1
E00956,Operations,55,80266.0,2.82,2,No,5,2023,0
E00957,IT,50,28423.0,2.85,15,No,4,2021,0
E00958,Finance,28,67949.0,3.81,8,No,5,2022,0
E00959,Operations,59,50235.0,3.19,5,No,7,2023,0
E00960,IT,25,39567.0,2.97,6,No,7,2018,0
E00961,IT,23,70845.0,2.81,9,Yes,6,2018,0
E00962,Operations,34,66367.0,2.77,9,Yes,6,2026,0
E00963,Marketing,23,79058.0,4.66,0,No,5,2024,0
E00964,IT,27,84675.0,4.15,10,No,4,2019,0
E00965,Finance,51,66024.0,2.59,12,No,4,2025,0
E00966,IT,31,42890.0,4.5,7,No,0,2018,0
E00967,Sales,37,52823.0,3.29,3,Yes,5,2023,0
E00968,Marketing,42,48460.0,4.07,9,No,2,2024,0
E00969,Marketing,51,60714.0,3.23,8,No,6,2021,0
E00970,Marketing,53,44358.0,3.75,0,No,1,2021,0
E00971,Sales,44,74470.0,3.2,9,No,4,2018,0
E00972,Operations,28,75330.0,1.81,14,No,6,2025,0
E00973,IT,21,88578.0,4.3,0,No,3,2022,0
E00974,Sales,25,42975.0,3.81,5,No,6,2019,0
E00975,IT,57,43166.0,2.77,10,No,4,2020,0
E00976,Operations,24,69934.0,2.33,13,No,5,2021,0
E00977,HR,37,33459.0,3.8,17,No,6,2022,1
E00978,Sales,58,95822.0,3.39,12,No,3,2026,0
E00979,Finance,22,58186.0,3.9,12,No,1,2023,0
E00980,Operations,37,58136.0,4.24,0,No,1,2018,0
E00981,HR,45,70689.0,2.49,5,No,0,2022,0
E00982,IT,31,50942.0,3.55,6,No,4,2020,0
E00983,Operations,53,64410.0,3.67,4,No,2,2022,0
E00984,IT,26,62158.0,4.14,10,No,5,2020,0
E00985,Marketing,50,43163.0,2.18,15,No,6,2020,0
E00986,Marketing,23,53711.0,3.26,9,Yes,0,2022,0
E00987,Operations,57,50107.0,2.68,6,No,3,2019,0
E00988,Operations,56,65251.0,3.13,5,Yes,2,2023,0
E00989,Operations,41,74533.0,2.82,10,No,1,2019,1
E00990,IT,23,46457.0,2.54,17,No,7,2026,0
E00991,IT,35,88929.0,3.14,10,No,3,2026,0
E00992,IT,25,79597.0,3.81,15,No,4,2024,0
E00993,Operations,42,50614.0,3.06,15,No,1,2026,0
E00994,Marketing,26,49835.0,3.49,15,Yes,6,2023,0
E00995,Operations,38,32464.0,3.56,2,No,3,2020,0
E00996,Sales,37,54039.0,4.05,7,Yes,0,2026,0
E00997,Marketing,38,60860.0,3.42,15,Yes,4,2024,0
E00998,Sales,38,68784.0,2.97,12,No,2,2021,0
E00999,Finance,28,62627.0,2.9,7,No,0,2024,0
E01000,Sales,45,69150.0,2.24,0,No,5,2026,0
E01001,IT,56,63991.0,3.03,4,No,2,2024,0
E01002,IT,39,36445.0,4.96,10,No,1,2019,0
E01003,IT,53,59120.0,3.45,7,Yes,0,2019,0
E01004,Marketing,46,28000.0,2.66,8,No,4,2021,0
E01005,Sales,48,79334.0,2.34,1,No,0,2022,1
E01006,Marketing,58,78522.0,3.65,12,Yes,3,2025,0
E01007,Marketing,34,75000.0,4.08,3,No,6,2025,0
E01008,Operations,30,71093.0,3.34,9,Yes,4,2024,0
E01009,Sales,41,81455.0,4.67,12,No,2,2026,0
E01010,IT,33,65506.0,3.47,6,No,5,2022,0
E01011,Marketing,46,36082.0,3.13,10,No,1,2020,0
E01012,Sales,43,62344.0,3.72,16,No,2,2023,0
E01013,Finance,33,61248.0,3.68,2,No,7,2022,0
E01014,Finance,26,70662.0,3.55,0,No,7,2025,0
E01015,Sales,37,80185.0,3.3,16,Yes,1,2023,0
E01016,IT,33,54681.0,2.41,0,No,1,2019,0
E01017,Sales,27,81449.0,3.33,17,No,6,2020,0
E01018,Operations,34,56733.0,3.75,14,No,6,2024,0
E01019,Sales,49,88215.0,4.18,4,No,3,2018,0
E01020,IT,50,69299.0,4.24,5,No,4,2023,0
E01021,HR,48,76271.0,4.15,6,No,1,2023,0
E01022,Sales,24,69870.0,3.56,14,No,6,2020,0
E01023,Marketing,40,54203.0,3.83,5,No,7,2019,0
E01024,Operations,21,68250.0,3.47,14,No,7,2023,0
E01025,Marketing,21,42912.0,3.86,17,No,1,2021,0
E01026,Marketing,46,78640.0,3.02,16,No,0,2018,0
E01027,Finance,25,74350.0,2.64,10,Yes,3,2018,0
E01028,Operations,60,56601.0,2.65,1,No,7,2020,0
E01029,IT,30,82972.0,3.8,0,No,0,2024,0
E01030,Marketing,26,34553.0,3.59,7,No,5,2024,0
E01031,IT,48,42802.0,2.28,4,No,2,2025,0
E01032,Operations,31,93580.0,3.12,14,Yes,7,2026,0
E01033,Operations,33,40830.0,4.25,7,No,6,2024,0
E01034,Marketing,60,91818.0,3.39,10,No,7,2023,0
E01035,Marketing,52,52446.0,3.79,12,Yes,5,2018,0
E01036,Sales,52,70584.0,3.67,4,Yes,2,2025,0
E01037,IT,54,84612.0,3.17,3,No,6,2021,0
E01038,Sales,54,106204.0,3.17,5,No,4,2024,0
E01039,Marketing,21,45007.0,2.79,12,No,6,2026,0
E01040,Operations,35,74398.0,2.36,6,Yes,3,2024,0
E01041,Finance,59,81816.0,2.39,12,No,0,2021,0
E01042,Sales,41,90788.0,4.23,11,No,7,2018,0
E01043,IT,56,61615.0,3.72,17,No,5,2018,0
E01044,Sales,42,87455.0,3.4,14,No,6,2018,0
E01045,Operations,27,68719.0,3.8,10,No,2,2018,0
E01046,Sales,45,28000.0,3.38,17,No,7,2026,0
E01047,Marketing,25,73637.0,3.56,15,No,0,2026,0
E01048,Sales,34,94361.0,3.69,9,No,7,2020,0
E01049,Sales,56,53663.0,2.75,17,No,0,2024,0
E01050,IT,34,59367.0,3.25,11,Yes,2,2018,0
E01051,Operations,28,67921.0,3.01,2,No,1,2020,0
E01052,Sales,48,63581.0,1.89,15,No,4,2026,0
E01053,HR,27,51536.0,3.53,16,No,7,2020,0
E01054,HR,31,72732.0,2.8,17,No,0,2019,0
E01055,Marketing,40,71498.0,1.85,9,No,1,2020,0
E01056,Finance,38,72467.0,2.42,0,No,7,2024,0
E01057,Operations,51,59111.0,4.03,6,No,7,2026,0
E01058,Operations,31,40547.0,3.44,2,No,0,2021,0
E01059,Operations,49,48897.0,3.76,1,No,4,2025,0
E01060,Marketing,32,81077.0,3.4,2,Yes,0,2026,0
E01061,Sales,51,36408.0,2.97,13,Yes,4,2019,0
E01062,Marketing,39,63512.0,2.92,13,No,5,2024,0
E01063,Operations,21,82049.0,3.08,3,No,7,2025,0
E01064,Sales,54,55946.0,5.0,1,Yes,3,2022,0
E01065,Operations,59,71319.0,4.07,1,No,7,2018,0
E01066,Marketing,33,58996.0,3.33,2,No,1,2024,0
E01067,Sales,50,34306.0,3.15,15,No,5,2023,0
E01068,Marketing,39,79081.0,4.04,8,No,2,2020,0
E01069,Sales,45,32132.0,3.17,3,No,0,2018,0
E01070,Sales,34,48986.0,2.93,6,Yes,0,2020,0
E01071,Operations,54,45466.0,3.07,14,No,2,2018,0
E01072,Sales,42,53559.0,3.01,14,Yes,1,2019,0
E01073,Operations,59,69774.0,4.12,1,No,0,2018,0
E01074,Operations,49,56841.0,3.25,1,Yes,4,2018,1
E01075,HR,23,46168.0,4.42,6,No,0,2026,0
E01076,Operations,38,43471.0,2.85,1,No,5,2024,0
E01077,IT,29,55093.0,3.72,4,No,0,2025,0
E01078,Finance,48,71953.0,3.87,5,No,6,2024,0
E01079,IT,43,56354.0,4.64,2,Yes,0,2023,0
E01080,IT,37,64464.0,3.64,10,No,4,2026,0
E01081,IT,54,77670.0,2.58,13,No,2,2020,0
E01082,Marketing,26,70781.0,3.77,5,No,3,2021,0
E01083,IT,43,49969.0,2.49,3,No,7,2020,1
E01084,Operations,51,83542.0,3.89,12,No,0,2021,0
E01085,IT,21,40958.0,3.42,10,No,3,2021,0
E01086,Finance,27,68895.0,3.46,14,Yes,3,2025,0
E01087,Marketing,46,75932.0,3.3,6,No,5,2018,0
E01088,Sales,52,68784.0,3.28,2,No,0,2021,0
E01089,IT,40,71323.0,3.95,17,Yes,6,2021,0
E01090,Marketing,24,73638.0,2.0,12,No,1,2018,0
E01091,Operations,40,106098.0,2.76,2,No,0,2023,0
E01092,Sales,46,45450.0,2.22,6,No,5,2024,0
E01093,Sales,39,100993.0,2.93,17,No,7,2021,0
E01094,Marketing,40,82072.0,3.25,9,Yes,5,2025,0
E01095,IT,24,43013.0,4.1,12,Yes,7,2025,1
E01096,IT,42,84202.0,4.76,16,No,2,2020,0
E01097,Marketing,40,73767.0,2.52,2,No,3,2026,0
E01098,Operations,31,58451.0,2.0,1,No,3,2022,0
E01099,IT,45,60587.0,2.42,5,Yes,1,2020,0
E01100,Operations,58,78427.0,2.19,12,No,7,2024,0
E01101,Finance,52,75226.0,3.52,10,Yes,3,2019,0
E01102,Finance,33,30335.0,4.15,11,No,7,2025,0
E01103,Operations,43,57428.0,2.27,2,No,1,2019,0
E01104,Operations,58,77873.0,2.52,12,No,5,2025,0
E01105,Finance,29,51987.0,3.15,7,No,0,2019,0
E01106,Finance,36,68433.0,4.54,7,No,3,2022,0
E01107,Marketing,25,58957.0,3.24,2,No,2,2025,1
E01108,Finance,52,76145.0,3.24,1,No,2,2018,0
E01109,Sales,48,45396.0,4.98,10,No,5,2025,0
E01110,Finance,48,85255.0,3.43,5,No,2,2022,1
E01111,Operations,50,58666.0,3.98,15,Yes,0,2023,0
E01112,Sales,52,50262.0,4.68,16,No,4,2022,0
E01113,Operations,55,91565.0,2.34,15,Yes,1,2021,1
E01114,IT,21,77839.0,3.19,6,No,6,2023,0
E01115,IT,57,28000.0,3.48,12,Yes,7,2026,0
E01116,IT,53,51287.0,3.27,9,No,0,2025,0
E01117,Sales,37,75977.0,2.93,11,Yes,6,2026,0
E01118,IT,27,49679.0,3.62,3,No,6,2024,0
E01119,Sales,49,63578.0,4.05,7,No,6,2018,0
E01120,Operations,42,52764.0,2.77,11,No,6,2019,0
E01121,Sales,58,92279.0,3.01,8,No,0,2018,0
E01122,HR,59,41593.0,3.56,4,Yes,1,2025,0
E01123,IT,36,60976.0,1.34,11,No,0,2022,0
E01124,Operations,39,91065.0,4.91,6,No,6,2019,1
E01125,Marketing,31,60619.0,3.47,17,No,4,2024,0
E01126,IT,27,81477.0,3.35,2,Yes,3,2019,0
E01127,Operations,27,69050.0,2.9,1,Yes,5,2021,0
E01128,IT,37,32987.0,2.99,4,No,1,2019,0
E01129,Operations,23,87749.0,4.18,12,Yes,1,2020,0
E01130,Finance,50,47345.0,4.06,8,No,5,2020,0
E01131,Marketing,56,78673.0,3.97,13,Yes,6,2023,0
E01132,Finance,37,45472.0,2.85,6,No,1,2026,0
E01133,IT,44,69757.0,3.34,1,No,4,2026,1
E01134,Operations,31,85607.0,4.18,16,Yes,2,2024,0
E01135,HR,43,59152.0,3.27,0,No,1,2025,0
E01136,Finance,56,51152.0,2.67,6,No,5,2021,0
E01137,Sales,35,99148.0,3.62,17,No,1,2026,0
E01138,Finance,38,51306.0,3.6,4,No,0,2021,0
E01139,IT,52,67969.0,3.05,6,No,4,2026,0
E01140,Sales,58,72327.0,2.8,10,Yes,6,2026,0
E01141,Marketing,54,65040.0,3.58,11,Yes,3,2018,0
E01142,Marketing,55,67291.0,2.86,13,No,6,2024,0
E01143,HR,59,56856.0,3.09,6,No,2,2020,0
E01144,IT,60,69562.0,2.93,17,No,3,2025,1
E01145,Operations,22,55453.0,3.04,15,No,7,2020,0
E01146,Sales,47,58342.0,3.13,13,No,2,2023,0
E01147,Marketing,53,50939.0,4.22,13,No,7,2023,0
E01148,Marketing,50,48943.0,4.41,13,Yes,7,2026,1
E01149,Operations,37,64796.0,3.51,0,No,0,2024,0
E01150,Operations,42,78187.0,2.82,12,No,0,2019,0
E01151,Operations,35,75135.0,4.12,0,Yes,5,2019,1
E01152,Finance,39,64203.0,2.27,17,Yes,3,2021,0
E01153,HR,22,66033.0,2.88,0,No,5,2024,0
E01154,Marketing,41,66218.0,2.76,1,Yes,7,2018,1
E01155,IT,23,56690.0,3.38,13,No,5,2022,0
E01156,HR,49,68083.0,1.32,12,No,5,2024,0
E01157,Sales,53,57868.0,3.19,12,No,6,2022,0
E01158,IT,57,39640.0,3.23,1,No,3,2021,0
E01159,Operations,53,59096.0,4.04,4,No,5,2025,0
E01160,Operations,33,65806.0,2.47,4,No,2,2020,0
E01161,HR,51,68490.0,3.23,6,Yes,2,2020,0
E01162,IT,36,67413.0,3.5,10,Yes,7,2020,0
E01163,Marketing,47,73592.0,4.36,6,No,3,2018,0
E01164,Marketing,39,62801.0,4.07,2,No,4,2019,0
E01165,IT,38,88593.0,2.74,9,Yes,2,2026,0
E01166,Sales,36,81821.0,2.78,16,No,4,2019,0
E01167,Sales,47,72758.0,3.15,17,No,2,2022,0
E01168,IT,38,53603.0,4.35,9,Yes,6,2022,0
E01169,Marketing,36,67861.0,3.15,11,No,4,2019,0
E01170,Operations,47,64900.0,4.18,11,Yes,7,2020,0
E01171,Sales,49,76062.0,2.9,10,No,5,2020,0
E01172,Sales,57,59206.0,2.54,7,No,2,2021,1
E01173,Marketing,45,87880.0,2.37,5,Yes,0,2018,0
E01174,IT,28,63573.0,3.41,0,No,2,2024,0
E01175,Sales,32,65837.0,4.36,6,No,2,2019,0
E01176,IT,31,51542.0,2.35,7,No,0,2022,0
E01177,Finance,48,70203.0,3.11,5,No,1,2018,0
E01178,Sales,22,54060.0,4.37,10,No,7,2019,0
E01179,Marketing,44,100433.0,3.64,12,Yes,6,2025,0
E01180,Marketing,55,66727.0,3.27,14,No,2,2021,0
E01181,Finance,53,71577.0,3.23,15,No,5,2022,0
E01182,Sales,38,97546.0,3.22,7,Yes,4,2021,1
E01183,Sales,32,70592.0,2.31,6,No,2,2021,0
E01184,IT,27,94842.0,4.14,4,Yes,5,2024,0
E01185,Sales,46,56775.0,4.21,9,No,4,2022,0
E01186,Operations,32,61562.0,2.93,10,No,6,2020,1
E01187,HR,33,73539.0,4.04,1,No,7,2018,0
E01188,Marketing,45,62155.0,4.26,2,No,7,2018,0
E01189,Operations,56,52769.0,3.61,1,No,2,2018,0
E01190,IT,58,69075.0,3.77,17,Yes,0,2022,0
E01191,Sales,25,78033.0,2.88,12,No,0,2025,0
E01192,HR,29,49976.0,3.47,5,No,6,2018,0
E01193,Operations,27,70473.0,2.43,2,No,3,2020,0
E01194,Sales,49,68616.0,2.63,16,No,1,2025,0
E01195,IT,22,85918.0,4.17,6,No,2,2021,0
E01196,Finance,54,80814.0,4.15,16,No,2,2023,0
E01197,Marketing,39,35688.0,2.98,12,No,0,2021,0
E01198,Finance,59,97761.0,2.24,13,Yes,1,2024,0
E01199,IT,29,42028.0,4.75,4,No,6,2026,0
E01200,HR,29,62314.0,3.34,11,Yes,4,2022,1
E01201,IT,53,48279.0,3.16,7,No,5,2024,0
E01202,Operations,46,57547.0,4.02,0,No,2,2025,0
E01203,Marketing,42,56819.0,3.3,5,Yes,0,2019,0
E01204,Operations,29,90759.0,2.98,11,No,3,2025,0
E01205,Marketing,29,56530.0,4.09,11,No,3,2026,0
E01206,Marketing,26,59594.0,3.0,7,No,0,2021,0
E01207,Marketing,21,46209.0,2.99,14,No,5,2022,0
E01208,Finance,51,75169.0,4.08,0,No,7,2023,0
E01209,IT,38,68231.0,3.86,6,No,1,2022,1
E01210,Finance,31,57777.0,3.63,13,No,1,2026,0
E01211,Sales,51,50035.0,2.85,6,No,0,2025,0
E01212,HR,59,50602.0,4.36,15,No,3,2025,0
E01213,Operations,24,32536.0,3.0,7,Yes,1,2025,0
E01214,Marketing,38,74999.0,3.23,5,Yes,3,2023,0
E01215,IT,47,51843.0,2.91,0,No,7,2021,0
E01216,IT,59,56924.0,3.76,10,No,1,2021,0
E01217,Marketing,29,63603.0,2.71,1,No,7,2018,0
E01218,Sales,41,73914.0,2.78,16,No,6,2018,0
E01219,Marketing,49,74463.0,3.05,15,No,6,2020,1
E01220,Operations,40,80294.0,4.24,0,Yes,3,2021,0
E01221,Operations,51,69728.0,3.05,13,No,6,2024,0
E01222,Operations,34,103027.0,3.98,4,No,5,2023,0
E01223,Operations,58,61337.0,3.26,4,No,5,2019,0
E01224,Operations,23,74909.0,3.72,15,No,6,2022,0
E01225,Sales,35,65224.0,3.22,17,No,4,2019,0
E01226,Marketing,45,78048.0,4.09,10,Yes,0,2025,0
E01227,Finance,24,50179.0,5.0,15,No,2,2025,0
E01228,IT,59,54015.0,3.2,9,No,7,2026,0
E01229,IT,44,50931.0,4.14,15,No,0,2026,0
E01230,IT,59,57175.0,3.98,5,No,1,2023,0
E01231,Sales,41,66521.0,2.37,16,No,3,2025,0
E01232,IT,55,45277.0,2.93,10,No,3,2018,0
E01233,Sales,29,69167.0,3.59,7,No,2,2026,0
E01234,Marketing,42,37439.0,3.38,1,No,7,2018,0
E01235,Sales,31,94426.0,3.25,9,No,6,2020,0
E01236,Operations,22,68429.0,2.68,12,No,3,2023,0
E01237,Marketing,24,56025.0,2.97,7,No,6,2022,0
E01238,Sales,38,86781.0,3.01,7,No,2,2023,0
E01239,Sales,46,68866.0,2.14,6,Yes,2,2023,0
E01240,Sales,46,39896.0,2.6,12,No,0,2021,0
E01241,Marketing,48,49484.0,3.26,2,No,3,2019,0
E01242,Finance,23,57608.0,3.27,2,No,2,2024,0
E01243,Sales,45,84744.0,4.23,6,No,5,2020,0
E01244,IT,44,90966.0,4.2,16,No,1,2021,1
E01245,IT,40,38760.0,2.45,2,No,2,2018,1
E01246,Operations,53,52166.0,4.36,10,Yes,0,2023,1
E01247,Operations,50,112106.0,2.7,1,No,0,2019,1
E01248,Sales,47,81712.0,3.94,12,No,0,2020,0
E01249,Sales,43,54737.0,3.93,16,No,1,2026,0
E01250,IT,31,57759.0,4.06,5,No,4,2022,0
E01251,IT,46,85469.0,3.95,16,No,7,2026,0
E01252,Finance,46,76179.0,2.83,13,No,4,2018,0
E01253,Marketing,30,74719.0,3.12,16,No,2,2021,0
E01254,Marketing,47,84672.0,3.31,4,No,6,2023,0
E01255,IT,24,73592.0,3.42,0,No,2,2019,0
E01256,Marketing,29,67848.0,3.18,8,Yes,4,2018,0
E01257,IT,27,31928.0,4.3,5,No,0,2019,0
E01258,IT,54,48352.0,5.0,0,No,1,2022,0
E01259,Sales,49,65961.0,3.8,12,Yes,5,2025,0
E01260,Marketing,40,74016.0,2.94,2,Yes,5,2024,0
E01261,Sales,55,77332.0,3.57,12,Yes,6,2020,0
E01262,Sales,54,59613.0,3.72,13,Yes,1,2019,0
E01263,Marketing,31,73201.0,3.97,11,No,2,2020,0
E01264,Sales,33,89140.0,2.93,5,No,5,2021,0
E01265,Operations,32,73476.0,3.6,0,No,5,2025,0
E01266,Operations,40,68195.0,3.39,8,Yes,4,2025,0
E01267,Marketing,32,68738.0,2.66,5,Yes,2,2019,0
E01268,Marketing,30,45435.0,2.34,8,Yes,0,2019,0
E01269,Operations,35,45850.0,3.95,0,No,1,2025,0
E01270,Marketing,22,38524.0,3.62,6,Yes,3,2018,0
E01271,Operations,46,48716.0,2.22,10,No,3,2026,0
E01272,Operations,42,74957.0,3.49,8,No,1,2025,0
E01273,IT,30,66872.0,3.3,7,Yes,6,2023,0
E01274,IT,59,73321.0,3.0,14,Yes,5,2021,0
E01275,Sales,51,78494.0,3.86,2,Yes,2,2018,1
E01276,IT,26,70274.0,3.15,15,No,0,2020,0
E01277,Sales,51,61693.0,3.06,6,No,2,2022,0
E01278,Marketing,45,33087.0,3.14,8,No,0,2018,0
E01279,Operations,39,85266.0,2.77,8,No,4,2023,0
E01280,Operations,28,78248.0,3.52,8,No,2,2022,0
E01281,Operations,54,52106.0,3.35,13,Yes,7,2018,0
E01282,Marketing,33,68726.0,3.84,10,Yes,1,2022,0
E01283,IT,45,70645.0,2.08,14,No,2,2021,0
E01284,IT,41,63976.0,2.92,10,No,2,2020,0
E01285,IT,37,54033.0,3.14,0,No,0,2018,0
E01286,IT,37,48700.0,4.3,8,No,1,2026,0
E01287,Sales,28,96179.0,3.14,16,No,6,2018,0
E01288,Operations,42,66330.0,3.53,1,No,6,2019,0
E01289,Marketing,31,97313.0,2.93,7,No,3,2022,0
E01290,Sales,37,56254.0,2.91,5,No,5,2025,0
E01291,Operations,39,44828.0,3.95,7,No,1,2018,0
E01292,Marketing,54,47961.0,3.46,0,No,6,2018,0
E01293,Operations,46,57809.0,3.93,11,No,6,2023,0
E01294,Operations,46,60959.0,3.25,17,Yes,5,2021,0
E01295,Sales,22,92528.0,3.82,2,No,1,2019,0
E01296,Sales,49,79494.0,2.42,9,No,4,2018,0
E01297,Operations,43,35526.0,2.12,3,No,6,2022,0
E01298,Sales,59,61688.0,2.78,2,Yes,0,2020,0
E01299,IT,25,72301.0,3.17,8,No,2,2019,0
E01300,Sales,31,74225.0,2.97,1,No,5,2023,0
E01301,Marketing,37,28930.0,5.0,9,No,1,2024,1
E01302,IT,21,81467.0,4.75,16,No,3,2023,0
E01303,Finance,37,77389.0,4.67,13,Yes,2,2022,0
E01304,Sales,21,69369.0,2.07,12,No,3,2024,0
E01305,IT,36,67418.0,2.79,17,No,1,2018,0
E01306,Finance,50,82125.0,2.15,13,No,4,2025,1
E01307,Marketing,30,62920.0,3.94,13,No,6,2021,0
E01308,HR,35,28000.0,3.71,13,No,7,2022,0
E01309,Operations,45,58650.0,4.23,17,No,6,2019,0
E01310,Finance,55,68507.0,3.34,12,Yes,5,2021,0
E01311,IT,49,69972.0,3.47,3,No,2,2019,0
E01312,Operations,31,75511.0,3.15,14,No,0,2024,0
E01313,IT,39,61849.0,3.53,6,No,4,2026,0
E01314,Sales,55,63754.0,3.63,16,No,4,2022,0
E01315,Operations,25,31019.0,3.91,4,No,7,2024,0
E01316,Operations,27,61078.0,3.78,17,No,7,2026,0
E01317,Operations,32,38501.0,4.31,17,Yes,7,2020,0
E01318,IT,33,76990.0,2.29,1,Yes,5,2026,1
E01319,Sales,60,55740.0,3.17,5,Yes,2,2021,0
E01320,Sales,36,83991.0,3.81,1,No,4,2021,0
E01321,Operations,43,67340.0,2.36,14,No,7,2018,0
E01322,Operations,33,32264.0,4.29,10,No,1,2023,0
E01323,IT,21,89112.0,3.94,12,Yes,6,2026,0
E01324,IT,58,80818.0,3.59,17,No,5,2018,0
E01325,Operations,38,28000.0,2.32,10,Yes,0,2019,1
E01326,Operations,21,63094.0,2.48,9,No,4,2023,1
E01327,Sales,52,73303.0,4.67,12,No,1,2020,0
E01328,Sales,44,93572.0,3.78,16,No,4,2026,0
E01329,IT,56,82124.0,3.67,6,No,3,2026,1
E01330,IT,30,95655.0,3.3,3,No,0,2025,0
E01331,Finance,36,75029.0,2.32,7,No,5,2022,1
E01332,IT,26,40408.0,4.33,15,Yes,5,2026,0
E01333,Sales,52,57268.0,4.05,9,No,6,2024,0
E01334,Marketing,60,40758.0,2.04,7,No,0,2022,1
E01335,Operations,27,51969.0,3.36,9,No,3,2024,0
E01336,Finance,49,64505.0,4.17,6,Yes,0,2018,0
E01337,HR,54,62234.0,3.88,2,No,5,2023,0
E01338,Marketing,26,70780.0,4.62,3,No,3,2022,0
E01339,Sales,35,49520.0,3.41,11,No,5,2025,0
E01340,Finance,32,86058.0,3.06,3,No,1,2023,0
E01341,Marketing,57,58898.0,4.14,8,No,3,2022,0
E01342,Marketing,35,65960.0,2.62,0,Yes,5,2024,0
E01343,Sales,32,73313.0,2.75,15,No,0,2020,0
E01344,Operations,29,71182.0,3.93,9,Yes,5,2023,0
E01345,Sales,55,77610.0,3.44,15,No,2,2024,0
E01346,Sales,60,64588.0,3.78,2,No,6,2021,0
E01347,Finance,21,70495.0,3.54,0,No,4,2023,0
E01348,Marketing,28,87280.0,3.08,13,No,5,2024,0
E01349,Sales,36,39845.0,3.51,4,No,2,2023,0
E01350,IT,31,72384.0,5.0,15,No,6,2023,0
E01351,Sales,43,90779.0,3.87,11,No,2,2023,0
E01352,Sales,59,93859.0,3.89,10,No,1,2025,0
E01353,Marketing,28,28000.0,4.81,15,No,4,2025,0
E01354,IT,52,49557.0,3.68,8,No,0,2024,0
E01355,Sales,54,78589.0,3.43,13,Yes,4,2023,0
E01356,IT,39,70823.0,2.75,17,No,5,2020,0
E01357,Sales,46,62635.0,3.41,8,No,2,2019,0
E01358,Finance,38,101310.0,3.03,3,No,2,2023,0
E01359,Operations,53,51216.0,3.33,13,No,4,2021,0
E01360,Sales,21,44402.0,2.99,5,Yes,6,2025,0
E01361,IT,26,58858.0,3.6,14,Yes,3,2024,1
E01362,Operations,38,79215.0,2.27,14,No,4,2019,0
E01363,Sales,56,47951.0,3.71,0,No,7,2021,0
E01364,Operations,47,33675.0,2.64,15,No,0,2018,0
E01365,Operations,49,53864.0,4.64,14,No,0,2018,0
E01366,Sales,51,44252.0,4.72,17,Yes,0,2022,0
E01367,Finance,43,64591.0,4.09,9,No,4,2024,0
E01368,IT,21,77109.0,3.8,13,No,0,2026,0
E01369,Finance,37,67181.0,3.32,12,Yes,0,2021,0
E01370,Marketing,24,90974.0,3.2,11,No,0,2021,0
E01371,Marketing,52,71565.0,2.03,0,No,0,2025,0
E01372,Operations,48,59955.0,4.62,13,No,5,2018,0
E01373,Marketing,49,46420.0,3.64,7,Yes,1,2022,1
E01374,Operations,53,60817.0,3.68,8,No,5,2018,0
E01375,Operations,51,56662.0,3.2,14,Yes,2,2026,0
E01376,Finance,49,73023.0,3.32,14,No,1,2025,1
E01377,HR,54,64123.0,3.16,15,No,6,2022,0
E01378,Operations,23,28000.0,1.96,8,Yes,6,2025,0
E01379,IT,47,67868.0,2.85,10,Yes,4,2022,0
E01380,Operations,36,94600.0,3.36,7,No,0,2020,0
E01381,Operations,59,57002.0,3.68,13,No,4,2024,0
E01382,IT,26,78708.0,4.89,8,No,3,2025,0
E01383,Sales,58,63091.0,3.33,7,No,7,2022,0
E01384,IT,24,57316.0,4.09,2,No,4,2024,0
E01385,IT,42,64459.0,3.12,16,No,1,2022,0
E01386,Marketing,29,94279.0,3.39,13,No,4,2026,1
E01387,IT,48,81831.0,3.59,3,No,7,2026,0
E01388,HR,38,122882.0,3.79,3,No,6,2018,0
E01389,IT,39,48036.0,3.13,14,No,4,2021,0
E01390,Operations,44,94051.0,2.86,10,No,4,2026,0
E01391,Marketing,36,44364.0,4.08,9,No,7,2019,0
E01392,IT,55,84208.0,3.63,0,No,2,2019,0
E01393,Operations,21,42768.0,3.76,4,No,1,2022,0
E01394,Operations,27,43158.0,3.7,10,No,4,2024,0
E01395,IT,29,29183.0,2.31,15,Yes,7,2019,0
E01396,IT,50,63113.0,4.38,4,Yes,5,2023,0
E01397,Sales,32,66756.0,3.11,12,No,5,2026,0
E01398,Operations,36,72024.0,3.51,14,No,5,2025,0
E01399,Operations,26,65790.0,3.29,3,Yes,2,2026,0
E01400,Operations,43,65520.0,4.04,0,No,2,2019,0
E01401,Finance,31,55624.0,2.5,12,No,5,2026,0
E01402,Finance,29,69253.0,3.67,7,No,3,2018,0
E01403,IT,60,76881.0,2.59,5,No,3,2019,0
E01404,Marketing,40,62113.0,3.6,6,No,2,2018,0
E01405,Operations,24,79323.0,2.83,15,Yes,4,2023,0
E01406,Operations,29,90005.0,2.71,3,No,1,2026,0
E01407,Operations,56,90389.0,4.62,17,No,6,2026,0
E01408,Operations,47,87079.0,3.96,5,Yes,5,2020,1
E01409,Sales,45,53891.0,2.62,9,No,4,2022,1
E01410,IT,26,74689.0,3.18,10,No,1,2020,0
E01411,Operations,40,79531.0,3.97,1,Yes,0,2019,0
E01412,Finance,42,45920.0,4.16,4,No,1,2024,0
E01413,Finance,32,67421.0,2.34,3,No,5,2023,0
E01414,Operations,53,80580.0,4.45,7,Yes,5,2018,0
E01415,Operations,38,75611.0,3.93,4,No,0,2019,0
E01416,Marketing,28,102574.0,2.65,17,No,0,2019,0
E01417,IT,39,63584.0,3.79,12,No,3,2018,0
E01418,IT,53,52972.0,4.21,5,No,3,2018,0
E01419,Marketing,36,53032.0,3.38,6,No,7,2020,0
E01420,Sales,57,86398.0,3.27,12,No,4,2018,0
E01421,Operations,25,77349.0,3.87,15,No,5,2019,0
E01422,Operations,37,61518.0,3.58,2,No,6,2018,1
E01423,HR,58,99844.0,3.09,12,No,3,2019,0
E01424,Sales,26,83118.0,3.45,9,Yes,4,2018,0
E01425,Operations,49,80564.0,3.0,5,Yes,0,2022,0
E01426,Sales,31,42684.0,2.36,1,Yes,7,2026,1
E01427,Operations,59,64137.0,2.4,3,No,5,2023,0
E01428,IT,41,58461.0,3.52,16,No,1,2024,0
E01429,Finance,37,52094.0,3.76,14,No,1,2026,0
E01430,Finance,42,121417.0,4.08,13,No,5,2022,0
E01431,Marketing,26,75676.0,3.6,1,No,1,2024,1
E01432,Finance,24,74689.0,4.36,10,No,5,2024,0
E01433,Operations,60,72864.0,3.01,8,No,4,2025,1
E01434,HR,28,47410.0,3.11,2,No,7,2023,0
E01435,Marketing,36,79192.0,3.21,14,No,3,2021,0
E01436,Operations,44,88700.0,3.42,10,No,4,2023,0
E01437,Sales,28,52258.0,3.92,8,No,4,2026,0
E01438,Sales,36,63120.0,3.46,15,No,1,2025,0
E01439,Sales,34,54179.0,3.28,10,No,5,2019,0
E01440,HR,53,60707.0,3.68,5,No,0,2023,0
E01441,IT,50,80156.0,3.44,13,No,1,2022,0
E01442,Sales,40,85342.0,4.09,2,No,1,2025,0
E01443,Finance,43,67882.0,3.24,7,Yes,3,2022,0
E01444,Marketing,27,53975.0,3.48,16,Yes,4,2023,0
E01445,Sales,53,91809.0,3.68,11,No,1,2025,0
E01446,Operations,43,62103.0,3.77,1,No,6,2021,0
E01447,Marketing,54,83814.0,3.12,3,No,4,2021,0
E01448,Operations,34,72656.0,3.29,1,Yes,2,2020,0
E01449,IT,24,63348.0,3.15,11,Yes,1,2023,0
E01450,Marketing,60,64776.0,3.75,7,No,5,2018,0
E01451,Sales,56,61426.0,4.3,17,No,6,2018,0
E01452,Sales,56,60408.0,3.36,4,No,2,2023,0
E01453,Finance,31,41741.0,3.72,0,No,6,2024,1
E01454,Sales,33,75683.0,3.51,8,No,1,2023,0
E01455,IT,31,53618.0,4.03,14,Yes,1,2018,0
E01456,Marketing,50,99855.0,2.46,15,No,6,2018,1
E01457,Sales,46,61256.0,3.59,9,No,5,2020,0
E01458,Finance,40,69332.0,2.94,11,No,0,2025,0
E01459,Operations,40,68329.0,2.88,13,No,1,2021,0
E01460,Marketing,57,52367.0,3.48,8,Yes,2,2020,0
E01461,Finance,59,56228.0,4.29,1,No,4,2020,0
E01462,IT,52,108774.0,2.97,6,No,1,2025,0
E01463,Sales,25,100014.0,3.84,7,No,1,2020,0
E01464,Operations,60,51607.0,4.39,1,Yes,3,2022,0
E01465,Operations,30,52157.0,3.58,14,No,0,2024,0
E01466,Marketing,28,71251.0,2.67,10,Yes,4,2018,0
E01467,Sales,33,45110.0,3.39,15,No,1,2026,0
E01468,Operations,28,52339.0,4.74,17,Yes,2,2023,1
E01469,Sales,50,96841.0,2.77,11,No,1,2022,1
E01470,Finance,58,60151.0,2.87,13,No,6,2026,0
E01471,Sales,25,85083.0,3.51,10,No,7,2025,1
E01472,Sales,42,97938.0,3.93,8,No,7,2018,0
E01473,Marketing,51,76191.0,3.12,3,Yes,4,2019,0
E01474,Sales,38,58040.0,4.25,13,Yes,1,2025,0
E01475,HR,56,84775.0,3.01,5,No,7,2020,0
E01476,Marketing,55,36199.0,2.46,14,Yes,7,2023,1
E01477,Sales,42,47505.0,3.74,17,No,6,2019,0
E01478,Sales,39,66920.0,3.38,8,No,4,2026,0
E01479,Sales,38,43318.0,2.76,12,No,5,2020,0
E01480,Operations,40,60090.0,3.89,9,No,4,2026,0
E01481,Operations,57,58066.0,3.97,2,No,7,2021,0
E01482,Operations,42,45398.0,3.22,14,Yes,5,2026,0
E01483,Operations,23,80775.0,3.73,3,No,3,2024,0
E01484,IT,28,59574.0,1.41,13,No,6,2022,0
E01485,Sales,47,70659.0,3.6,10,No,3,2025,0
E01486,Finance,39,50785.0,3.21,7,Yes,4,2018,1
E01487,Marketing,57,79338.0,2.99,4,No,1,2025,0
E01488,Sales,26,76245.0,2.31,1,No,3,2026,0
E01489,HR,35,54753.0,3.58,13,No,6,2019,0
E01490,IT,24,73557.0,3.5,12,No,4,2019,0
E01491,Operations,39,77345.0,4.81,1,No,2,2023,0
E01492,IT,53,55525.0,3.65,14,No,0,2022,0
E01493,IT,21,47025.0,2.75,16,No,1,2021,0
E01494,Sales,53,64490.0,2.94,1,No,6,2021,0
E01495,Sales,60,58320.0,3.97,12,No,0,2020,0
E01496,Operations,41,53295.0,4.47,10,No,3,2020,0
E01497,Sales,58,56853.0,3.22,7,Yes,1,2020,0
E01498,Sales,50,51828.0,3.58,12,Yes,6,2021,0
E01499,Operations,25,75501.0,3.04,0,No,7,2023,0
E01500,Sales,48,28000.0,3.73,11,No,2,2021,0
E01501,Operations,53,72832.0,3.43,4,No,0,2022,0
E01502,IT,31,65255.0,3.35,5,Yes,5,2022,0
E01503,HR,37,75861.0,2.02,2,No,5,2026,0
E01504,IT,39,69037.0,3.74,12,No,2,2021,0
E01505,IT,48,74150.0,2.95,16,No,7,2022,0
E01506,Sales,23,75911.0,3.91,13,No,3,2023,0
E01507,IT,31,49358.0,3.5,16,No,1,2021,0
E01508,Marketing,59,63402.0,4.62,6,No,2,2024,0
E01509,IT,46,79478.0,3.57,7,No,5,2026,0
E01510,IT,47,82779.0,2.75,12,No,0,2022,0
E01511,Sales,26,57862.0,3.67,5,No,1,2020,0
E01512,IT,59,47566.0,3.87,0,No,5,2023,0
E01513,IT,33,31059.0,3.54,0,No,1,2021,0
E01514,Marketing,56,58628.0,3.2,9,No,4,2020,0
E01515,IT,53,37924.0,3.79,0,No,5,2023,0
E01516,Finance,24,30273.0,3.82,11,Yes,0,2023,0
E01517,IT,23,36455.0,3.74,5,No,7,2020,1
E01518,IT,47,77537.0,3.71,7,Yes,5,2023,0
E01519,Finance,55,67696.0,4.08,15,Yes,7,2020,0
E01520,Finance,28,82908.0,4.34,11,No,4,2023,0
E01521,Marketing,57,72404.0,3.38,11,No,5,2021,0
E01522,Finance,34,59752.0,4.06,14,No,1,2025,0
E01523,IT,54,42486.0,2.2,17,No,5,2021,0
E01524,IT,22,70782.0,3.49,8,Yes,0,2025,0
E01525,Sales,59,79133.0,5.0,2,Yes,6,2021,0
E01526,Marketing,26,75471.0,4.43,8,No,2,2018,0
E01527,Operations,32,78981.0,3.38,12,No,6,2019,0
E01528,Sales,34,61058.0,4.46,13,No,5,2025,0
E01529,Sales,47,50896.0,2.76,12,No,3,2023,0
E01530,Finance,59,73079.0,2.78,10,No,1,2023,0
E01531,HR,30,46193.0,3.37,7,No,2,2021,0
E01532,Finance,54,73697.0,2.24,6,No,1,2018,0
E01533,IT,38,66028.0,4.54,5,No,1,2026,1
E01534,IT,31,28000.0,3.73,5,No,5,2023,0
E01535,Operations,36,52923.0,2.52,3,Yes,7,2019,0
E01536,IT,55,98401.0,4.46,5,No,0,2018,0
E01537,Finance,23,75850.0,3.64,3,Yes,0,2022,0
E01538,Operations,42,54872.0,4.37,14,No,5,2021,0
E01539,Sales,60,65369.0,3.41,5,No,1,2025,1
E01540,Marketing,21,97773.0,2.93,4,No,0,2023,0
E01541,Marketing,45,76453.0,2.26,16,No,7,2024,1
E01542,HR,24,80017.0,1.98,13,No,5,2021,0
E01543,Operations,57,69487.0,3.17,5,Yes,2,2021,0
E01544,IT,51,53789.0,3.43,14,No,5,2021,0
E01545,Operations,45,104547.0,3.08,11,No,5,2019,0
E01546,Marketing,45,55671.0,4.04,16,Yes,2,2018,0
E01547,Marketing,56,75103.0,3.5,14,No,0,2026,1
E01548,Sales,43,46759.0,4.09,10,No,4,2019,0
E01549,IT,55,75362.0,3.04,16,No,0,2025,0
E01550,IT,52,42337.0,2.75,7,Yes,1,2025,0
E01551,Sales,21,56855.0,2.95,7,No,2,2019,0
E01552,Operations,34,67550.0,3.44,13,Yes,2,2018,0
E01553,Sales,51,71559.0,2.31,4,No,5,2024,0
E01554,Marketing,56,50898.0,2.95,12,No,6,2026,0
E01555,Sales,25,45358.0,3.18,3,Yes,5,2026,0
E01556,Operations,55,81229.0,2.78,1,Yes,1,2019,0
E01557,HR,26,74562.0,4.08,9,No,5,2020,0
E01558,Sales,22,90963.0,3.65,0,No,1,2023,0
E01559,Marketing,24,85393.0,3.95,17,Yes,2,2024,0
E01560,Operations,56,37807.0,3.92,14,No,3,2019,0
E01561,IT,38,58494.0,3.43,8,No,1,2018,0
E01562,Operations,46,36786.0,3.89,9,No,6,2021,0
E01563,Marketing,35,42062.0,3.96,4,Yes,0,2019,0
E01564,IT,34,28000.0,4.25,16,No,5,2025,0
E01565,Operations,33,83570.0,2.59,12,Yes,1,2020,0
E01566,IT,51,82987.0,2.94,8,Yes,6,2024,0
E01567,Operations,56,74659.0,4.47,17,No,4,2023,0
E01568,Marketing,26,84385.0,2.63,0,No,0,2021,0
E01569,Marketing,26,38117.0,4.49,2,No,0,2020,0
E01570,Operations,44,104975.0,2.91,15,No,3,2023,0
E01571,Finance,49,70443.0,3.84,2,No,6,2025,0
E01572,HR,23,42708.0,2.08,7,Yes,7,2021,1
E01573,Finance,48,39929.0,4.27,3,No,2,2020,0
E01574,Sales,44,78698.0,3.22,12,No,6,2020,0
E01575,HR,50,48152.0,2.67,2,No,2,2022,0
E01576,Finance,56,38698.0,3.41,3,Yes,5,2020,0
E01577,Finance,33,50782.0,3.27,8,Yes,6,2023,0
E01578,Operations,55,53125.0,2.64,6,No,0,2021,0
E01579,Sales,30,69823.0,3.84,16,No,4,2019,0
E01580,Operations,49,72688.0,4.15,14,No,4,2022,0
E01581,Marketing,35,67102.0,2.07,5,Yes,6,2024,0
E01582,IT,23,84934.0,2.47,13,No,0,2024,0
E01583,Finance,30,50722.0,2.42,9,Yes,7,2025,0
E01584,Marketing,37,52930.0,3.07,6,No,5,2022,0
E01585,Sales,50,58802.0,4.88,7,Yes,1,2019,0
E01586,Operations,57,65960.0,2.74,1,No,2,2020,0
E01587,Finance,33,86676.0,3.24,7,Yes,1,2024,0
E01588,Finance,30,71465.0,3.69,17,No,4,2025,0
E01589,Sales,57,37121.0,3.81,13,No,7,2024,0
E01590,HR,26,29601.0,4.59,13,Yes,1,2023,0
E01591,Operations,47,96826.0,3.08,11,No,2,2019,0
E01592,Operations,51,58935.0,3.44,16,Yes,5,2018,0
E01593,IT,54,83757.0,3.13,13,Yes,3,2022,0
E01594,Operations,59,54320.0,4.06,17,No,2,2026,0
E01595,Operations,41,28000.0,4.04,6,No,2,2018,0
E01596,Marketing,21,61065.0,3.25,13,Yes,5,2025,0
E01597,Operations,34,73616.0,2.6,2,No,3,2021,1
E01598,Operations,44,74337.0,4.43,3,No,5,2025,0
E01599,Finance,30,35380.0,4.92,4,Yes,4,2020,0
E01600,Finance,39,41933.0,2.99,9,No,6,2021,1
E01601,IT,25,76905.0,4.17,14,No,2,2022,0
E01602,Sales,32,77015.0,3.38,17,No,1,2025,0
E01603,Marketing,36,45255.0,4.84,2,No,0,2024,0
E01604,Sales,26,66736.0,2.17,0,No,3,2018,0
E01605,Sales,50,34835.0,3.5,17,No,3,2020,0
E01606,Sales,26,67897.0,2.83,10,No,4,2021,0
E01607,Sales,36,47876.0,4.03,6,No,1,2023,0
E01608,Sales,60,82843.0,4.15,0,No,4,2026,0
E01609,Sales,32,66237.0,3.41,11,No,5,2022,0
E01610,HR,50,51821.0,2.58,4,Yes,0,2026,0
E01611,Operations,42,32219.0,4.36,2,Yes,3,2025,0
E01612,Sales,30,90594.0,2.29,14,No,6,2025,0
E01613,Marketing,29,63553.0,3.13,17,Yes,3,2020,0
E01614,IT,42,78959.0,2.75,14,No,7,2024,0
E01615,IT,53,64823.0,2.29,1,No,5,2019,0
E01616,Finance,24,62504.0,2.66,4,No,5,2020,0
E01617,Finance,38,28000.0,2.53,4,Yes,6,2020,0
E01618,Finance,51,28000.0,4.02,1,No,4,2026,0
E01619,Sales,58,69657.0,3.71,12,Yes,2,2025,0
E01620,Operations,50,44877.0,3.79,1,Yes,0,2026,0
E01621,IT,36,66891.0,3.95,2,Yes,4,2021,0
E01622,IT,30,55105.0,4.33,15,No,2,2024,0
E01623,IT,37,108318.0,2.77,1,No,0,2022,1
E01624,Finance,37,61958.0,3.31,14,No,6,2019,0
E01625,IT,28,58793.0,3.53,9,Yes,6,2025,0
E01626,Sales,28,44663.0,2.62,11,No,7,2020,0
E01627,Sales,25,86650.0,4.32,12,No,4,2024,0
E01628,IT,21,68033.0,3.24,3,Yes,5,2022,0
E01629,HR,59,71652.0,3.17,15,No,3,2022,0
E01630,Operations,22,88719.0,2.24,9,Yes,0,2018,0
E01631,Sales,60,73325.0,4.35,4,Yes,6,2020,0
E01632,IT,28,67304.0,3.43,5,No,6,2025,0
E01633,Finance,54,85850.0,2.19,15,No,5,2019,0
E01634,IT,22,87817.0,2.56,15,Yes,4,2024,0
E01635,Sales,54,55382.0,4.27,12,No,1,2022,0
E01636,Sales,34,58313.0,3.82,16,No,0,2021,0
E01637,Marketing,26,46651.0,2.07,8,No,6,2024,0
E01638,IT,44,77552.0,4.5,1,No,3,2021,0
E01639,IT,33,101495.0,2.14,6,Yes,6,2022,1
E01640,Operations,24,54138.0,3.26,2,No,0,2020,0
E01641,Operations,38,80307.0,3.33,5,Yes,2,2020,0
E01642,HR,36,78828.0,4.18,1,Yes,3,2019,0
E01643,IT,60,53841.0,2.2,10,Yes,0,2023,0
E01644,Operations,45,38993.0,3.67,8,Yes,1,2019,0
E01645,Marketing,40,91239.0,2.58,5,No,0,2020,0
E01646,Marketing,41,74795.0,3.66,2,No,4,2022,0
E01647,Operations,42,75273.0,4.8,11,Yes,3,2024,0
E01648,IT,38,60326.0,3.97,14,Yes,6,2025,1
E01649,Sales,60,47816.0,2.15,3,Yes,7,2021,1
E01650,IT,42,38440.0,3.26,13,No,3,2025,0
E01651,HR,57,62330.0,2.97,16,No,4,2024,0
E01652,Operations,44,49128.0,3.4,13,Yes,5,2019,0
E01653,Sales,50,46931.0,3.74,1,Yes,7,2022,1
E01654,Operations,58,79393.0,3.75,10,No,0,2024,0
E01655,Marketing,37,79006.0,3.04,3,No,0,2019,0
E01656,Sales,52,94664.0,3.17,7,No,6,2024,0
E01657,Operations,41,76825.0,2.53,17,No,0,2018,0
E01658,IT,37,75310.0,3.03,11,Yes,1,2025,1
E01659,Marketing,26,41745.0,3.54,9,Yes,6,2020,0
E01660,Sales,30,36255.0,2.88,13,Yes,3,2018,0
E01661,Sales,52,92321.0,3.2,12,No,1,2021,0
E01662,IT,34,59046.0,3.63,17,No,1,2024,0
E01663,Sales,27,61447.0,2.87,10,Yes,7,2021,0
E01664,HR,54,60774.0,3.91,10,No,1,2019,0
E01665,Marketing,25,50944.0,4.16,3,Yes,3,2023,0
E01666,Operations,56,78178.0,2.96,15,No,2,2023,0
E01667,HR,26,82635.0,2.95,10,No,6,2021,0
E01668,Finance,37,65837.0,4.27,6,No,0,2021,0
E01669,Operations,57,41424.0,2.72,2,No,4,2020,0
E01670,Sales,36,47343.0,3.17,9,Yes,7,2018,0
E01671,Marketing,29,33962.0,3.81,16,No,3,2024,0
E01672,Operations,49,80834.0,2.64,10,No,1,2025,0
E01673,IT,26,67530.0,3.93,5,No,3,2018,0
E01674,HR,49,46248.0,2.9,15,No,4,2026,0
E01675,Marketing,40,53187.0,3.1,10,No,7,2022,0
E01676,Marketing,52,48020.0,3.01,15,No,1,2020,0
E01677,Finance,26,42159.0,3.23,12,Yes,6,2018,1
E01678,Sales,28,62447.0,2.62,15,Yes,0,2022,0
E01679,Operations,47,63196.0,3.54,1,No,2,2025,0
E01680,IT,43,91998.0,3.77,12,No,1,2020,0
E01681,Operations,57,59172.0,4.59,5,No,1,2019,0
E01682,Finance,49,59178.0,3.98,17,No,0,2026,0
E01683,IT,40,83860.0,5.0,3,No,7,2026,1
E01684,Sales,22,64637.0,3.13,17,Yes,7,2023,0
E01685,IT,29,53643.0,3.79,10,No,6,2020,0
E01686,Operations,39,28000.0,4.52,17,No,5,2024,0
E01687,Sales,53,38302.0,3.48,6,No,5,2022,0
E01688,Finance,52,58284.0,2.07,4,No,0,2026,0
E01689,Finance,22,67287.0,3.29,4,No,2,2021,0
E01690,IT,56,54981.0,3.02,10,Yes,6,2025,0
E01691,IT,57,68248.0,3.93,7,Yes,6,2023,1
E01692,Operations,46,68544.0,3.59,17,No,0,2019,0
E01693,Finance,32,62339.0,4.67,16,Yes,2,2019,0
E01694,IT,50,75034.0,3.57,13,No,4,2022,0
E01695,Sales,22,82549.0,3.92,1,No,6,2023,0
E01696,Finance,57,65903.0,3.37,15,No,2,2020,0
E01697,HR,41,57990.0,2.38,17,No,1,2025,0
E01698,Sales,43,46391.0,3.13,0,No,6,2024,0
E01699,Marketing,27,69684.0,4.14,5,No,6,2020,0
E01700,Marketing,39,93918.0,3.71,7,No,1,2020,0
E01701,Operations,55,102660.0,3.94,2,No,7,2024,0
E01702,HR,37,62301.0,2.43,3,No,5,2020,0
E01703,HR,26,29405.0,4.12,15,Yes,5,2023,0
E01704,Operations,22,46853.0,4.4,16,Yes,1,2026,0
E01705,IT,44,63732.0,3.8,5,No,1,2023,0
E01706,IT,46,66181.0,3.15,8,No,4,2022,0
E01707,Sales,47,71883.0,2.46,14,No,2,2019,0
E01708,Sales,35,58462.0,3.43,11,No,0,2022,0
E01709,IT,52,54882.0,3.28,12,No,1,2018,0
E01710,Sales,25,73662.0,4.26,2,No,3,2019,0
E01711,Marketing,31,67357.0,4.71,13,No,7,2022,0
E01712,Finance,27,50335.0,4.42,6,No,3,2024,0
E01713,IT,54,61339.0,2.72,5,No,3,2022,0
E01714,Operations,25,28000.0,3.75,17,No,7,2026,0
E01715,Operations,31,58114.0,1.68,11,No,6,2023,1
E01716,Sales,51,90809.0,2.37,17,No,6,2020,0
E01717,IT,46,65498.0,2.49,11,No,6,2026,0
E01718,Sales,29,49340.0,3.02,6,No,2,2023,0
E01719,IT,38,92588.0,3.49,11,No,0,2018,0
E01720,Finance,27,75197.0,3.64,0,No,3,2025,0
E01721,Marketing,26,75195.0,3.37,14,No,3,2025,0
E01722,Operations,56,67853.0,3.09,12,Yes,6,2019,0
E01723,Marketing,55,63172.0,4.23,7,No,6,2021,0
E01724,HR,44,93995.0,3.83,3,No,3,2020,0
E01725,Sales,38,75427.0,2.65,6,No,4,2021,0
E01726,IT,58,70834.0,1.94,8,Yes,0,2025,0
E01727,Sales,22,101891.0,3.35,11,No,1,2022,1
E01728,IT,29,112021.0,3.86,5,No,0,2024,0
E01729,Operations,56,48016.0,2.53,12,No,0,2024,0
E01730,Operations,38,51998.0,3.2,3,No,5,2018,0
E01731,Operations,36,43344.0,4.46,15,No,3,2023,0
E01732,Sales,48,82979.0,3.74,7,No,5,2026,0
E01733,IT,22,105686.0,4.01,16,No,3,2018,0
E01734,Operations,41,84865.0,3.48,9,Yes,3,2021,0
E01735,Sales,23,94461.0,3.5,9,No,2,2025,0
E01736,Sales,57,38407.0,3.88,3,No,3,2020,0
E01737,IT,33,99212.0,3.57,10,No,1,2020,0
E01738,HR,23,62880.0,3.96,16,No,4,2025,0
E01739,IT,50,62155.0,3.41,12,No,2,2021,0
E01740,Finance,23,28000.0,3.17,11,No,6,2021,0
E01741,Sales,53,28000.0,3.4,6,No,2,2024,0
E01742,Sales,50,80830.0,3.2,4,No,7,2022,0
E01743,IT,32,59523.0,3.3,3,No,3,2025,0
E01744,IT,58,48815.0,2.13,16,Yes,1,2020,0
E01745,HR,28,65060.0,3.33,6,Yes,7,2023,0
E01746,Sales,52,85068.0,2.08,13,No,6,2024,0
E01747,Operations,54,46879.0,4.18,5,No,6,2022,0
E01748,IT,45,46435.0,3.83,9,No,2,2019,0
E01749,Operations,46,83038.0,2.31,14,No,4,2022,0
E01750,Operations,43,57463.0,3.75,11,No,6,2024,0
E01751,Marketing,36,54363.0,3.94,13,Yes,6,2025,1
E01752,Operations,36,62264.0,3.21,4,No,5,2026,0
E01753,HR,26,61189.0,2.79,6,No,4,2021,0
E01754,Operations,42,89715.0,4.61,0,No,1,2018,0
E01755,Sales,32,64534.0,4.26,15,No,0,2020,0
E01756,Operations,40,80442.0,2.81,12,No,5,2024,0
E01757,IT,38,71596.0,3.83,2,No,4,2020,0
E01758,Sales,46,78594.0,4.41,2,No,0,2019,0
E01759,Sales,21,32746.0,3.8,8,No,2,2022,1
E01760,IT,27,56005.0,2.96,3,No,7,2018,0
E01761,Finance,56,103545.0,3.02,7,No,3,2025,1
E01762,Marketing,25,67937.0,4.33,13,Yes,0,2024,0
E01763,IT,23,59543.0,4.27,7,No,4,2018,0
E01764,Marketing,53,52982.0,4.81,8,No,6,2022,0
E01765,Finance,44,57160.0,4.99,7,No,7,2024,0
E01766,Sales,37,81133.0,5.0,2,No,1,2020,1
E01767,HR,39,94858.0,2.31,1,Yes,6,2023,0
E01768,Marketing,52,84854.0,2.91,4,No,6,2021,0
E01769,Operations,46,66134.0,3.24,17,No,5,2025,0
E01770,Operations,22,55335.0,3.19,0,No,6,2020,0
E01771,IT,52,60708.0,3.31,2,Yes,2,2026,1
E01772,Operations,38,85654.0,3.7,15,No,6,2019,1
E01773,IT,53,50202.0,4.71,9,No,7,2018,0
E01774,IT,32,56203.0,2.43,1,No,4,2024,0
E01775,Operations,50,43039.0,3.28,15,No,7,2025,0
E01776,Marketing,36,63165.0,2.23,1,No,4,2023,0
E01777,Operations,39,73399.0,3.97,6,No,5,2021,0
E01778,Sales,36,47258.0,3.95,0,Yes,2,2023,0
E01779,Marketing,30,73134.0,4.03,0,No,7,2021,0
E01780,HR,32,49448.0,2.92,2,Yes,7,2019,0
E01781,Sales,31,66208.0,3.95,10,Yes,5,2025,0
E01782,IT,44,75087.0,2.23,5,Yes,5,2019,0
E01783,Operations,38,51039.0,2.98,16,Yes,3,2019,1
E01784,Operations,57,75138.0,2.73,13,Yes,5,2023,0
E01785,Marketing,59,76503.0,4.12,15,No,2,2022,1
E01786,Marketing,60,71569.0,3.21,0,No,2,2026,0
E01787,Sales,49,55270.0,3.47,15,No,5,2018,0
E01788,HR,41,71360.0,2.72,14,No,0,2024,0
E01789,Sales,53,55336.0,2.97,0,Yes,3,2023,0
E01790,HR,60,64358.0,4.65,3,No,2,2023,0
E01791,Operations,52,79690.0,3.42,12,Yes,6,2022,0
E01792,IT,30,61582.0,4.13,15,No,2,2021,0
E01793,Sales,31,67022.0,3.43,14,No,3,2019,0
E01794,IT,28,94514.0,3.38,12,No,3,2026,0
E01795,IT,50,84596.0,2.82,17,No,5,2020,0
E01796,IT,35,61954.0,3.02,12,Yes,5,2021,1
E01797,Operations,37,59892.0,3.03,5,No,5,2020,0
E01798,IT,22,63729.0,3.74,16,No,5,2024,0
E01799,HR,52,50313.0,3.59,11,Yes,7,2020,0
E01800,Finance,28,69031.0,3.34,2,No,7,2020,0
E01801,Operations,60,66642.0,3.46,12,No,6,2023,0
E01802,IT,43,63640.0,3.54,2,No,4,2020,0
E01803,Operations,50,68477.0,4.18,11,No,6,2023,0
E01804,IT,53,47076.0,3.27,8,No,7,2022,0
E01805,Finance,37,45214.0,2.68,15,No,3,2018,0
E01806,IT,22,71885.0,4.19,3,No,6,2018,0
E01807,IT,22,72317.0,4.4,0,Yes,2,2024,0
E01808,IT,21,87156.0,3.39,6,Yes,3,2026,0
E01809,Operations,46,80914.0,3.59,2,No,1,2021,0
E01810,Marketing,51,56576.0,3.12,6,No,3,2026,1
E01811,Marketing,50,51092.0,3.3,15,No,1,2021,0
E01812,Operations,52,82029.0,4.61,6,No,0,2020,0
E01813,Sales,55,44207.0,3.76,2,No,2,2024,0
E01814,Sales,48,48393.0,2.42,4,No,7,2025,0
E01815,IT,37,63284.0,2.79,6,No,4,2022,0
E01816,Finance,34,77368.0,4.03,9,Yes,7,2022,0
E01817,Marketing,45,66421.0,3.51,15,Yes,2,2020,0
E01818,Marketing,26,66742.0,2.73,14,No,3,2019,0
E01819,Operations,56,67904.0,3.25,6,No,3,2019,0
E01820,Marketing,40,90609.0,2.74,16,No,6,2019,0
E01821,IT,48,52720.0,3.51,5,No,3,2018,0
E01822,Sales,54,51221.0,2.16,8,No,7,2024,0
E01823,Operations,56,46555.0,3.11,10,No,3,2025,0
E01824,Sales,32,74109.0,3.33,0,No,2,2023,0
E01825,Sales,53,69148.0,4.02,14,No,2,2021,0
E01826,Finance,59,64475.0,3.42,14,No,0,2024,0
E01827,Operations,56,56794.0,2.83,17,Yes,2,2023,0
E01828,Marketing,56,49463.0,2.32,15,Yes,0,2018,0
E01829,Sales,29,42580.0,3.63,16,No,5,2018,0
E01830,Sales,21,80757.0,4.33,8,Yes,4,2023,0
E01831,Finance,43,32101.0,3.84,0,No,4,2022,0
E01832,Marketing,55,42980.0,3.49,2,No,4,2022,0
E01833,Operations,52,63743.0,3.62,14,No,1,2022,0
E01834,Operations,47,54763.0,2.9,0,No,2,2022,0
E01835,Marketing,38,37829.0,4.45,12,Yes,7,2025,0
E01836,Finance,43,61227.0,2.69,14,Yes,5,2020,0
E01837,Sales,43,28000.0,2.92,15,No,2,2020,0
E01838,IT,25,75278.0,3.79,15,Yes,4,2020,0
E01839,Operations,39,81446.0,3.43,5,No,7,2019,0
E01840,IT,59,47371.0,4.22,14,No,3,2018,0
E01841,Marketing,60,73857.0,2.59,11,No,2,2025,0
E01842,Marketing,58,62495.0,1.7,4,No,2,2026,0
E01843,HR,35,49037.0,3.52,14,No,3,2025,0
E01844,IT,51,55907.0,1.99,10,Yes,2,2024,0
E01845,IT,31,97645.0,4.12,10,No,4,2020,0
E01846,Marketing,47,80324.0,3.64,13,No,6,2021,0
E01847,Finance,57,67467.0,3.07,15,Yes,0,2021,0
E01848,Marketing,25,58235.0,4.0,11,Yes,1,2025,1
E01849,Finance,27,38082.0,3.96,16,No,6,2023,0
E01850,IT,36,78925.0,3.81,10,Yes,7,2023,0
E01851,Sales,54,105313.0,3.98,16,No,0,2025,1
E01852,IT,21,75917.0,3.25,13,No,1,2025,0
E01853,Marketing,60,54353.0,3.52,5,No,7,2024,0
E01854,Sales,25,80370.0,1.48,16,No,3,2021,0
E01855,Marketing,30,54514.0,2.07,6,Yes,4,2020,0
E01856,Operations,25,86317.0,4.43,4,No,1,2022,0
E01857,Operations,39,46218.0,2.67,4,No,1,2023,0
E01858,Sales,36,42667.0,3.37,17,No,3,2021,0
E01859,Sales,36,47304.0,3.36,16,No,3,2023,0
E01860,Operations,24,72869.0,4.31,2,No,4,2023,0
E01861,IT,56,54053.0,4.4,2,Yes,1,2020,0
E01862,Finance,58,89683.0,2.43,6,No,2,2026,0
E01863,Sales,57,108599.0,2.52,8,No,1,2026,0
E01864,HR,30,68302.0,3.81,3,Yes,1,2025,0
E01865,Sales,24,68617.0,2.87,1,Yes,2,2026,0
E01866,Operations,60,51297.0,3.99,5,Yes,2,2025,0
E01867,HR,56,65948.0,4.48,16,Yes,7,2019,0
E01868,Marketing,53,72214.0,2.48,9,No,7,2020,0
E01869,Finance,38,53067.0,3.95,14,No,0,2026,0
E01870,Sales,27,35692.0,3.07,15,No,5,2018,0
E01871,Sales,30,66596.0,4.05,10,No,3,2025,0
E01872,Finance,53,84297.0,2.88,15,Yes,6,2018,1
E01873,Operations,33,57729.0,3.83,5,No,2,2020,0
E01874,Operations,53,73292.0,3.14,3,Yes,7,2019,1
E01875,Finance,44,36431.0,3.32,12,Yes,1,2023,0
E01876,Sales,49,80111.0,2.84,13,Yes,7,2026,0
E01877,Marketing,57,69263.0,3.39,3,No,4,2025,0
E01878,Sales,23,45019.0,2.81,7,Yes,6,2025,0
E01879,Sales,57,78646.0,2.6,1,Yes,6,2026,0
E01880,Sales,49,55968.0,3.43,12,Yes,4,2023,0
E01881,Sales,48,74667.0,3.24,14,No,0,2023,0
E01882,Sales,54,33014.0,2.88,4,No,2,2025,0
E01883,Operations,50,76743.0,1.71,8,No,0,2023,0
E01884,Marketing,50,76849.0,3.2,7,No,4,2021,0
E01885,Finance,57,60650.0,2.27,2,No,5,2019,0
E01886,Marketing,32,70217.0,3.47,15,No,2,2026,0
E01887,IT,21,53499.0,4.38,14,Yes,1,2022,0
E01888,Sales,57,63137.0,2.32,0,No,2,2022,0
E01889,Sales,32,99730.0,2.89,6,No,0,2024,0
E01890,Sales,44,65632.0,3.12,16,No,3,2026,0
E01891,HR,47,57820.0,4.36,12,No,5,2019,0
E01892,Sales,49,71445.0,3.32,10,Yes,1,2025,1
E01893,HR,43,50453.0,3.75,2,No,3,2018,0
E01894,HR,37,91805.0,4.28,11,No,6,2022,0
E01895,Operations,50,81665.0,3.29,8,No,5,2022,1
E01896,Finance,33,63799.0,3.5,3,No,6,2019,0
E01897,Marketing,35,63882.0,3.74,3,Yes,1,2021,0
E01898,Operations,54,58196.0,4.08,6,No,2,2025,0
E01899,Sales,49,52099.0,4.07,15,Yes,4,2022,0
E01900,IT,40,47888.0,3.09,9,No,4,2020,0
E01901,Operations,41,51557.0,2.98,6,Yes,7,2024,0
E01902,Sales,53,35114.0,1.9,1,Yes,3,2024,0
E01903,Sales,55,59084.0,2.63,8,No,5,2018,0
E01904,Operations,55,90761.0,3.12,16,Yes,6,2022,0
E01905,Marketing,52,84171.0,3.33,4,No,5,2024,0
E01906,Operations,32,81433.0,2.27,9,No,2,2021,0
E01907,Sales,48,88231.0,3.98,11,No,3,2020,0
E01908,IT,21,59255.0,3.49,14,No,1,2022,0
E01909,IT,54,93781.0,3.98,7,No,4,2026,1
E01910,Sales,28,28000.0,2.73,15,Yes,3,2024,1
E01911,Finance,40,87265.0,4.02,5,Yes,5,2025,0
E01912,Marketing,39,72228.0,4.33,9,No,3,2022,0
E01913,Sales,24,61918.0,3.64,1,No,7,2023,1
E01914,IT,23,52988.0,2.62,14,No,0,2022,0
E01915,Marketing,22,51954.0,3.08,3,No,3,2025,0
E01916,Sales,27,70170.0,3.16,1,No,3,2019,0
E01917,Sales,34,67386.0,3.21,7,No,5,2025,0
E01918,Sales,31,78616.0,4.17,2,Yes,1,2025,0
E01919,Operations,45,28000.0,3.29,11,No,6,2020,0
E01920,Operations,37,53656.0,2.72,5,No,7,2024,0
E01921,HR,58,68884.0,4.03,7,Yes,4,2026,1
E01922,Sales,31,68105.0,3.46,11,No,0,2020,0
E01923,IT,42,56830.0,4.56,17,Yes,7,2023,0
E01924,IT,54,73384.0,3.86,15,Yes,0,2024,0
E01925,Sales,39,28000.0,3.68,0,No,1,2020,0
E01926,Sales,29,61105.0,4.08,14,No,7,2026,0
E01927,Finance,28,56111.0,3.15,2,No,5,2025,0
E01928,Operations,44,62520.0,4.38,0,Yes,3,2019,0
E01929,IT,34,61698.0,2.76,9,No,3,2020,0
E01930,Finance,40,87719.0,4.35,7,Yes,0,2026,0
E01931,IT,46,50547.0,3.34,3,No,6,2018,0
E01932,IT,24,99143.0,3.74,17,No,4,2026,0
E01933,IT,53,88822.0,2.12,11,Yes,6,2021,0
E01934,Operations,44,65563.0,2.79,14,No,5,2020,0
E01935,Finance,34,75045.0,3.86,8,No,0,2021,0
E01936,IT,45,44025.0,4.68,17,No,3,2025,0
E01937,Marketing,41,55408.0,3.85,4,Yes,5,2021,0
E01938,IT,45,75264.0,2.56,12,No,0,2023,0
E01939,Finance,24,95738.0,2.95,7,No,7,2021,0
E01940,IT,35,78994.0,3.78,17,No,6,2018,0
E01941,Operations,39,77355.0,2.66,10,Yes,5,2018,0
E01942,IT,54,72552.0,3.2,8,No,6,2018,0
E01943,Marketing,57,44123.0,2.92,7,No,2,2020,0
E01944,IT,49,55135.0,3.38,8,No,3,2021,0
E01945,Sales,45,47790.0,4.65,13,No,7,2025,0
E01946,IT,28,65742.0,3.78,16,No,6,2019,0
E01947,HR,53,67894.0,3.71,8,No,7,2022,0
E01948,Marketing,57,90508.0,3.76,10,Yes,3,2026,0
E01949,Sales,34,82940.0,2.96,8,No,4,2022,0
E01950,Finance,41,72790.0,3.85,17,No,0,2024,0
E01951,IT,58,64550.0,3.7,3,No,0,2023,0
E01952,IT,54,80395.0,3.22,6,No,3,2023,0
E01953,Finance,54,86408.0,3.3,17,Yes,4,2024,0
E01954,IT,35,38388.0,2.39,3,No,1,2018,0
E01955,Finance,32,69189.0,3.67,3,No,5,2024,0
E01956,Sales,54,65781.0,3.86,13,No,3,2019,0
E01957,Operations,49,57397.0,2.79,1,Yes,6,2019,0
E01958,Operations,26,88848.0,3.37,12,Yes,5,2026,0
E01959,Finance,54,106333.0,3.67,0,No,6,2026,0
E01960,Finance,32,97156.0,2.2,1,No,2,2026,0
E01961,Sales,54,48182.0,4.92,6,No,4,2025,0
E01962,IT,44,67431.0,3.05,1,No,0,2022,0
E01963,Sales,43,67889.0,3.14,7,No,6,2020,0
E01964,IT,51,53838.0,3.1,6,No,2,2025,0
E01965,Sales,29,70497.0,3.69,5,Yes,7,2021,0
E01966,Operations,45,77183.0,3.49,10,Yes,6,2022,0
E01967,Marketing,28,119960.0,3.43,8,No,3,2018,0
E01968,Finance,58,52708.0,4.23,1,No,7,2022,0
E01969,Sales,57,50324.0,3.44,8,No,0,2023,0
E01970,HR,34,45660.0,3.5,13,No,7,2025,0
E01971,Sales,30,108374.0,2.97,11,Yes,1,2019,0
E01972,IT,45,71186.0,3.9,17,Yes,4,2025,0
E01973,Finance,45,55191.0,4.57,12,No,5,2021,0
E01974,Sales,21,50076.0,3.77,12,No,5,2026,0
E01975,Finance,47,67913.0,4.0,9,No,4,2021,0
E01976,IT,50,86081.0,3.62,3,No,6,2025,0
E01977,Finance,45,76876.0,3.54,7,No,1,2023,0
E01978,Marketing,40,28000.0,2.86,14,No,2,2023,0
E01979,IT,48,77778.0,2.28,3,No,3,2021,0
E01980,Operations,21,55097.0,3.66,10,Yes,3,2022,1
E01981,Operations,39,77690.0,4.05,2,No,7,2023,0
E01982,Marketing,50,44044.0,3.06,2,No,0,2024,1
E01983,Sales,52,89366.0,3.26,9,No,7,2024,0
E01984,Finance,52,57914.0,4.34,6,Yes,1,2018,0
E01985,Finance,22,41907.0,5.0,15,No,0,2025,0
E01986,Operations,23,49726.0,4.83,2,No,3,2018,1
E01987,Sales,37,50239.0,3.33,5,No,0,2022,0
E01988,Sales,54,28000.0,4.11,14,No,3,2025,0
E01989,IT,43,92121.0,3.97,5,Yes,0,2026,0
E01990,Operations,23,89949.0,2.39,11,No,1,2020,1
E01991,Sales,26,97019.0,4.44,9,No,7,2023,0
E01992,Sales,36,34076.0,3.43,12,Yes,6,2022,0
E01993,Sales,23,59166.0,3.05,16,No,7,2021,0
E01994,Finance,39,47612.0,2.95,1,No,7,2026,0
E01995,HR,50,60308.0,3.04,5,Yes,3,2022,1
E01996,IT,36,83260.0,3.91,1,No,3,2024,0
E01997,IT,52,62443.0,4.87,15,No,4,2020,0
E01998,IT,39,47229.0,3.0,4,No,1,2022,0
E01999,Sales,30,52090.0,3.61,5,No,6,2024,0
E02000,Operations,33,55642.0,3.0,16,No,6,2025,0
E02001,Sales,24,65367.0,4.37,1,No,1,2019,0
E02002,Marketing,60,75227.0,3.1,12,No,0,2026,0
E02003,Marketing,53,83677.0,3.55,6,No,6,2026,0
E02004,Finance,54,54243.0,2.22,3,Yes,6,2019,0
E02005,Finance,45,54735.0,3.52,8,Yes,5,2024,0
E02006,IT,35,46492.0,3.86,16,Yes,7,2020,0
E02007,Operations,43,52965.0,2.59,16,No,6,2024,0
E02008,Operations,22,73505.0,3.41,10,No,6,2025,0
E02009,Operations,55,70083.0,3.68,12,No,2,2026,0
E02010,IT,22,61244.0,2.92,14,Yes,3,2022,0
E02011,Operations,30,78941.0,4.78,15,No,6,2021,0
E02012,Finance,45,62609.0,2.94,5,Yes,4,2024,0
E02013,Sales,27,51731.0,3.3,3,No,3,2026,0
E02014,Operations,39,63088.0,3.48,12,Yes,7,2018,0
E02015,Operations,36,54145.0,5.0,6,No,6,2025,0
E02016,Operations,42,80373.0,4.82,16,Yes,5,2018,0
E02017,Sales,50,66062.0,3.48,11,No,4,2026,0
E02018,IT,49,76496.0,2.22,0,No,6,2025,1
E02019,HR,44,62839.0,3.2,3,No,6,2026,0
E02020,Operations,51,82078.0,3.22,16,Yes,6,2020,0
E02021,Operations,28,91494.0,3.8,10,Yes,2,2022,0
E02022,IT,51,52764.0,3.49,7,No,5,2021,0
E02023,Marketing,40,42238.0,4.26,6,No,5,2019,0
E02024,IT,30,67605.0,3.22,2,No,0,2023,0
E02025,HR,26,56175.0,3.3,8,Yes,4,2024,0
E02026,Operations,38,77836.0,3.15,3,No,4,2026,0
E02027,Sales,30,54823.0,3.49,2,No,5,2025,0
E02028,Operations,39,54174.0,1.79,10,Yes,4,2025,1
E02029,Operations,34,75195.0,3.65,1,Yes,2,2021,0
E02030,IT,27,65736.0,2.93,7,No,0,2022,0
E02031,IT,43,62788.0,3.82,11,No,1,2018,0
E02032,HR,57,51961.0,4.02,7,No,4,2020,0
E02033,Sales,44,79598.0,4.29,7,No,6,2020,0
E02034,Marketing,55,71034.0,3.43,15,Yes,2,2026,0
E02035,IT,29,66713.0,3.93,17,No,6,2022,0
E02036,IT,38,46205.0,2.73,6,Yes,2,2026,0
E02037,HR,35,94225.0,2.4,9,No,0,2020,0
E02038,Finance,36,63393.0,2.88,15,No,3,2019,0
E02039,Operations,56,78823.0,3.42,7,No,0,2023,0
E02040,Marketing,60,64980.0,4.48,7,No,5,2023,0
E02041,Sales,50,83901.0,4.34,0,No,5,2023,0
E02042,Finance,56,60554.0,2.79,16,No,7,2026,0
E02043,IT,27,41343.0,2.37,10,Yes,1,2020,0
E02044,Operations,22,63442.0,3.63,17,Yes,2,2024,0
E02045,IT,28,81311.0,2.92,12,No,2,2020,0
E02046,Finance,37,61624.0,2.75,10,No,3,2023,0
E02047,HR,56,72329.0,4.06,4,No,3,2018,0
E02048,Operations,38,78586.0,3.62,16,Yes,0,2018,0
E02049,Finance,29,86829.0,4.12,14,No,6,2018,0
E02050,Operations,34,100465.0,4.48,16,No,1,2019,0
E02051,Sales,39,74176.0,3.95,15,Yes,3,2020,0
E02052,Sales,41,69345.0,4.93,7,No,4,2020,0
E02053,Operations,47,65728.0,2.46,3,No,7,2025,0
E02054,IT,31,49609.0,3.55,9,No,6,2021,0
E02055,Operations,38,91996.0,3.45,16,No,3,2026,0
E02056,Operations,24,65718.0,4.96,6,No,7,2023,0
E02057,Sales,22,62670.0,3.2,8,No,1,2018,0
E02058,Sales,41,71933.0,4.29,17,No,7,2026,0
E02059,IT,26,44286.0,3.06,9,No,4,2024,0
E02060,Sales,30,52353.0,3.49,3,No,3,2024,0
E02061,Operations,36,78468.0,3.1,3,No,5,2023,0
E02062,IT,21,37743.0,2.86,5,No,3,2025,0
E02063,Operations,60,35055.0,3.28,16,No,4,2026,0
E02064,Operations,50,53180.0,2.56,10,No,7,2021,0
E02065,Sales,45,66744.0,3.46,12,Yes,4,2022,0
E02066,Operations,57,65894.0,3.08,12,No,6,2022,0
E02067,HR,40,66653.0,4.77,11,No,2,2022,0
E02068,IT,54,106806.0,3.88,0,No,1,2024,1
E02069,IT,36,71007.0,2.22,5,No,6,2023,0
E02070,IT,57,57611.0,3.47,13,Yes,3,2026,0
E02071,Sales,41,74608.0,2.04,11,No,1,2026,0
E02072,Marketing,55,55952.0,3.96,2,No,6,2020,0
E02073,Marketing,26,74051.0,2.31,0,Yes,5,2023,1
E02074,Marketing,41,51914.0,3.12,15,No,1,2018,0
E02075,Finance,60,53082.0,4.26,13,No,4,2018,0
E02076,Operations,38,86463.0,2.97,0,No,5,2024,0
E02077,Sales,56,86268.0,3.31,5,Yes,2,2020,0
E02078,IT,47,79884.0,3.34,11,No,0,2018,0
E02079,Sales,59,28000.0,3.82,15,No,2,2020,0
E02080,Sales,40,62807.0,3.79,9,No,6,2019,0
E02081,IT,35,70402.0,3.32,4,Yes,0,2026,0
E02082,Marketing,23,41502.0,3.32,15,No,7,2021,1
E02083,Marketing,53,48608.0,2.99,17,No,5,2026,0
E02084,HR,32,98599.0,3.33,0,No,5,2020,0
E02085,HR,54,100920.0,2.3,4,No,1,2018,1
E02086,Sales,48,79160.0,3.16,11,No,0,2023,0
E02087,Operations,28,64474.0,3.39,17,Yes,6,2025,0
E02088,IT,26,66607.0,4.07,3,No,1,2026,0
E02089,Sales,33,94647.0,3.92,9,No,0,2026,0
E02090,Sales,31,53389.0,3.45,4,No,3,2018,0
E02091,Sales,48,79427.0,3.85,14,No,3,2025,0
E02092,Operations,46,85997.0,2.96,14,Yes,3,2018,0
E02093,Operations,46,49581.0,4.39,7,No,0,2020,0
E02094,Operations,43,70935.0,2.93,14,No,7,2018,1
E02095,Operations,26,28258.0,1.71,1,No,5,2022,0
E02096,Sales,24,74587.0,4.27,11,Yes,0,2018,0
E02097,IT,60,45454.0,3.08,8,No,1,2018,0
E02098,Operations,42,88205.0,4.6,11,No,5,2024,0
E02099,IT,28,32551.0,3.14,10,No,7,2024,0
E02100,Sales,43,50127.0,2.79,12,No,3,2023,0
E02101,IT,26,36115.0,3.28,15,No,2,2024,0
E02102,Sales,57,82343.0,4.37,14,No,6,2020,0
E02103,HR,52,57860.0,2.25,3,No,4,2021,0
E02104,Sales,55,84175.0,3.2,17,No,5,2026,0
E02105,IT,54,57677.0,2.7,17,No,0,2019,0
E02106,Operations,21,36587.0,3.55,4,No,2,2020,0
E02107,Sales,59,71569.0,3.54,16,No,2,2019,0
E02108,IT,46,73144.0,3.66,4,No,1,2023,0
E02109,Finance,60,88138.0,3.31,17,No,5,2024,0
E02110,Marketing,54,51627.0,4.21,1,No,4,2023,1
E02111,HR,36,66346.0,2.48,13,Yes,2,2025,0
E02112,IT,47,46776.0,4.54,17,Yes,6,2024,0
E02113,Marketing,52,61028.0,4.2,10,Yes,1,2025,0
E02114,Sales,49,73077.0,3.55,0,Yes,3,2023,0
E02115,Operations,47,51736.0,5.0,4,Yes,4,2025,0
E02116,IT,57,76143.0,3.86,13,Yes,7,2024,0
E02117,IT,51,62359.0,2.39,11,No,2,2021,0
E02118,Finance,35,28000.0,3.41,14,No,1,2022,0
E02119,Marketing,29,62238.0,3.06,4,No,5,2026,0
E02120,IT,60,32813.0,3.61,10,No,0,2019,0
E02121,Sales,43,63126.0,2.94,8,No,2,2026,1
E02122,IT,44,73070.0,4.19,14,No,4,2019,0
E02123,IT,55,58471.0,3.31,14,No,1,2022,0
E02124,Operations,50,70521.0,4.39,8,No,7,2026,0
E02125,Operations,34,68248.0,2.56,10,No,2,2023,0
E02126,IT,22,100010.0,2.77,3,No,1,2022,1
E02127,Marketing,24,28000.0,2.98,4,No,3,2026,0
E02128,Operations,56,40149.0,3.27,8,No,2,2026,0
E02129,HR,45,80492.0,3.03,1,Yes,3,2024,0
E02130,Operations,40,99079.0,4.09,11,Yes,6,2019,1
E02131,Marketing,22,56017.0,3.76,4,Yes,7,2021,1
E02132,Sales,38,107834.0,2.79,5,No,0,2023,0
E02133,Operations,31,60965.0,2.94,9,No,2,2023,1
E02134,HR,47,55476.0,3.4,0,No,0,2025,1
E02135,Operations,59,67115.0,3.67,13,No,5,2026,0
E02136,Marketing,28,62735.0,2.92,3,Yes,1,2022,0
E02137,Operations,29,85048.0,3.84,14,Yes,2,2021,0
E02138,Sales,33,65873.0,3.61,17,Yes,2,2025,0
E02139,Finance,24,48329.0,2.52,3,Yes,3,2020,1
E02140,Sales,44,63209.0,4.12,4,Yes,7,2021,1
E02141,Sales,47,35322.0,3.86,1,No,6,2023,0
E02142,Sales,23,58279.0,3.66,11,No,7,2019,0
E02143,IT,52,38861.0,3.77,7,Yes,2,2025,0
E02144,HR,52,39222.0,2.86,9,Yes,0,2023,1
E02145,HR,57,69814.0,4.15,2,No,0,2019,0
E02146,HR,57,80060.0,3.99,14,Yes,1,2026,1
E02147,Marketing,32,65292.0,2.84,13,No,1,2021,0
E02148,Finance,55,28000.0,4.92,4,No,0,2026,0
E02149,HR,29,61590.0,3.97,13,No,0,2024,0
E02150,HR,28,58169.0,2.63,12,No,0,2020,0
E02151,Marketing,24,30183.0,3.2,2,No,3,2023,0
E02152,Marketing,50,72990.0,3.86,12,Yes,4,2022,0
E02153,HR,37,28000.0,3.46,3,No,2,2019,0
E02154,Operations,23,59850.0,4.42,7,No,2,2026,0
E02155,IT,31,57371.0,2.76,9,No,5,2026,0
E02156,Finance,59,71320.0,3.06,10,No,3,2024,0
E02157,Operations,32,47679.0,3.28,0,No,1,2021,0
E02158,Sales,30,77364.0,3.7,15,No,1,2022,0
E02159,HR,49,58330.0,3.21,7,Yes,6,2023,0
E02160,Sales,45,74786.0,3.47,7,No,0,2018,0
E02161,Finance,36,64476.0,3.86,2,Yes,4,2025,0
E02162,Sales,55,97915.0,3.43,12,No,5,2023,0
E02163,Operations,32,39128.0,2.8,8,No,0,2022,0
E02164,Operations,45,61897.0,2.41,5,No,7,2024,0
E02165,Marketing,41,31829.0,2.53,3,No,2,2019,0
E02166,Finance,29,46615.0,3.06,7,Yes,2,2023,0
E02167,HR,41,75751.0,2.82,8,No,1,2018,0
E02168,Operations,58,70509.0,3.64,2,No,2,2021,0
E02169,IT,51,61151.0,2.47,10,No,5,2021,0
E02170,Marketing,42,67764.0,3.19,12,Yes,5,2021,0
E02171,IT,44,82979.0,4.38,12,No,6,2018,0
E02172,Sales,36,90794.0,5.0,13,No,2,2020,0
E02173,Sales,43,29260.0,3.17,12,Yes,6,2020,0
E02174,Finance,39,70095.0,3.9,6,No,1,2022,0
E02175,IT,53,97603.0,3.55,0,No,6,2020,0
E02176,IT,29,65369.0,2.93,4,No,6,2022,0
E02177,Sales,52,54855.0,3.54,0,Yes,4,2026,0
E02178,Operations,52,67339.0,4.19,0,No,5,2025,0
E02179,Finance,41,62374.0,3.08,11,No,4,2020,0
E02180,Operations,32,45542.0,3.61,13,No,4,2020,0
E02181,IT,31,77263.0,2.25,6,No,0,2024,1
E02182,Operations,47,64502.0,3.72,11,Yes,4,2019,1
E02183,Marketing,40,120959.0,4.14,3,Yes,3,2023,0
E02184,Operations,49,54347.0,2.93,1,No,0,2021,0
E02185,Finance,21,47475.0,3.28,0,Yes,5,2018,0
E02186,HR,31,73070.0,3.45,1,No,0,2025,1
E02187,Operations,43,77601.0,3.47,3,Yes,0,2024,0
E02188,Marketing,35,61809.0,3.03,1,No,1,2020,0
E02189,Sales,43,74222.0,4.66,5,Yes,3,2024,0
E02190,Finance,46,65510.0,2.87,16,No,0,2026,0
E02191,Marketing,47,100200.0,3.27,14,No,4,2019,0
E02192,IT,42,65123.0,3.0,12,Yes,6,2024,1
E02193,IT,24,68343.0,3.35,17,No,5,2019,0
E02194,Sales,57,75998.0,4.15,1,No,6,2019,0
E02195,HR,43,61001.0,3.06,2,Yes,1,2020,0
E02196,Operations,21,80459.0,2.37,13,No,6,2024,0
E02197,Marketing,33,58948.0,3.0,10,No,6,2026,0
E02198,Marketing,37,74402.0,3.75,4,Yes,5,2026,0
E02199,Operations,51,77669.0,2.41,0,No,1,2025,0
E02200,Finance,59,62121.0,3.93,14,Yes,6,2026,0
E02201,Sales,32,78278.0,3.49,5,No,5,2024,0
E02202,Operations,60,85294.0,4.57,10,No,4,2026,0
E02203,IT,22,67056.0,3.08,12,Yes,4,2019,0
E02204,Operations,37,53432.0,1.91,2,No,2,2020,0
E02205,HR,55,68217.0,3.81,14,No,0,2026,0
E02206,Sales,37,36933.0,2.46,5,Yes,2,2019,1
E02207,HR,23,80006.0,3.08,2,No,4,2023,1
E02208,Operations,26,58850.0,4.35,6,No,3,2024,0
E02209,Operations,55,33269.0,3.21,10,No,1,2023,0
E02210,Sales,42,60469.0,3.51,2,No,1,2026,0
E02211,Operations,59,94548.0,3.72,6,No,1,2018,0
E02212,IT,41,38866.0,3.83,16,No,7,2020,0
E02213,Marketing,30,106461.0,3.58,1,No,7,2022,0
E02214,Operations,31,69112.0,2.8,10,No,4,2021,0
E02215,Marketing,59,65562.0,2.81,16,Yes,0,2022,0
E02216,Operations,43,99489.0,3.9,5,No,3,2023,0
E02217,IT,48,55440.0,3.95,3,No,0,2018,0
E02218,Finance,29,71698.0,3.61,9,No,1,2018,0
E02219,IT,53,68013.0,3.42,11,Yes,7,2021,0
E02220,Sales,60,77138.0,3.53,15,No,1,2026,0
E02221,Marketing,59,49394.0,1.39,1,No,4,2023,0
E02222,IT,42,53340.0,2.47,2,No,7,2025,0
E02223,Sales,25,32143.0,3.5,11,No,2,2022,0
E02224,Finance,48,65083.0,2.94,14,No,0,2025,0
E02225,Finance,39,58811.0,2.82,17,No,0,2026,0
E02226,Finance,32,63105.0,2.37,17,No,4,2019,0
E02227,Operations,42,80688.0,3.76,6,No,6,2024,0
E02228,IT,59,90623.0,2.36,9,No,4,2026,0
E02229,Operations,35,70574.0,2.87,1,No,7,2020,0
E02230,IT,23,64938.0,2.9,13,Yes,6,2025,0
E02231,Sales,44,88546.0,4.33,2,No,0,2024,0
E02232,Sales,31,28000.0,3.66,9,Yes,6,2022,0
E02233,Finance,23,74808.0,4.52,17,No,7,2025,0
E02234,IT,24,42022.0,2.26,3,Yes,6,2022,0
E02235,Operations,42,56504.0,2.81,17,No,3,2025,0
E02236,Finance,33,81871.0,4.03,7,Yes,1,2024,0
E02237,Marketing,49,45867.0,3.48,3,No,1,2023,0
E02238,Marketing,21,90115.0,3.73,12,Yes,1,2019,0
E02239,Finance,27,39467.0,4.52,0,Yes,1,2025,0
E02240,IT,47,60979.0,3.78,13,No,7,2018,0
E02241,Operations,34,83116.0,2.65,11,Yes,1,2020,0
E02242,Operations,53,52880.0,3.4,14,Yes,1,2022,0
E02243,IT,27,62956.0,4.4,11,No,2,2026,0
E02244,Operations,36,36710.0,3.07,15,No,0,2026,0
E02245,Sales,37,59375.0,2.99,1,No,7,2018,0
E02246,HR,21,67751.0,3.47,16,Yes,1,2020,0
E02247,Operations,52,64161.0,3.64,8,No,0,2022,1
E02248,Finance,58,57646.0,3.69,17,Yes,1,2019,0
E02249,Sales,57,50738.0,4.5,8,No,4,2019,1
E02250,HR,38,70157.0,4.68,9,No,2,2021,0
E02251,HR,49,111378.0,3.01,15,No,6,2022,0
E02252,IT,39,42078.0,3.46,9,No,4,2023,0
E02253,Sales,48,81906.0,3.09,9,Yes,2,2020,0
E02254,HR,27,62605.0,3.71,7,No,7,2022,0
E02255,Finance,54,39013.0,4.13,15,No,3,2020,0
E02256,Operations,24,79496.0,2.63,10,No,6,2025,0
E02257,Finance,27,65282.0,3.87,7,No,0,2019,0
E02258,IT,40,60784.0,3.14,4,Yes,1,2018,0
E02259,HR,25,83969.0,2.97,1,No,6,2023,0
E02260,HR,21,34999.0,3.5,14,Yes,7,2024,0
E02261,Operations,46,65096.0,3.16,2,No,1,2021,0
E02262,Sales,51,55269.0,4.4,7,Yes,2,2024,0
E02263,Operations,39,51055.0,3.35,2,Yes,2,2023,1
E02264,Sales,47,62664.0,3.34,14,No,6,2020,0
E02265,HR,21,80399.0,3.74,12,No,6,2025,0
E02266,Sales,41,86282.0,2.58,4,No,7,2025,0
E02267,Finance,27,51346.0,3.51,6,Yes,0,2026,0
E02268,Sales,36,74428.0,4.37,4,No,7,2026,0
E02269,Operations,41,60255.0,2.71,10,No,3,2025,0
E02270,Finance,23,71367.0,4.15,7,Yes,2,2022,0
E02271,IT,36,47075.0,2.93,8,No,4,2025,0
E02272,Marketing,41,68409.0,3.76,13,No,3,2024,0
E02273,HR,48,64676.0,2.12,10,No,2,2019,0
E02274,IT,45,52964.0,3.0,2,No,0,2022,0
E02275,IT,28,53426.0,3.93,2,No,6,2021,0
E02276,Finance,22,63718.0,3.76,1,Yes,7,2024,1
E02277,Sales,40,57739.0,3.0,2,No,6,2021,0
E02278,Operations,22,64537.0,3.54,7,Yes,6,2022,1
E02279,Marketing,54,67850.0,3.22,13,No,4,2019,0
E02280,Operations,52,30865.0,2.6,11,No,5,2020,1
E02281,HR,59,73877.0,2.97,7,No,7,2020,0
E02282,Operations,29,53744.0,3.11,11,Yes,2,2018,0
E02283,Operations,27,58238.0,2.37,2,No,0,2019,0
E02284,Operations,29,86326.0,3.16,14,No,4,2019,0
E02285,Marketing,31,89201.0,2.15,2,No,1,2023,0
E02286,IT,43,50859.0,3.13,4,No,2,2021,0
E02287,IT,33,44807.0,3.19,14,No,5,2020,0
E02288,Marketing,56,47335.0,4.26,0,No,3,2022,0
E02289,Sales,35,67830.0,3.71,5,No,0,2019,0
E02290,HR,58,61034.0,4.37,5,No,5,2023,0
E02291,IT,41,59283.0,3.06,6,No,1,2024,0
E02292,Sales,21,43094.0,3.37,8,Yes,3,2019,1
E02293,Finance,50,60552.0,2.93,12,No,6,2026,0
E02294,Operations,28,61573.0,3.07,13,Yes,4,2020,0
E02295,Marketing,39,73219.0,2.71,13,No,7,2026,0
E02296,Marketing,59,53161.0,2.27,1,No,5,2025,0
E02297,IT,24,93459.0,2.67,5,Yes,5,2025,0
E02298,Sales,46,70345.0,2.92,9,No,2,2026,0
E02299,IT,26,41936.0,2.78,9,No,7,2022,0
E02300,Sales,60,61356.0,3.18,5,No,2,2019,0
E02301,Operations,43,29534.0,4.35,6,No,7,2023,0
E02302,Marketing,24,79172.0,2.52,14,Yes,6,2021,0
E02303,Sales,34,61034.0,4.65,3,Yes,0,2024,0
E02304,IT,33,83999.0,2.47,0,No,1,2019,0
E02305,HR,29,68724.0,3.13,11,Yes,3,2025,0
E02306,Marketing,21,57858.0,3.01,15,No,2,2022,0
E02307,Operations,45,63996.0,3.44,6,No,4,2024,1
E02308,Finance,32,62494.0,3.76,13,No,6,2024,0
E02309,Sales,42,63610.0,3.63,11,No,3,2026,0
E02310,IT,60,71767.0,3.83,8,No,7,2019,0
E02311,Operations,34,44801.0,3.21,5,No,1,2020,0
E02312,Operations,52,79110.0,2.96,5,Yes,3,2023,0
E02313,Sales,52,54313.0,2.8,0,No,7,2026,0
E02314,Sales,48,53626.0,2.33,3,No,1,2022,0
E02315,Operations,50,62350.0,3.77,5,No,3,2022,0
E02316,IT,32,44347.0,3.74,0,No,2,2022,0
E02317,Operations,54,49302.0,3.26,3,No,1,2025,0
E02318,Operations,54,77114.0,1.3,2,Yes,0,2023,0
E02319,Operations,38,85618.0,2.59,6,Yes,1,2018,1
E02320,IT,51,108041.0,2.98,15,Yes,7,2024,0
E02321,Sales,49,112018.0,3.44,2,No,3,2020,0
E02322,Operations,51,40584.0,3.88,17,No,6,2018,0
E02323,Operations,42,74516.0,3.81,12,Yes,7,2020,0
E02324,HR,41,48025.0,2.18,3,Yes,1,2020,0
E02325,Finance,28,42920.0,3.63,13,No,0,2022,0
E02326,HR,33,78135.0,4.05,12,No,5,2020,0
E02327,Finance,26,49007.0,2.25,2,No,2,2022,0
E02328,Operations,57,73552.0,3.53,10,No,5,2025,0
E02329,IT,30,86144.0,3.57,3,No,5,2018,0
E02330,Sales,37,41615.0,3.13,14,No,1,2018,1
E02331,Sales,41,70666.0,3.83,9,No,4,2021,0
E02332,Operations,53,67859.0,3.37,2,No,0,2020,0
E02333,IT,56,77767.0,4.17,13,Yes,0,2018,0
E02334,Finance,58,72002.0,4.32,17,Yes,3,2025,0
E02335,Operations,29,71808.0,3.68,1,No,3,2025,0
E02336,Operations,56,57056.0,2.74,17,Yes,3,2018,0
E02337,Sales,31,59618.0,3.6,4,Yes,4,2019,0
E02338,IT,25,67916.0,3.24,10,Yes,4,2021,0
E02339,Marketing,34,58382.0,2.92,5,No,0,2018,0
E02340,IT,43,75879.0,3.81,12,No,0,2025,0
E02341,Operations,26,48760.0,2.85,2,Yes,5,2020,0
E02342,Marketing,36,84904.0,3.7,9,Yes,2,2025,0
E02343,Operations,31,87034.0,3.16,6,Yes,1,2025,0
E02344,IT,43,52686.0,4.44,10,No,2,2021,0
E02345,Operations,25,72419.0,4.0,10,No,3,2026,0
E02346,Finance,44,63148.0,2.08,14,Yes,2,2025,0
E02347,IT,37,60501.0,2.97,14,No,2,2021,0
E02348,HR,60,92325.0,3.95,2,No,5,2024,0
E02349,Finance,24,55401.0,2.74,3,Yes,3,2022,0
E02350,Sales,42,64193.0,3.28,6,No,0,2026,0
E02351,IT,32,55553.0,4.02,0,No,2,2020,0
E02352,Marketing,22,66384.0,3.29,0,No,4,2026,0
E02353,IT,54,89443.0,3.9,9,No,7,2023,1
E02354,Sales,38,28000.0,4.15,17,No,5,2026,0
E02355,Sales,27,89372.0,3.79,15,Yes,6,2025,0
E02356,Marketing,22,92545.0,3.59,15,No,0,2022,0
E02357,Sales,53,39710.0,1.95,13,Yes,5,2018,0
E02358,Finance,33,100852.0,3.17,14,Yes,2,2025,0
E02359,Sales,32,93414.0,3.32,2,No,3,2021,0
E02360,Marketing,26,96968.0,3.93,4,No,0,2022,0
E02361,Sales,60,84036.0,4.34,12,Yes,7,2025,1
E02362,Sales,46,39603.0,2.93,5,Yes,4,2019,0
E02363,Finance,45,56652.0,3.45,13,No,0,2020,0
E02364,HR,57,28000.0,3.41,17,No,6,2025,0
E02365,IT,23,67166.0,4.54,7,No,5,2023,0
E02366,Sales,45,73949.0,4.89,3,Yes,3,2026,0
E02367,Sales,28,86507.0,3.06,7,No,1,2021,0
E02368,Operations,41,49515.0,2.78,14,No,5,2025,0
E02369,Finance,56,56538.0,2.14,15,No,7,2026,0
E02370,HR,56,54357.0,3.01,7,No,2,2023,0
E02371,Sales,46,38372.0,3.47,10,No,1,2022,0
E02372,Sales,23,85995.0,3.12,9,No,7,2023,0
E02373,Marketing,34,72046.0,4.3,9,No,3,2025,0
E02374,Sales,32,63632.0,3.67,2,No,6,2026,0
E02375,HR,24,78239.0,2.78,7,Yes,6,2023,1
E02376,IT,51,78819.0,4.44,16,No,0,2021,0
E02377,Sales,50,79835.0,2.96,13,Yes,3,2024,0
E02378,Sales,22,60170.0,3.43,14,No,0,2018,0
E02379,IT,45,59609.0,3.67,14,No,4,2021,0
E02380,Sales,28,41527.0,3.24,1,Yes,2,2022,0
E02381,Sales,41,58046.0,3.72,9,No,5,2019,0
E02382,Finance,57,72419.0,3.24,16,No,5,2019,0
E02383,Operations,41,58489.0,4.34,14,No,6,2025,0
E02384,Marketing,28,91580.0,2.95,6,Yes,3,2024,0
E02385,Sales,54,55282.0,3.02,15,Yes,7,2020,0
E02386,Operations,53,95518.0,2.84,7,No,7,2022,0
E02387,Operations,57,74132.0,4.02,15,No,7,2025,0
E02388,Finance,46,81931.0,3.61,16,No,2,2025,0
E02389,Operations,49,28000.0,3.53,1,Yes,1,2018,0
E02390,IT,48,54549.0,3.63,14,Yes,2,2023,0
E02391,HR,58,80224.0,3.47,6,No,6,2023,0
E02392,Operations,28,99286.0,2.99,2,No,2,2020,0
E02393,Sales,25,134226.0,3.31,5,No,3,2022,0
E02394,Operations,29,76594.0,2.14,8,No,2,2018,0
E02395,IT,48,45294.0,3.29,7,No,1,2020,1
E02396,Marketing,38,68206.0,4.52,7,Yes,5,2025,0
E02397,Operations,55,50195.0,2.64,13,No,4,2018,0
E02398,Operations,57,66381.0,3.23,11,No,6,2021,0
E02399,Operations,56,96704.0,4.66,7,No,4,2025,0
E02400,Sales,54,87740.0,2.9,9,No,0,2021,0
E02401,Marketing,51,59219.0,3.2,17,No,3,2025,0
E02402,Sales,31,41622.0,1.76,12,No,1,2021,0
E02403,Operations,24,59332.0,1.96,7,No,5,2022,0
E02404,Operations,53,31568.0,2.35,11,No,2,2020,0
E02405,Operations,31,66275.0,3.37,6,No,0,2020,1
E02406,Operations,51,74298.0,2.9,7,Yes,5,2025,1
E02407,IT,28,48462.0,3.38,6,No,2,2025,0
E02408,Sales,45,37645.0,4.07,4,No,5,2025,0
E02409,Sales,23,93867.0,2.92,8,No,4,2026,0
E02410,HR,50,66757.0,4.39,9,Yes,5,2026,0
E02411,Operations,40,131768.0,3.56,11,No,5,2022,0
E02412,Marketing,46,58926.0,4.63,8,No,2,2019,0
E02413,Operations,25,61903.0,4.76,4,No,2,2024,0
E02414,Operations,37,82377.0,4.08,8,Yes,2,2022,0
E02415,IT,52,52604.0,2.95,9,No,6,2021,0
E02416,Sales,54,102530.0,4.08,7,Yes,0,2025,0
E02417,HR,53,48838.0,2.69,10,No,4,2025,0
E02418,Sales,55,65567.0,4.78,14,Yes,7,2023,0
E02419,Marketing,41,86178.0,3.46,0,Yes,3,2018,0
E02420,Marketing,49,76808.0,5.0,16,No,6,2025,0
E02421,Operations,37,83333.0,2.84,3,No,7,2018,0
E02422,Finance,45,45763.0,3.63,2,No,7,2019,0
E02423,Sales,56,66468.0,3.41,8,Yes,5,2021,0
E02424,Marketing,52,84665.0,4.01,3,Yes,4,2022,0
E02425,IT,34,75228.0,2.6,0,Yes,5,2021,1
E02426,Sales,32,69738.0,2.6,16,Yes,0,2023,0
E02427,Finance,43,107736.0,2.95,13,No,6,2019,0
E02428,Operations,34,83597.0,4.64,4,No,5,2026,0
E02429,Operations,28,51063.0,3.68,15,Yes,7,2018,0
E02430,Sales,44,72633.0,2.87,3,No,3,2024,0
E02431,HR,37,77249.0,2.02,16,No,0,2021,1
E02432,Sales,52,77239.0,3.79,8,No,1,2026,0
E02433,Sales,28,75876.0,3.42,3,No,4,2020,0
E02434,Operations,58,91106.0,2.42,11,Yes,4,2019,0
E02435,Sales,31,83596.0,3.63,12,Yes,4,2022,0
E02436,Marketing,34,71838.0,2.42,17,No,3,2022,0
E02437,Marketing,30,50167.0,3.57,4,Yes,7,2023,0
E02438,Marketing,47,30521.0,4.02,15,Yes,6,2018,0
E02439,Operations,21,82587.0,2.72,14,No,2,2022,0
E02440,IT,44,57979.0,3.92,10,No,1,2024,1
E02441,Marketing,48,75453.0,3.0,11,Yes,2,2023,0
E02442,Sales,30,73753.0,2.14,5,Yes,6,2025,1
E02443,Sales,53,53751.0,3.28,10,No,4,2024,0
E02444,Operations,41,85320.0,3.73,4,No,4,2024,0
E02445,Finance,50,75922.0,2.73,2,No,2,2022,0
E02446,Operations,44,56820.0,2.61,0,No,0,2024,0
E02447,IT,55,63445.0,3.66,11,Yes,1,2020,0
E02448,Operations,48,67229.0,3.49,8,No,0,2025,0
E02449,Sales,24,49470.0,2.84,8,No,7,2022,0
E02450,Sales,54,96664.0,4.69,16,Yes,0,2025,0
E02451,Marketing,35,75220.0,3.69,10,No,5,2025,0
E02452,HR,56,28000.0,3.05,11,No,5,2019,0
E02453,HR,49,90958.0,5.0,4,No,6,2025,0
E02454,Operations,32,45617.0,3.59,15,No,2,2018,0
E02455,IT,24,42064.0,4.33,16,No,2,2018,0
E02456,IT,59,74550.0,3.57,2,No,3,2026,0
E02457,Sales,57,63960.0,2.98,3,No,5,2019,0
E02458,Finance,35,46927.0,3.17,8,No,0,2025,0
E02459,Marketing,37,68381.0,2.96,7,Yes,5,2024,0
E02460,Operations,45,59515.0,4.32,15,No,6,2020,0
E02461,IT,50,94622.0,3.13,2,No,0,2024,0
E02462,Sales,43,46164.0,3.77,8,No,2,2026,0
E02463,Marketing,52,40222.0,3.41,17,No,5,2026,0
E02464,Marketing,58,81535.0,3.24,5,No,6,2021,0
E02465,HR,24,61699.0,3.44,3,No,0,2025,0
E02466,IT,47,96494.0,3.28,8,No,6,2019,0
E02467,Finance,43,70312.0,3.9,14,No,4,2026,0
E02468,Marketing,53,60861.0,2.72,13,No,1,2019,0
E02469,Marketing,36,73056.0,3.83,5,No,2,2026,0
E02470,IT,31,57422.0,2.82,13,Yes,1,2024,0
E02471,Operations,21,86470.0,2.77,16,Yes,3,2023,1
E02472,Marketing,51,87567.0,3.28,15,Yes,7,2021,1
E02473,IT,47,45089.0,3.44,17,No,6,2020,0
E02474,Operations,32,48388.0,3.18,2,No,7,2024,0
E02475,Marketing,41,51164.0,3.08,3,No,6,2026,0
E02476,Operations,48,38172.0,5.0,9,No,4,2019,0
E02477,Sales,59,38282.0,3.39,6,Yes,6,2020,0
E02478,Operations,42,55167.0,3.61,6,No,7,2024,1
E02479,Sales,25,55562.0,4.33,6,Yes,1,2021,0
E02480,Marketing,51,46806.0,2.15,5,No,0,2026,0
E02481,Operations,37,29207.0,3.27,9,No,2,2018,0
E02482,IT,31,54761.0,3.1,7,No,3,2018,0
E02483,Sales,31,51134.0,3.98,3,No,2,2018,0
E02484,IT,21,82176.0,3.55,15,No,2,2023,0
E02485,Sales,28,55208.0,3.5,2,No,6,2018,0
E02486,Marketing,58,62947.0,3.47,3,No,5,2019,0
E02487,Operations,28,69086.0,2.33,7,No,7,2020,0
E02488,IT,24,64395.0,3.71,15,No,3,2018,0
E02489,HR,37,66140.0,2.96,7,No,0,2022,0
E02490,HR,49,64116.0,3.46,5,No,1,2021,0
E02491,Operations,32,68710.0,3.4,9,No,7,2021,0
E02492,Operations,50,80170.0,4.6,7,No,1,2021,0
E02493,Operations,25,113682.0,4.04,2,No,1,2022,0
E02494,Sales,43,91969.0,2.84,2,Yes,2,2022,0
E02495,Finance,33,36804.0,4.23,3,No,6,2025,0
E02496,Operations,35,75577.0,3.44,5,No,2,2018,0
E02497,IT,26,28000.0,4.11,12,No,6,2024,0
E02498,Marketing,22,83290.0,4.81,2,No,1,2023,1
E02499,Sales,56,58475.0,4.57,8,No,4,2024,0
E02500,Operations,25,66567.0,3.07,4,No,2,2021,0
E02501,Finance,41,58055.0,3.87,16,Yes,7,2022,0
E02502,Finance,30,69386.0,2.93,4,Yes,0,2026,0
E02503,Finance,54,52288.0,1.78,13,No,0,2020,1
E02504,Finance,24,44148.0,3.96,4,Yes,2,2022,0
E02505,HR,36,45032.0,4.09,5,No,3,2022,0
E02506,Sales,40,85990.0,2.94,15,No,2,2021,0
E02507,Operations,24,56581.0,2.86,11,No,4,2020,1
E02508,Operations,29,73080.0,2.75,9,No,7,2020,1
E02509,IT,35,75560.0,2.28,14,No,5,2020,0
E02510,IT,35,100204.0,4.06,3,Yes,2,2023,0
E02511,Operations,41,72839.0,4.0,13,No,1,2024,0
E02512,Marketing,46,54797.0,1.62,17,No,4,2019,0
E02513,IT,35,69133.0,4.09,17,No,6,2023,0
E02514,HR,23,60088.0,3.57,13,No,0,2018,1
E02515,IT,58,43630.0,2.79,4,No,5,2024,0
E02516,Operations,47,76193.0,3.31,14,No,3,2021,0
E02517,IT,54,64972.0,2.3,14,Yes,0,2023,0
E02518,Sales,21,58839.0,3.46,17,No,7,2023,0
E02519,Sales,27,31461.0,4.19,2,No,2,2020,0
E02520,Sales,48,47904.0,3.5,10,No,4,2025,0
E02521,Operations,24,28000.0,4.45,2,No,5,2022,0
E02522,Operations,45,40938.0,4.34,16,No,0,2026,0
E02523,IT,59,73183.0,3.12,14,No,6,2026,0
E02524,Marketing,38,69885.0,3.17,4,No,3,2021,1
E02525,Operations,30,60409.0,3.22,17,No,4,2023,0
E02526,Operations,59,62550.0,3.71,13,No,7,2018,0
E02527,IT,33,45489.0,3.28,3,No,7,2018,0
E02528,Sales,47,58233.0,3.3,10,No,3,2026,0
E02529,Finance,30,80100.0,3.21,5,No,3,2022,0
E02530,Sales,39,81077.0,2.76,11,No,7,2026,1
E02531,IT,52,62505.0,3.38,12,No,4,2020,0
E02532,Operations,54,39402.0,1.71,14,No,5,2021,0
E02533,Operations,21,43390.0,2.46,4,Yes,4,2020,1
E02534,Sales,40,78969.0,2.74,7,Yes,5,2023,0
E02535,Operations,42,87794.0,4.24,10,No,3,2023,0
E02536,Sales,41,42020.0,4.36,0,Yes,1,2025,0
E02537,IT,36,58527.0,3.13,0,No,7,2019,0
E02538,IT,48,41100.0,4.96,7,No,4,2023,0
E02539,IT,57,76512.0,2.85,10,No,5,2025,0
E02540,Operations,36,84424.0,3.81,17,Yes,0,2022,0
E02541,Operations,34,72604.0,3.58,6,No,3,2026,0
E02542,HR,21,77860.0,4.18,11,No,1,2023,0
E02543,Operations,50,71627.0,3.64,12,Yes,5,2019,0
E02544,Finance,27,95112.0,3.05,17,No,1,2021,0
E02545,Sales,23,28000.0,3.64,10,No,0,2018,0
E02546,Operations,40,59797.0,2.97,5,No,3,2020,0
E02547,IT,46,34382.0,3.3,7,No,7,2018,0
E02548,Operations,34,64708.0,4.49,16,No,3,2019,0
E02549,Finance,53,78909.0,2.76,10,Yes,4,2018,0
E02550,IT,49,89449.0,2.6,10,Yes,2,2022,1
E02551,Operations,27,59790.0,3.75,13,No,6,2020,0
E02552,IT,25,72742.0,2.74,5,Yes,2,2018,0
E02553,Finance,34,40699.0,2.54,4,No,7,2019,0
E02554,Operations,52,44034.0,3.69,11,No,0,2025,0
E02555,Finance,38,65473.0,2.92,16,No,2,2025,0
E02556,Sales,57,84843.0,3.43,14,No,6,2022,0
E02557,Marketing,53,59542.0,3.47,3,No,3,2020,0
E02558,Marketing,39,77794.0,3.67,7,No,4,2024,0
E02559,Operations,51,77854.0,3.4,17,Yes,3,2021,0
E02560,Operations,49,65067.0,3.07,16,No,2,2021,0
E02561,Finance,22,58929.0,3.67,3,No,6,2025,0
E02562,IT,57,82060.0,2.79,10,No,2,2019,0
E02563,Finance,24,78662.0,2.54,4,No,2,2018,0
E02564,HR,51,77846.0,3.98,8,Yes,5,2023,0
E02565,IT,29,67065.0,3.51,14,Yes,6,2018,0
E02566,IT,29,34899.0,4.05,14,No,2,2026,0
E02567,Sales,34,86435.0,3.19,4,No,3,2019,0
E02568,Sales,24,89991.0,2.94,2,No,5,2021,0
E02569,Sales,57,83587.0,2.89,14,No,2,2024,0
E02570,Operations,47,70018.0,4.3,2,No,5,2026,0
E02571,HR,49,68348.0,2.98,16,No,3,2021,0
E02572,Operations,24,36090.0,3.47,15,No,3,2020,0
E02573,IT,53,75891.0,3.15,4,No,0,2022,1
E02574,IT,41,74768.0,3.45,11,No,4,2023,0
E02575,HR,48,71156.0,2.78,11,Yes,0,2026,0
E02576,Finance,58,87092.0,3.17,9,No,6,2026,0
E02577,Sales,36,28000.0,1.81,1,No,7,2019,0
E02578,Operations,56,72709.0,4.04,16,No,6,2020,0
E02579,Operations,29,85895.0,2.8,0,Yes,7,2023,0
E02580,IT,22,54981.0,3.69,6,No,4,2026,0
E02581,Finance,33,34178.0,2.42,9,Yes,4,2025,0
E02582,Operations,53,47378.0,2.51,7,No,1,2025,0
E02583,Sales,48,93909.0,1.94,4,No,3,2025,1
E02584,IT,42,72848.0,2.39,11,No,6,2018,1
E02585,Sales,40,57034.0,3.06,4,No,6,2024,0
E02586,Finance,60,92041.0,3.21,6,No,5,2025,0
E02587,Operations,37,33536.0,4.57,13,No,2,2026,0
E02588,Sales,29,64586.0,3.32,10,Yes,5,2018,0
E02589,Sales,25,28000.0,2.29,8,No,2,2019,1
E02590,Finance,38,38306.0,3.17,5,No,6,2023,0
E02591,Marketing,24,61249.0,4.59,4,No,5,2024,0
E02592,Sales,56,101084.0,5.0,10,Yes,4,2019,0
E02593,Operations,30,94663.0,3.87,3,No,1,2024,0
E02594,Operations,52,90187.0,2.58,8,Yes,7,2022,1
E02595,Operations,43,53058.0,2.63,8,No,0,2026,0
E02596,Finance,33,58920.0,2.1,14,No,6,2020,0
E02597,Sales,43,75417.0,3.13,1,No,0,2018,0
E02598,Operations,24,32425.0,2.96,11,No,2,2020,0
E02599,Sales,47,63800.0,2.91,7,No,3,2023,0
E02600,Sales,37,28451.0,2.84,6,No,4,2023,0
E02601,IT,23,81514.0,3.54,0,No,1,2026,0
E02602,Sales,50,66697.0,3.08,12,No,1,2025,0
E02603,IT,60,35728.0,3.57,10,No,4,2018,0
E02604,IT,24,69434.0,3.27,9,No,5,2021,0
E02605,IT,55,51877.0,3.58,9,No,4,2019,0
E02606,IT,49,77272.0,2.53,14,No,2,2021,0
E02607,IT,31,57692.0,3.81,3,No,0,2021,0
E02608,Operations,41,95008.0,2.58,15,No,0,2018,0
E02609,Sales,38,71621.0,2.75,13,No,0,2026,0
E02610,Marketing,29,59539.0,2.67,15,No,5,2022,0
E02611,Sales,42,78658.0,1.54,10,Yes,0,2022,0
E02612,Operations,28,46931.0,4.18,2,Yes,7,2020,0
E02613,Operations,45,94006.0,2.89,2,Yes,4,2025,0
E02614,HR,46,82448.0,3.57,4,No,1,2022,0
E02615,Sales,36,52730.0,3.73,12,No,2,2020,0
E02616,IT,24,80129.0,3.03,0,No,3,2018,0
E02617,Finance,59,72677.0,2.2,9,No,6,2021,0
E02618,Operations,59,56587.0,3.55,9,No,1,2020,0
E02619,Operations,57,83862.0,3.37,0,No,7,2024,0
E02620,Sales,34,74436.0,3.99,9,No,6,2026,0
E02621,Finance,30,71138.0,3.07,6,Yes,3,2022,0
E02622,IT,32,93232.0,3.3,8,No,7,2026,0
E02623,Finance,38,86365.0,4.14,9,Yes,5,2021,0
E02624,IT,31,49330.0,4.43,10,No,5,2020,0
E02625,Finance,55,43232.0,4.15,13,No,4,2026,0
E02626,Operations,30,83887.0,3.52,15,No,6,2018,0
E02627,Operations,28,65743.0,3.87,9,No,3,2024,0
E02628,Operations,46,64500.0,2.62,12,No,7,2018,0
E02629,Sales,29,49658.0,3.29,8,No,4,2023,0
E02630,IT,31,34415.0,4.26,11,No,2,2025,0
E02631,Sales,27,79982.0,3.67,4,Yes,4,2019,0
E02632,IT,56,66315.0,3.19,2,Yes,7,2026,0
E02633,Finance,41,91974.0,4.19,17,No,4,2022,0
E02634,IT,35,59743.0,4.24,9,No,5,2020,0
E02635,Operations,50,56007.0,3.94,14,No,7,2020,0
E02636,HR,28,60702.0,2.65,5,No,4,2023,0
E02637,Marketing,27,55798.0,3.18,15,No,0,2023,0
E02638,IT,58,50298.0,5.0,12,No,2,2023,0
E02639,Operations,36,85024.0,3.82,5,No,3,2023,0
E02640,Sales,27,89205.0,2.39,5,No,2,2022,1
E02641,IT,48,67436.0,3.32,17,Yes,6,2023,0
E02642,IT,42,68759.0,1.96,2,No,0,2021,0
E02643,Marketing,29,61920.0,3.13,5,No,5,2022,0
E02644,Operations,52,58964.0,3.39,13,Yes,6,2023,0
E02645,Operations,49,56759.0,4.54,9,No,4,2024,0
E02646,Sales,30,58838.0,4.96,8,No,2,2023,0
E02647,Finance,47,57776.0,2.19,5,No,2,2018,0
E02648,Sales,36,82309.0,3.55,15,No,2,2022,0
E02649,HR,24,79838.0,3.13,6,No,4,2026,0
E02650,Finance,36,56693.0,2.94,15,No,5,2019,0
E02651,HR,44,54640.0,3.81,3,Yes,2,2021,0
E02652,IT,25,60397.0,3.99,12,No,2,2023,0
E02653,Finance,56,59816.0,3.68,9,No,3,2022,0
E02654,Sales,35,93234.0,3.69,13,No,6,2021,0
E02655,Operations,41,101630.0,3.49,13,No,6,2022,0
E02656,IT,36,40884.0,3.16,6,Yes,0,2026,0
E02657,Finance,34,41051.0,2.84,16,No,6,2022,0
E02658,Marketing,58,72327.0,2.16,8,Yes,7,2018,0
E02659,Operations,23,30372.0,2.39,14,No,0,2019,0
E02660,Operations,34,54232.0,2.6,3,No,4,2024,0
E02661,Operations,59,85426.0,3.88,0,Yes,1,2019,1
E02662,Finance,21,69929.0,1.77,8,Yes,2,2023,0
E02663,Marketing,56,35072.0,3.31,1,No,1,2019,0
E02664,Marketing,48,101289.0,4.02,10,No,5,2025,0
E02665,IT,43,58670.0,3.07,4,No,6,2024,0
E02666,Operations,54,72634.0,2.79,0,No,6,2025,0
E02667,Finance,54,44241.0,3.32,16,Yes,7,2021,0
E02668,Marketing,31,51091.0,2.94,14,Yes,6,2021,0
E02669,Marketing,59,55124.0,3.47,13,No,0,2022,0
E02670,Marketing,44,51192.0,4.79,6,No,5,2018,0
E02671,Sales,41,50201.0,3.81,0,No,0,2021,0
E02672,Finance,56,32512.0,3.2,9,No,3,2024,0
E02673,Operations,52,56437.0,4.36,2,No,0,2021,0
E02674,Sales,55,68207.0,2.53,6,No,6,2019,1
E02675,Operations,38,28000.0,4.44,13,No,1,2023,1
E02676,Marketing,53,81487.0,3.27,17,No,1,2024,0
E02677,Operations,57,85245.0,3.1,6,No,1,2026,0
E02678,IT,27,55862.0,2.89,11,No,7,2022,0
E02679,Operations,53,63774.0,2.36,2,No,5,2026,0
E02680,IT,43,92739.0,3.46,17,No,2,2021,0
E02681,Operations,44,80993.0,3.62,2,No,4,2018,0
E02682,Operations,46,67873.0,3.16,0,Yes,3,2025,0
E02683,HR,53,54763.0,4.44,0,No,5,2018,0
E02684,Marketing,35,75600.0,5.0,15,No,6,2026,0
E02685,Sales,53,74302.0,3.85,11,No,7,2023,0
E02686,Marketing,38,41989.0,3.2,11,No,4,2023,0
E02687,HR,45,62066.0,4.03,15,Yes,4,2026,0
E02688,HR,58,88097.0,4.8,14,No,1,2026,0
E02689,Sales,47,67872.0,3.31,9,Yes,3,2026,1
E02690,Sales,52,79174.0,2.81,16,Yes,2,2020,0
E02691,Marketing,47,66055.0,3.01,9,No,3,2023,1
E02692,Marketing,25,48812.0,3.25,16,No,1,2025,0
E02693,IT,22,97264.0,3.67,5,No,3,2019,0
E02694,Marketing,42,92856.0,3.84,16,No,2,2019,0
E02695,Operations,49,86305.0,1.88,15,Yes,1,2020,0
E02696,Finance,40,67454.0,2.65,17,Yes,1,2026,0
E02697,IT,38,81425.0,2.65,13,No,2,2020,0
E02698,Finance,56,110538.0,3.05,14,Yes,4,2020,0
E02699,Sales,43,93916.0,2.4,10,Yes,0,2021,1
E02700,IT,49,40021.0,2.61,0,No,6,2022,0
E02701,Sales,24,81517.0,2.02,16,Yes,1,2025,0
E02702,Marketing,45,44568.0,5.0,6,Yes,7,2020,1
E02703,IT,38,52296.0,3.16,1,Yes,1,2025,0
E02704,Marketing,45,47766.0,1.78,16,No,0,2022,0
E02705,IT,31,64276.0,4.01,13,No,7,2020,0
E02706,Sales,27,65577.0,2.77,2,No,5,2025,0
E02707,Operations,28,60349.0,3.09,11,No,5,2019,0
E02708,IT,33,66248.0,5.0,11,No,5,2018,0
E02709,IT,21,86146.0,2.37,14,Yes,2,2023,0
E02710,IT,39,78271.0,4.03,9,Yes,1,2022,0
E02711,HR,55,74518.0,4.29,3,No,7,2024,0
E02712,IT,46,68095.0,3.64,16,No,4,2018,0
E02713,IT,55,57469.0,1.8,8,No,2,2022,0
E02714,Marketing,47,59030.0,3.74,11,No,5,2020,0
E02715,Finance,36,61106.0,3.38,3,No,2,2024,0
E02716,IT,60,35310.0,4.18,7,Yes,7,2018,0
E02717,Marketing,34,49454.0,3.43,4,Yes,3,2024,0
E02718,Finance,51,61512.0,3.13,10,No,1,2022,0
E02719,Sales,48,92606.0,4.02,1,Yes,6,2018,1
E02720,Sales,26,50032.0,3.77,3,Yes,5,2019,1
E02721,Finance,35,65902.0,2.3,2,Yes,2,2019,1
E02722,IT,37,88120.0,2.89,0,Yes,5,2026,0
E02723,IT,45,41210.0,2.16,15,No,6,2024,1
E02724,Marketing,29,73808.0,3.12,11,No,2,2022,0
E02725,IT,25,61653.0,2.8,15,No,6,2019,0
E02726,Finance,53,57901.0,4.56,11,No,3,2019,0
E02727,Finance,22,67171.0,2.14,0,No,3,2025,0
E02728,IT,28,88428.0,3.12,0,No,6,2024,0
E02729,Sales,44,68205.0,2.62,0,No,1,2024,0
E02730,IT,39,65011.0,2.41,3,No,3,2021,0
E02731,Sales,40,74027.0,3.3,3,No,3,2021,0
E02732,Finance,46,74780.0,2.94,16,No,6,2019,0
E02733,Sales,60,65135.0,3.37,5,No,3,2023,0
E02734,Finance,48,61689.0,4.6,3,No,3,2023,0
E02735,Operations,31,42636.0,3.53,11,No,0,2018,0
E02736,Finance,21,82902.0,5.0,6,No,7,2018,0
E02737,IT,47,71712.0,3.05,0,Yes,7,2023,0
E02738,Sales,33,45682.0,3.37,2,No,6,2018,1
E02739,IT,30,69893.0,5.0,8,Yes,7,2019,0
E02740,Operations,51,43204.0,3.93,9,Yes,1,2022,0
E02741,IT,41,36405.0,1.77,6,No,6,2018,0
E02742,Sales,41,44169.0,3.92,10,No,2,2026,0
E02743,Marketing,34,32758.0,2.9,17,No,6,2021,0
E02744,Operations,26,53243.0,2.43,6,Yes,0,2020,0
E02745,Operations,27,58226.0,4.57,15,No,5,2021,0
E02746,IT,29,66782.0,2.96,5,No,6,2018,0
E02747,Marketing,56,57187.0,3.37,7,No,1,2022,0
E02748,Operations,25,90187.0,3.36,5,No,4,2026,0
E02749,Sales,53,105486.0,2.23,15,Yes,6,2018,0
E02750,IT,53,85099.0,2.21,17,No,0,2025,0
E02751,Marketing,55,44191.0,3.56,5,No,5,2019,0
E02752,IT,55,58660.0,2.9,7,No,4,2023,0
E02753,Operations,24,86493.0,3.46,1,No,2,2019,0
E02754,Marketing,47,46251.0,3.08,13,Yes,7,2019,0
E02755,Operations,40,55984.0,4.3,0,No,1,2019,1
E02756,Sales,31,58489.0,3.01,8,No,3,2019,0
E02757,Sales,47,59004.0,4.1,15,Yes,2,2020,0
E02758,Operations,39,88940.0,2.94,12,No,4,2020,0
E02759,IT,40,59051.0,4.34,11,No,4,2024,0
E02760,Operations,49,28737.0,3.11,0,No,3,2021,0
E02761,Operations,57,75260.0,4.15,1,Yes,5,2023,0
E02762,Operations,51,63988.0,3.03,5,No,6,2021,0
E02763,Sales,42,67272.0,2.23,7,No,4,2022,1
E02764,Marketing,29,60142.0,2.78,15,Yes,5,2018,1
E02765,Sales,47,80755.0,3.65,9,Yes,5,2022,0
E02766,IT,32,69249.0,2.5,17,No,4,2022,0
E02767,Finance,28,61157.0,3.61,0,No,7,2020,0
E02768,Marketing,46,68143.0,2.96,14,No,0,2024,0
E02769,Sales,55,97079.0,3.69,14,No,6,2019,0
E02770,Sales,38,42220.0,3.79,0,No,3,2026,0
E02771,Sales,54,54850.0,3.09,15,No,7,2022,0
E02772,Sales,59,71469.0,2.6,2,No,7,2023,0
E02773,Operations,54,65552.0,3.37,15,No,7,2026,0
E02774,IT,41,71723.0,3.11,15,No,7,2023,0
E02775,IT,33,82095.0,3.1,2,No,4,2018,0
E02776,IT,56,55101.0,4.55,1,No,1,2023,0
E02777,Finance,43,62467.0,3.05,15,No,6,2020,0
E02778,Finance,50,44957.0,3.98,7,No,5,2018,0
E02779,HR,58,72126.0,2.6,1,No,0,2024,0
E02780,IT,37,87273.0,3.32,6,No,2,2018,0
E02781,Sales,56,78526.0,3.47,6,No,7,2018,0
E02782,Marketing,28,86974.0,3.95,2,Yes,6,2020,0
E02783,Operations,29,75359.0,3.16,2,Yes,6,2018,0
E02784,Sales,28,69189.0,2.37,5,No,0,2021,0
E02785,IT,46,91372.0,3.77,7,Yes,5,2025,0
E02786,HR,21,60489.0,3.46,3,No,7,2025,0
E02787,Operations,26,92777.0,2.68,13,No,2,2026,0
E02788,HR,54,44759.0,4.49,13,Yes,5,2021,0
E02789,Marketing,46,78279.0,2.88,0,No,6,2026,1
E02790,IT,44,60885.0,3.52,11,No,5,2026,0
E02791,Operations,25,49409.0,3.48,16,No,6,2018,0
E02792,Sales,46,57541.0,4.6,9,No,5,2021,0
E02793,Operations,51,83140.0,5.0,9,No,2,2020,0
E02794,IT,58,80209.0,3.1,15,No,6,2022,0
E02795,Sales,31,62583.0,3.17,13,No,1,2021,0
E02796,Sales,51,45725.0,2.99,9,No,1,2021,0
E02797,HR,43,61851.0,4.22,14,No,7,2022,1
E02798,Marketing,43,62441.0,3.63,17,No,3,2019,0
E02799,Marketing,21,75056.0,3.31,16,Yes,0,2024,0
E02800,Operations,46,52237.0,3.97,14,No,0,2022,0
E02801,IT,38,43396.0,2.93,0,No,3,2022,1
E02802,Operations,22,51774.0,3.04,14,Yes,0,2021,0
E02803,Operations,60,82202.0,4.14,7,Yes,0,2024,0
E02804,Operations,43,90020.0,3.17,4,No,0,2024,0
E02805,Operations,33,35972.0,4.46,3,No,4,2019,0
E02806,Finance,26,71601.0,2.48,7,Yes,1,2025,0
E02807,Sales,33,80691.0,2.18,7,No,4,2022,0
E02808,Sales,29,69229.0,3.79,5,No,2,2018,0
E02809,Operations,52,56613.0,2.63,17,No,5,2024,0
E02810,HR,48,122284.0,4.45,14,Yes,1,2020,0
E02811,IT,27,56009.0,1.78,13,Yes,5,2020,0
E02812,Operations,21,69007.0,4.04,8,Yes,7,2025,0
E02813,Sales,21,75506.0,4.09,10,No,5,2021,0
E02814,Sales,60,69140.0,2.69,15,Yes,3,2023,0
E02815,HR,25,79724.0,3.52,15,No,7,2025,0
E02816,Marketing,48,66797.0,3.63,16,No,1,2026,0
E02817,Operations,29,77190.0,4.75,6,No,7,2026,1
E02818,IT,60,81797.0,3.62,5,No,6,2022,0
E02819,Sales,50,50079.0,3.39,17,Yes,7,2021,0
E02820,IT,55,57671.0,3.1,17,Yes,7,2022,0
E02821,Operations,33,56418.0,3.07,4,No,4,2020,0
E02822,IT,49,86670.0,3.44,15,No,4,2022,0
E02823,Sales,45,81465.0,3.65,4,No,3,2026,0
E02824,IT,56,88710.0,4.25,15,Yes,3,2020,0
E02825,IT,29,55001.0,4.56,14,No,4,2024,0
E02826,Sales,21,73347.0,3.06,13,No,6,2026,0
E02827,IT,41,58490.0,2.77,17,Yes,5,2025,0
E02828,Finance,42,61221.0,3.8,14,Yes,6,2020,0
E02829,Finance,50,68254.0,1.72,7,Yes,6,2018,0
E02830,Operations,31,58299.0,4.32,9,No,2,2022,0
E02831,Operations,50,59428.0,4.12,14,No,4,2019,0
E02832,Operations,40,48335.0,4.0,11,No,0,2019,1
E02833,Sales,45,55401.0,5.0,9,Yes,3,2024,1
E02834,Finance,27,61089.0,1.97,4,Yes,5,2024,1
E02835,Marketing,56,58191.0,3.47,14,No,0,2018,0
E02836,Sales,59,80073.0,4.13,2,No,6,2022,0
E02837,IT,44,87325.0,3.61,2,No,7,2019,0
E02838,Marketing,56,75961.0,4.43,17,No,3,2018,0
E02839,IT,40,84150.0,4.75,7,No,1,2020,0
E02840,Finance,34,64959.0,4.4,5,No,3,2021,0
E02841,Sales,27,100937.0,3.49,13,No,2,2019,0
E02842,Operations,57,74551.0,3.71,5,No,1,2024,0
E02843,Operations,29,92567.0,3.39,2,No,1,2026,0
E02844,IT,25,51362.0,4.44,12,No,7,2026,1
E02845,HR,38,74984.0,3.57,15,No,2,2023,0
E02846,IT,29,83197.0,3.44,8,Yes,2,2022,0
E02847,Marketing,41,42798.0,3.7,15,Yes,3,2023,1
E02848,Marketing,48,59850.0,3.56,0,No,3,2021,0
E02849,Sales,21,76211.0,3.53,15,No,2,2024,0
E02850,Operations,24,87690.0,3.25,7,No,7,2024,0
E02851,Finance,54,31521.0,2.06,0,Yes,2,2026,0
E02852,IT,57,64050.0,3.1,8,No,3,2018,0
E02853,IT,22,84068.0,3.08,17,No,5,2024,0
E02854,IT,23,50065.0,3.91,0,No,7,2022,0
E02855,Finance,29,38768.0,4.22,6,No,6,2025,0
E02856,Finance,60,57834.0,2.62,14,Yes,3,2025,0
E02857,Operations,51,30633.0,3.34,3,No,4,2024,0
E02858,IT,22,81147.0,3.57,9,No,4,2023,1
E02859,HR,50,45687.0,3.97,6,No,1,2018,0
E02860,Marketing,36,95578.0,3.21,12,No,1,2025,0
E02861,Operations,59,66202.0,2.89,8,Yes,0,2022,0
E02862,Marketing,21,51940.0,2.98,0,No,5,2023,0
E02863,Marketing,26,66162.0,4.12,3,No,7,2024,0
E02864,Marketing,51,93693.0,2.6,13,No,6,2022,0
E02865,Sales,37,73603.0,2.9,6,Yes,6,2025,0
E02866,Sales,50,47907.0,3.47,5,No,4,2018,0
E02867,Operations,35,65796.0,3.3,3,No,6,2026,0
E02868,IT,21,79086.0,3.03,9,Yes,4,2020,0
E02869,HR,40,49306.0,2.0,4,No,2,2018,0
E02870,Operations,44,83200.0,2.12,12,No,1,2024,0
E02871,Sales,51,76753.0,3.87,8,No,7,2025,0
E02872,IT,26,61847.0,4.47,5,No,4,2026,0
E02873,Operations,44,81384.0,2.04,11,No,0,2023,0
E02874,Finance,39,65908.0,2.63,8,No,5,2022,0
E02875,Operations,21,61150.0,2.64,3,No,2,2026,0
E02876,IT,31,81203.0,3.4,7,No,3,2023,0
E02877,Marketing,48,67832.0,3.68,2,Yes,0,2023,0
E02878,Sales,37,87883.0,2.91,1,No,5,2023,0
E02879,IT,32,80541.0,2.12,17,Yes,5,2024,0
E02880,Finance,48,32705.0,4.55,4,Yes,6,2019,0
E02881,Marketing,24,79708.0,3.36,15,No,4,2026,0
E02882,Sales,23,55405.0,2.47,14,No,3,2023,0
E02883,Finance,47,58432.0,2.82,8,No,2,2019,0
E02884,Operations,48,83504.0,4.46,2,No,2,2025,0
E02885,Sales,27,72114.0,2.49,1,No,7,2023,0
E02886,Finance,40,46826.0,4.95,0,No,1,2018,0
E02887,Finance,33,54899.0,3.05,7,Yes,1,2018,1
E02888,Operations,33,82412.0,2.29,2,No,3,2024,0
E02889,Marketing,34,47266.0,3.08,2,No,7,2026,0
E02890,IT,32,54981.0,3.5,1,No,0,2020,1
E02891,Sales,58,46918.0,3.33,7,Yes,5,2019,0
E02892,Sales,41,32442.0,3.64,9,No,6,2026,0
E02893,Marketing,21,78079.0,3.62,11,No,7,2020,0
E02894,IT,42,68301.0,2.87,10,No,7,2019,0
E02895,Sales,40,69299.0,4.17,10,No,7,2025,0
E02896,Operations,52,80101.0,3.48,13,Yes,5,2022,0
E02897,Operations,42,58200.0,3.99,2,Yes,4,2022,0
E02898,Sales,37,83929.0,3.56,14,No,6,2023,0
E02899,Sales,34,93550.0,3.39,1,Yes,5,2025,0
E02900,Operations,47,76189.0,3.42,17,No,1,2022,0
E02901,IT,59,75934.0,3.64,7,No,6,2021,0
E02902,Sales,33,62232.0,3.54,16,Yes,7,2026,0
E02903,HR,37,72432.0,4.51,9,Yes,6,2023,1
E02904,Sales,21,50054.0,2.71,3,Yes,7,2022,0
E02905,Sales,38,67744.0,2.32,5,Yes,3,2018,1
E02906,HR,55,47323.0,2.6,5,No,7,2025,0
E02907,Sales,28,74784.0,3.28,16,No,0,2019,0
E02908,Sales,34,63206.0,4.98,14,Yes,4,2022,0
E02909,Sales,54,60078.0,3.72,3,No,3,2018,0
E02910,Operations,26,78384.0,3.31,1,No,3,2021,0
E02911,Sales,44,48627.0,2.59,1,Yes,7,2021,0
E02912,Operations,58,63144.0,3.09,0,No,2,2025,0
E02913,Operations,43,82155.0,2.05,5,Yes,5,2018,0
E02914,IT,35,63606.0,4.44,6,No,5,2018,0
E02915,Marketing,58,34693.0,2.63,13,No,5,2022,1
E02916,IT,29,44863.0,5.0,6,No,4,2021,0
E02917,IT,35,75132.0,4.09,15,No,6,2024,0
E02918,Marketing,39,56425.0,3.49,12,Yes,1,2018,0
E02919,Operations,21,73327.0,3.18,1,Yes,1,2020,0
E02920,Finance,37,74374.0,3.32,16,No,4,2026,0
E02921,Sales,44,67710.0,3.63,16,Yes,7,2024,0
E02922,Operations,29,37213.0,2.57,5,No,4,2022,0
E02923,Sales,31,40832.0,3.34,11,No,3,2026,0
E02924,Sales,38,69019.0,2.26,6,Yes,6,2025,0
E02925,Finance,42,61600.0,3.77,3,Yes,6,2020,0
E02926,Marketing,56,68412.0,2.44,15,No,6,2023,0
E02927,Operations,29,79019.0,3.06,7,Yes,6,2022,0
E02928,HR,26,55287.0,3.91,6,No,4,2026,0
E02929,Sales,36,37659.0,3.47,0,No,7,2020,0
E02930,Marketing,23,62670.0,3.44,13,Yes,1,2019,0
E02931,IT,56,28000.0,2.57,16,No,7,2023,1
E02932,Operations,21,86444.0,2.3,15,No,4,2023,0
E02933,HR,24,52389.0,3.47,10,Yes,3,2026,0
E02934,Marketing,36,73809.0,3.59,8,No,5,2018,0
E02935,Sales,43,74649.0,2.94,10,No,3,2022,0
E02936,Operations,46,60511.0,3.41,3,Yes,7,2025,0
E02937,IT,37,54140.0,2.58,8,No,2,2025,0
E02938,Sales,37,56058.0,2.87,16,Yes,2,2020,0
E02939,Operations,21,45836.0,3.04,6,No,1,2020,0
E02940,Sales,52,53463.0,3.93,11,No,7,2025,1
E02941,Finance,21,39151.0,2.27,1,Yes,7,2022,1
E02942,Finance,27,54525.0,2.84,6,No,5,2023,0
E02943,Operations,60,47292.0,3.17,5,No,4,2018,0
E02944,Sales,30,86543.0,4.26,2,No,5,2023,0
E02945,Marketing,52,52682.0,3.23,6,Yes,7,2018,0
E02946,Sales,54,42201.0,1.91,11,No,4,2020,0
E02947,IT,25,61366.0,2.23,9,No,7,2024,0
E02948,IT,33,53077.0,3.11,11,Yes,4,2022,0
E02949,Marketing,23,64166.0,3.84,16,No,4,2023,0
E02950,Operations,24,91509.0,3.34,0,No,4,2022,0
E02951,IT,30,91316.0,4.04,6,No,0,2018,0
E02952,IT,22,70377.0,2.73,9,No,1,2023,0
E02953,HR,60,100233.0,2.88,15,No,3,2022,0
E02954,Finance,36,44030.0,2.86,17,Yes,5,2026,1
E02955,IT,58,54250.0,2.94,3,No,3,2025,0
E02956,HR,24,73346.0,4.88,11,No,4,2023,0
E02957,Operations,46,56210.0,4.47,0,No,4,2018,0
E02958,Sales,52,67404.0,3.73,12,No,0,2022,0
E02959,Operations,30,82919.0,3.81,2,Yes,0,2023,0
E02960,Finance,25,110291.0,3.83,12,No,0,2026,0
E02961,IT,30,64195.0,3.14,5,No,5,2024,0
E02962,Sales,31,38577.0,5.0,12,Yes,0,2020,0
E02963,Marketing,28,82049.0,3.6,4,Yes,6,2019,0
E02964,IT,23,57910.0,3.04,17,No,0,2019,0
E02965,Operations,24,28000.0,3.6,4,Yes,1,2026,1
E02966,HR,23,59100.0,2.55,1,No,2,2020,1
E02967,Operations,21,73887.0,4.2,9,Yes,6,2021,0
E02968,Finance,38,64147.0,2.82,10,Yes,0,2025,1
E02969,Finance,31,70898.0,3.66,2,No,3,2026,1
E02970,Sales,29,81040.0,3.22,3,No,6,2025,0
E02971,IT,32,73914.0,3.27,17,No,7,2025,0
E02972,Operations,40,83020.0,3.91,0,Yes,5,2021,0
E02973,Operations,55,98221.0,3.95,12,No,2,2018,1
E02974,Finance,21,32491.0,3.28,11,No,0,2023,0
E02975,IT,48,78435.0,3.29,6,Yes,1,2024,0
E02976,Marketing,39,39533.0,4.37,7,No,2,2025,0
E02977,Operations,28,56193.0,1.46,10,No,1,2021,0
E02978,IT,37,58359.0,4.25,7,No,7,2021,0
E02979,Marketing,50,64790.0,3.8,8,No,7,2019,0
E02980,Sales,60,72539.0,4.75,14,No,3,2018,0
E02981,Sales,37,66848.0,3.08,2,Yes,2,2025,0
E02982,HR,31,66494.0,2.99,3,No,1,2022,0
E02983,Operations,42,90601.0,2.33,12,No,3,2019,1
E02984,HR,52,85541.0,3.88,9,No,3,2018,0
E02985,IT,23,51404.0,2.32,6,Yes,2,2023,0
E02986,Sales,34,57324.0,4.1,2,No,6,2018,0
E02987,Sales,22,47476.0,2.43,5,No,0,2020,0
E02988,IT,43,93346.0,3.96,17,No,1,2019,0
E02989,Finance,53,87236.0,3.47,9,No,1,2025,0
E02990,Operations,42,41942.0,3.41,3,Yes,1,2020,0
E02991,Sales,59,39324.0,3.93,15,No,0,2025,0
E02992,IT,37,52243.0,1.73,8,No,1,2025,0
E02993,IT,40,45984.0,3.67,6,No,2,2018,0
E02994,Finance,48,56966.0,3.64,12,Yes,7,2022,0
E02995,Sales,55,70407.0,3.6,15,No,7,2020,0
E02996,Finance,31,92676.0,3.61,17,No,6,2023,1
E02997,IT,52,85741.0,2.34,3,Yes,3,2022,0
E02998,Sales,57,61945.0,3.04,3,No,0,2020,0
E02999,Operations,40,52370.0,3.16,15,No,1,2026,0
E03000,Sales,36,62237.0,4.83,15,No,3,2019,0
E03001,Sales,58,87960.0,3.01,7,No,7,2020,0
E03002,Marketing,55,84081.0,3.23,4,No,6,2020,0
E03003,Operations,39,98834.0,3.91,4,No,6,2023,1
E03004,Sales,36,81108.0,2.65,11,No,6,2026,0
E03005,IT,43,55557.0,3.23,12,No,6,2021,1
E03006,Finance,21,76108.0,3.66,2,No,1,2019,0
E03007,IT,48,53875.0,3.57,1,No,6,2021,0
E03008,IT,37,58509.0,2.75,6,No,2,2022,0
E03009,IT,54,71561.0,2.77,15,No,4,2026,0
E03010,Operations,41,75358.0,3.72,2,No,6,2024,0
E03011,Finance,30,76621.0,4.37,1,No,3,2024,0
E03012,Operations,31,73494.0,3.65,5,No,6,2019,0
E03013,Finance,22,78143.0,4.49,3,No,3,2024,0
E03014,Operations,45,48462.0,2.06,13,No,7,2026,0
E03015,Operations,44,63453.0,4.03,17,Yes,3,2023,0
E03016,Marketing,52,88646.0,3.64,1,Yes,6,2018,0
E03017,Finance,40,97715.0,3.03,3,No,2,2026,0
E03018,Sales,30,81261.0,3.57,14,No,4,2023,1
E03019,Finance,59,64992.0,4.59,16,No,7,2019,0
E03020,Operations,24,66381.0,4.37,17,Yes,2,2025,0
E03021,Operations,38,41946.0,2.88,5,No,5,2020,1
E03022,HR,40,86188.0,3.65,5,No,6,2026,0
E03023,Sales,38,47244.0,4.35,15,No,5,2024,0
E03024,Operations,45,77352.0,3.94,16,No,4,2021,0
E03025,HR,22,37935.0,3.1,2,No,6,2024,0
E03026,HR,43,87542.0,3.16,7,No,5,2019,0
E03027,IT,47,81137.0,2.05,14,No,7,2018,0
E03028,Marketing,54,68582.0,3.01,16,No,0,2022,0
E03029,Operations,31,62139.0,2.89,17,Yes,6,2018,0
E03030,IT,23,67135.0,2.64,0,Yes,0,2025,0
E03031,Finance,59,53338.0,3.62,0,No,3,2024,0
E03032,Operations,57,76746.0,3.27,4,Yes,1,2022,0
E03033,Operations,54,46660.0,3.25,9,No,4,2019,0
E03034,Sales,34,84766.0,3.28,13,Yes,4,2018,0
E03035,IT,54,66005.0,4.73,13,No,2,2021,0
E03036,IT,27,76584.0,3.12,9,No,6,2021,1
E03037,Marketing,52,53544.0,2.72,8,No,5,2021,1
E03038,Sales,38,76727.0,3.89,3,No,2,2018,0
E03039,Operations,59,39049.0,3.33,14,No,3,2021,0
E03040,Sales,40,45573.0,3.57,7,No,3,2021,0
E03041,Marketing,51,65496.0,4.33,14,No,5,2022,0
E03042,IT,55,80733.0,3.24,9,Yes,1,2018,0
E03043,Marketing,48,90014.0,4.59,14,No,2,2024,0
E03044,Marketing,29,28000.0,3.43,0,No,5,2025,0
E03045,Sales,34,49243.0,3.53,7,Yes,1,2019,0
E03046,Operations,59,83345.0,4.39,12,Yes,3,2022,0
E03047,Sales,24,60039.0,3.59,4,No,3,2021,0
E03048,Finance,45,90635.0,4.44,15,Yes,0,2023,1
E03049,Finance,59,71106.0,3.46,11,Yes,0,2021,0
E03050,Finance,29,72420.0,3.19,6,Yes,7,2023,0
E03051,Operations,32,44831.0,3.33,5,Yes,4,2026,0
E03052,Marketing,22,48994.0,4.5,16,No,2,2021,0
E03053,Finance,51,81621.0,3.16,17,No,0,2023,0
E03054,Sales,59,94243.0,4.04,17,No,4,2019,0
E03055,Operations,58,72980.0,3.56,8,No,6,2024,0
E03056,Sales,40,52040.0,3.31,6,No,7,2024,0
E03057,Sales,60,72952.0,2.65,6,No,6,2023,0
E03058,Operations,29,79067.0,3.41,6,No,2,2024,0
E03059,Sales,40,91049.0,3.01,12,No,2,2019,0
E03060,IT,41,65497.0,4.47,13,Yes,4,2019,0
E03061,Finance,28,91486.0,3.77,9,No,2,2019,0
E03062,Marketing,34,87691.0,4.07,15,No,4,2020,0
E03063,Operations,54,72057.0,3.09,4,No,0,2019,0
E03064,Marketing,50,89596.0,3.07,3,Yes,5,2026,0
E03065,IT,46,35588.0,3.28,12,No,3,2018,0
E03066,Finance,41,84755.0,3.34,3,Yes,5,2020,0
E03067,Operations,54,70199.0,3.28,14,No,7,2019,0
E03068,Sales,56,71496.0,2.99,6,No,4,2019,0
E03069,Finance,21,88878.0,3.68,8,No,5,2019,0
E03070,IT,47,77091.0,2.93,8,No,1,2023,0
E03071,Marketing,31,77722.0,4.69,7,Yes,4,2021,0
E03072,Sales,51,47346.0,3.6,17,Yes,5,2018,0
E03073,Sales,52,58797.0,4.12,17,Yes,6,2026,0
E03074,Operations,29,97361.0,2.81,5,Yes,4,2020,0
E03075,Operations,37,67407.0,2.78,16,Yes,1,2021,0
E03076,IT,29,62694.0,3.75,9,No,4,2021,0
E03077,Operations,50,36447.0,3.57,17,Yes,4,2020,0
E03078,Operations,54,76681.0,3.56,14,No,6,2020,0
E03079,IT,27,66374.0,3.21,8,No,1,2024,0
E03080,Marketing,27,47131.0,2.61,15,No,4,2020,0
E03081,IT,58,80510.0,3.04,12,No,3,2021,0
E03082,HR,25,53660.0,3.35,10,No,3,2021,0
E03083,IT,36,110227.0,3.86,2,No,7,2022,1
E03084,Sales,44,71404.0,3.4,8,No,7,2020,0
E03085,IT,31,82905.0,3.25,1,No,1,2025,0
E03086,Marketing,60,100002.0,3.79,3,No,7,2020,0
E03087,IT,26,77128.0,3.59,3,Yes,4,2024,0
E03088,Operations,22,74983.0,4.83,16,No,1,2018,0
E03089,Marketing,36,96324.0,2.33,13,No,5,2018,0
E03090,Operations,23,75998.0,4.54,7,Yes,4,2026,0
E03091,IT,35,75140.0,3.47,14,No,1,2024,0
E03092,Sales,44,83560.0,3.33,11,No,6,2025,0
E03093,IT,36,31449.0,3.75,6,No,0,2021,0
E03094,IT,34,65660.0,2.64,9,No,4,2019,0
E03095,Sales,26,61579.0,3.4,17,Yes,1,2026,0
E03096,Operations,40,71912.0,3.31,1,Yes,0,2020,0
E03097,Sales,46,96804.0,3.79,9,No,1,2018,0
E03098,Marketing,21,64672.0,3.71,6,Yes,6,2025,0
E03099,Operations,35,28000.0,3.62,14,Yes,3,2025,0
E03100,HR,50,53355.0,3.44,1,No,3,2024,0
E03101,Operations,55,57361.0,3.94,2,No,2,2025,0
E03102,IT,45,92518.0,3.36,8,No,5,2025,0
E03103,Operations,51,95342.0,4.03,10,No,0,2025,0
E03104,Sales,43,54700.0,2.56,0,No,4,2024,0
E03105,Operations,21,73681.0,2.81,15,Yes,6,2025,0
E03106,Finance,53,33887.0,3.8,15,Yes,7,2018,0
E03107,Operations,21,98467.0,2.93,12,No,6,2018,0
E03108,Marketing,54,60081.0,3.0,16,No,2,2019,0
E03109,Operations,55,82982.0,2.29,9,Yes,0,2018,0
E03110,Finance,46,30989.0,2.71,10,No,1,2022,0
E03111,Operations,32,76312.0,3.04,12,Yes,1,2018,0
E03112,Sales,46,40817.0,2.86,9,Yes,6,2019,0
E03113,Marketing,52,56567.0,3.71,9,No,1,2022,0
E03114,IT,34,60760.0,4.0,12,No,3,2026,0
E03115,Finance,55,53300.0,2.8,5,No,0,2020,0
E03116,Sales,56,102963.0,4.79,1,No,5,2025,0
E03117,Operations,49,46494.0,2.84,0,Yes,7,2018,0
E03118,Finance,24,50866.0,2.27,13,No,3,2024,0
E03119,Marketing,29,63441.0,4.85,2,No,2,2021,1
E03120,HR,22,68228.0,3.74,13,No,3,2024,0
E03121,HR,37,50473.0,2.77,16,Yes,7,2024,1
E03122,HR,28,65023.0,4.0,15,Yes,0,2023,0
E03123,Sales,60,68620.0,4.2,17,No,6,2022,0
E03124,IT,49,95484.0,3.72,0,No,5,2018,1
E03125,IT,22,84706.0,3.83,1,No,1,2026,0
E03126,Operations,21,56303.0,3.9,5,No,1,2025,0
E03127,Sales,33,52742.0,2.53,10,No,1,2024,0
E03128,Sales,35,75236.0,2.97,7,No,0,2025,0
E03129,HR,22,72440.0,2.79,16,No,7,2021,0
E03130,Finance,32,56135.0,2.29,7,No,6,2025,0
E03131,IT,37,90085.0,3.47,11,Yes,6,2020,0
E03132,Operations,41,70526.0,2.53,4,No,6,2023,0
E03133,Sales,25,52678.0,4.2,9,No,2,2023,0
E03134,IT,24,85808.0,3.36,6,Yes,4,2022,1
E03135,Marketing,37,72069.0,2.41,13,No,3,2018,0
E03136,Sales,24,83991.0,2.86,13,No,7,2023,0
E03137,Sales,43,30934.0,4.0,16,No,0,2020,1
E03138,Finance,33,35662.0,3.72,4,No,0,2022,0
E03139,IT,21,82848.0,3.01,4,No,2,2022,0
E03140,Finance,33,44135.0,4.34,17,No,1,2025,0
E03141,Sales,45,61439.0,1.96,0,No,2,2018,0
E03142,Marketing,22,33798.0,4.28,1,No,6,2026,0
E03143,Finance,45,89922.0,2.83,1,No,6,2025,0
E03144,Finance,33,52963.0,4.49,3,No,0,2022,0
E03145,Finance,57,57470.0,3.81,8,No,2,2024,0
E03146,Sales,49,58293.0,3.9,2,Yes,2,2018,0
E03147,Sales,37,91218.0,3.82,13,No,5,2021,0
E03148,Operations,22,87248.0,3.61,1,No,3,2022,0
E03149,Finance,40,88689.0,3.21,12,No,6,2025,0
E03150,Finance,45,74672.0,3.35,17,No,2,2020,0
E03151,Marketing,39,67917.0,3.89,8,No,3,2022,0
E03152,Marketing,30,57098.0,3.01,9,No,5,2019,0
E03153,Sales,47,94562.0,3.0,9,No,6,2022,0
E03154,Operations,52,70339.0,3.32,1,No,3,2024,0
E03155,IT,46,71729.0,3.43,16,No,5,2024,0
E03156,Sales,57,60067.0,3.08,7,No,4,2025,0
E03157,IT,46,46360.0,4.38,5,No,0,2026,0
E03158,Finance,52,72740.0,3.99,16,No,6,2025,0
E03159,IT,44,81564.0,3.94,2,Yes,3,2021,0
E03160,Sales,36,74752.0,1.9,16,No,7,2018,0
E03161,Marketing,52,38186.0,3.23,14,No,5,2020,0
E03162,Operations,52,71785.0,2.37,7,No,1,2019,0
E03163,Sales,21,62898.0,2.49,3,No,4,2021,0
E03164,Sales,58,82450.0,3.25,9,Yes,2,2021,0
E03165,Operations,60,79251.0,3.43,12,No,7,2019,0
E03166,Operations,48,71389.0,4.72,12,Yes,4,2025,0
E03167,Finance,39,51896.0,3.64,10,No,0,2026,0
E03168,Operations,53,41229.0,4.41,17,Yes,4,2025,0
E03169,IT,53,42993.0,2.18,15,No,1,2023,0
E03170,IT,60,28000.0,4.06,2,No,4,2025,0
E03171,IT,42,71407.0,5.0,5,Yes,2,2018,0
E03172,HR,27,64195.0,4.3,7,No,3,2019,0
E03173,Sales,51,51663.0,2.77,6,No,1,2020,0
E03174,Sales,31,81262.0,4.69,13,No,3,2019,1
E03175,Operations,55,68238.0,3.19,7,No,2,2022,0
E03176,IT,52,81424.0,2.49,14,No,3,2021,0
E03177,Sales,45,102659.0,2.9,1,Yes,3,2021,0
E03178,Sales,40,64779.0,2.71,8,No,1,2018,0
E03179,Sales,59,62620.0,2.85,11,No,5,2019,0
E03180,Operations,23,81498.0,2.39,15,No,6,2026,0
E03181,Sales,53,82580.0,2.69,2,No,6,2019,1
E03182,HR,24,57124.0,3.62,6,No,5,2023,0
E03183,Marketing,31,40375.0,3.53,16,Yes,5,2026,0
E03184,Operations,37,65642.0,3.33,5,No,5,2021,0
E03185,Operations,33,81100.0,4.39,6,Yes,0,2023,0
E03186,Sales,31,76815.0,3.94,5,Yes,2,2021,0
E03187,Finance,37,53709.0,5.0,5,No,0,2023,0
E03188,Operations,33,92928.0,2.76,16,No,3,2026,0
E03189,IT,38,51191.0,2.94,3,No,0,2020,0
E03190,Sales,37,62851.0,3.85,3,Yes,7,2022,0
E03191,Marketing,55,53679.0,3.4,3,Yes,5,2023,0
E03192,IT,50,71074.0,3.08,6,No,7,2025,0
E03193,Marketing,36,49765.0,2.69,10,Yes,3,2023,0
E03194,Finance,53,54832.0,3.89,0,No,2,2026,1
E03195,IT,28,79868.0,2.53,16,No,5,2022,0
E03196,Sales,57,67055.0,3.53,16,No,4,2020,0
E03197,Operations,47,66544.0,2.97,4,Yes,5,2026,0
E03198,Marketing,28,80818.0,4.49,1,No,3,2026,0
E03199,Operations,22,70875.0,3.14,17,Yes,2,2021,0
E03200,Operations,54,85102.0,3.37,17,No,6,2025,0
E03201,IT,56,66669.0,2.25,4,Yes,7,2022,0
E03202,Operations,25,62550.0,4.35,11,No,7,2019,0
E03203,Operations,42,64267.0,2.24,14,No,2,2018,0
E03204,IT,28,67573.0,3.66,6,No,7,2021,0
E03205,HR,48,51599.0,2.79,6,No,3,2019,0
E03206,Finance,32,70800.0,2.49,8,No,7,2020,0
E03207,Sales,39,49186.0,2.81,0,No,0,2018,0
E03208,Operations,33,73047.0,2.58,10,No,5,2023,0
E03209,Finance,51,77208.0,3.97,17,No,2,2022,0
E03210,Operations,31,54734.0,3.04,9,No,2,2025,0
E03211,Operations,26,52123.0,4.2,13,Yes,4,2023,0
E03212,IT,33,36014.0,2.99,17,No,6,2020,0
E03213,Marketing,24,71624.0,2.73,7,Yes,1,2020,1
E03214,IT,54,72042.0,3.91,2,No,7,2019,0
E03215,Marketing,35,60721.0,4.0,11,No,6,2020,0
E03216,Sales,42,42688.0,3.94,14,Yes,7,2025,1
E03217,Sales,37,46813.0,3.14,16,No,0,2019,0
E03218,HR,34,62818.0,3.92,1,No,4,2021,0
E03219,Operations,39,101769.0,2.38,3,No,6,2019,0
E03220,Sales,55,57143.0,3.45,12,Yes,1,2021,0
E03221,Marketing,23,54728.0,4.7,1,No,6,2020,0
E03222,Sales,39,73862.0,3.11,13,Yes,7,2025,0
E03223,Operations,46,52121.0,3.58,8,No,7,2021,0
E03224,Sales,56,54431.0,4.03,2,No,6,2020,0
E03225,HR,47,76628.0,2.28,16,No,2,2025,0
E03226,Sales,47,83807.0,2.48,0,No,1,2023,0
E03227,IT,23,87353.0,3.61,15,Yes,5,2023,0
E03228,HR,24,53586.0,3.52,9,Yes,5,2020,1
E03229,IT,54,82979.0,3.14,3,No,3,2024,0
E03230,Finance,60,70341.0,3.01,10,No,1,2018,0
E03231,Marketing,59,31507.0,3.17,17,No,4,2024,0
E03232,Finance,22,66359.0,3.29,15,No,6,2024,0
E03233,IT,55,28093.0,3.57,4,Yes,4,2026,0
E03234,IT,54,64034.0,4.84,14,Yes,5,2020,0
E03235,Operations,31,92830.0,3.07,13,No,6,2018,0
E03236,Operations,55,67873.0,2.92,14,No,6,2026,0
E03237,IT,27,72041.0,2.06,2,No,2,2025,0
E03238,Sales,39,49793.0,3.3,14,Yes,7,2026,1
E03239,Operations,36,74525.0,3.36,2,No,6,2020,0
E03240,Operations,48,52495.0,3.8,12,Yes,2,2023,0
E03241,Operations,26,43123.0,3.32,15,No,6,2021,0
E03242,Operations,24,72183.0,3.26,6,No,5,2020,0
E03243,Sales,39,75126.0,3.79,13,No,6,2021,0
E03244,IT,22,77562.0,2.87,10,No,7,2018,1
E03245,Sales,50,83799.0,3.31,11,No,6,2023,0
E03246,Sales,36,63796.0,4.54,15,No,1,2018,0
E03247,IT,54,84782.0,3.61,0,No,6,2026,0
E03248,Marketing,45,66276.0,3.66,2,No,2,2026,0
E03249,Marketing,32,71039.0,2.79,4,No,3,2026,0
E03250,Operations,48,76890.0,2.63,0,No,7,2026,0
E03251,IT,39,60214.0,2.58,15,No,7,2025,0
E03252,IT,46,49927.0,4.11,16,No,6,2023,0
E03253,Sales,53,28298.0,1.94,3,No,4,2026,1
E03254,Finance,25,77407.0,2.58,4,No,0,2020,0
E03255,IT,30,64278.0,3.92,16,Yes,2,2024,0
E03256,IT,34,40451.0,2.51,3,No,1,2023,0
E03257,Operations,59,75835.0,4.23,2,No,2,2025,1
E03258,Finance,38,70182.0,2.64,1,No,2,2025,0
E03259,Operations,46,106252.0,3.39,11,Yes,0,2022,1
E03260,HR,32,62226.0,3.62,5,Yes,1,2023,0
E03261,IT,35,42059.0,2.28,4,No,7,2018,0
E03262,Sales,29,90390.0,4.76,10,No,2,2025,0
E03263,Operations,55,62026.0,4.95,14,No,6,2021,0
E03264,Operations,25,63511.0,2.34,3,Yes,5,2020,0
E03265,Sales,28,70101.0,3.68,13,No,6,2022,0
E03266,Marketing,30,61571.0,3.71,10,No,0,2020,0
E03267,Sales,39,92489.0,3.58,11,No,6,2023,0
E03268,Finance,53,66000.0,1.88,15,No,4,2026,0
E03269,Sales,42,65293.0,4.57,0,No,1,2022,0
E03270,IT,45,53401.0,3.32,17,No,5,2026,0
E03271,HR,47,55498.0,3.19,0,Yes,5,2023,0
E03272,IT,39,61177.0,2.67,3,No,2,2026,0
E03273,Marketing,46,88946.0,3.09,4,No,4,2023,0
E03274,Marketing,55,66604.0,3.37,17,No,4,2020,0
E03275,Finance,44,49968.0,3.66,0,No,1,2018,0
E03276,IT,56,47192.0,3.91,7,No,2,2020,0
E03277,Marketing,43,28000.0,2.47,0,Yes,4,2024,0
E03278,Sales,49,94754.0,2.98,16,Yes,5,2018,0
E03279,Sales,41,45867.0,4.23,13,No,4,2022,0
E03280,Sales,53,65801.0,2.6,12,Yes,7,2025,1
E03281,Finance,60,60292.0,4.26,7,No,0,2019,0
E03282,IT,57,54467.0,2.97,15,No,7,2020,0
E03283,Operations,45,65630.0,2.59,4,Yes,0,2023,0
E03284,Operations,51,74343.0,2.99,16,No,2,2018,0
E03285,IT,29,63216.0,3.36,9,Yes,7,2022,1
E03286,IT,21,37060.0,3.57,2,No,5,2020,0
E03287,IT,39,87666.0,2.7,12,No,7,2022,0
E03288,Finance,44,82537.0,4.01,0,Yes,0,2025,0
E03289,Sales,58,42296.0,4.53,14,Yes,7,2020,0
E03290,Marketing,42,61840.0,4.49,17,No,4,2026,0
E03291,Sales,51,60395.0,2.54,4,No,6,2020,0
E03292,IT,49,48981.0,4.55,14,No,5,2022,0
E03293,Operations,56,49799.0,3.07,17,Yes,3,2023,0
E03294,Operations,25,69496.0,2.63,7,No,5,2018,0
E03295,Sales,49,77192.0,4.14,9,Yes,7,2019,0
E03296,Operations,48,79863.0,2.86,3,No,7,2018,0
E03297,Finance,27,64557.0,3.75,9,No,6,2025,1
E03298,Sales,36,64083.0,3.19,4,No,2,2024,0
E03299,Operations,49,61743.0,3.99,17,No,7,2026,0
E03300,IT,27,28000.0,2.97,8,No,0,2026,0
E03301,Finance,50,74650.0,2.58,5,Yes,4,2019,0
E03302,Operations,40,29543.0,3.0,12,No,3,2018,0
E03303,Operations,54,67293.0,4.1,11,No,0,2021,0
E03304,Sales,56,62255.0,2.98,14,No,0,2025,0
E03305,Finance,53,69846.0,3.98,8,No,1,2024,0
E03306,HR,40,78392.0,3.47,16,No,2,2018,0
E03307,IT,31,69632.0,3.89,7,No,7,2026,0
E03308,IT,52,86924.0,2.79,15,No,4,2025,0
E03309,Operations,47,84662.0,2.54,1,No,1,2019,0
E03310,Operations,50,103330.0,3.05,6,Yes,6,2025,0
E03311,Finance,22,39594.0,3.52,6,No,6,2021,0
E03312,IT,28,69394.0,2.5,9,No,4,2023,1
E03313,Sales,28,47754.0,2.88,6,No,6,2022,1
E03314,IT,22,63639.0,2.52,14,Yes,1,2024,0
E03315,Operations,55,47837.0,3.07,16,Yes,2,2022,0
E03316,IT,26,50089.0,4.01,14,No,0,2020,0
E03317,Sales,54,72865.0,2.78,4,No,6,2022,0
E03318,Operations,29,75712.0,3.41,1,No,1,2018,0
E03319,IT,24,28000.0,3.05,8,Yes,4,2022,0
E03320,IT,52,55988.0,2.74,3,Yes,4,2021,0
E03321,Marketing,58,74231.0,4.1,9,Yes,7,2021,0
E03322,Operations,37,66714.0,3.14,0,Yes,0,2026,1
E03323,Operations,52,62756.0,3.34,14,No,5,2020,0
E03324,Marketing,22,75774.0,3.47,1,No,6,2026,0
E03325,Sales,52,63042.0,2.58,15,No,7,2018,0
E03326,IT,41,54360.0,3.95,2,No,0,2018,0
E03327,IT,46,58474.0,3.71,10,No,4,2018,0
E03328,IT,36,70606.0,3.21,4,Yes,1,2021,0
E03329,Sales,31,54310.0,3.63,13,No,0,2023,0
E03330,IT,56,110977.0,3.28,3,No,2,2022,1
E03331,Operations,52,73573.0,3.49,13,Yes,6,2018,0
E03332,Sales,40,69948.0,3.86,15,Yes,3,2023,0
E03333,IT,52,68314.0,3.96,3,No,7,2021,0
E03334,Finance,29,68209.0,3.21,2,Yes,7,2019,0
E03335,Sales,53,54902.0,3.93,5,No,7,2021,0
E03336,Operations,28,57574.0,3.14,8,Yes,7,2022,0
E03337,Marketing,54,66452.0,3.36,8,No,6,2022,0
E03338,Operations,41,98175.0,2.85,0,Yes,3,2024,0
E03339,Operations,57,50009.0,3.41,7,No,5,2019,0
E03340,Marketing,57,57374.0,2.47,11,No,4,2024,0
E03341,HR,55,70700.0,4.16,10,Yes,2,2023,0
E03342,Finance,54,84833.0,2.45,15,No,4,2022,0
E03343,IT,34,65463.0,2.75,8,No,0,2023,0
E03344,Operations,58,56638.0,3.26,8,Yes,1,2019,0
E03345,IT,29,80697.0,4.15,5,Yes,7,2025,0
E03346,Operations,34,55771.0,3.92,5,No,2,2020,0
E03347,Marketing,41,111188.0,3.32,17,Yes,3,2020,0
E03348,Marketing,24,75134.0,2.93,3,Yes,1,2025,1
E03349,Operations,46,60604.0,2.8,6,Yes,4,2024,0
E03350,Operations,44,58157.0,2.69,1,No,5,2024,0
E03351,Operations,40,81808.0,3.2,15,No,3,2025,0
E03352,HR,29,67780.0,3.2,9,No,0,2025,0
E03353,Marketing,47,97869.0,4.04,13,No,2,2019,0
E03354,IT,48,68591.0,3.21,4,No,4,2026,0
E03355,HR,44,44351.0,4.09,11,No,3,2025,0
E03356,Operations,56,62462.0,4.17,0,No,2,2021,0
E03357,Finance,37,54798.0,4.86,2,No,7,2025,0
E03358,Sales,47,72349.0,3.76,14,Yes,2,2019,0
E03359,Sales,27,55777.0,3.58,17,Yes,4,2023,0
E03360,Sales,42,59881.0,3.81,2,Yes,4,2024,0
E03361,Operations,51,63388.0,3.69,10,No,0,2019,0
E03362,Operations,37,63452.0,3.8,2,No,3,2021,0
E03363,IT,38,87797.0,2.41,7,Yes,2,2018,0
E03364,Sales,44,62864.0,3.03,5,Yes,0,2026,0
E03365,HR,29,74829.0,2.15,8,No,2,2019,1
E03366,Operations,36,70608.0,4.63,7,No,5,2026,1
E03367,Operations,51,77327.0,2.58,17,No,3,2020,0
E03368,IT,42,59935.0,4.23,17,No,0,2020,0
E03369,Sales,40,77835.0,3.41,16,Yes,3,2026,0
E03370,Sales,25,47866.0,3.44,14,No,4,2021,0
E03371,Operations,50,47511.0,4.02,15,No,5,2020,0
E03372,Operations,21,63554.0,2.48,14,No,0,2018,0
E03373,Operations,57,61182.0,4.35,12,No,3,2018,0
E03374,Marketing,21,63085.0,3.63,16,No,4,2022,0
E03375,IT,37,34764.0,3.57,13,Yes,7,2024,0
E03376,Sales,24,57207.0,5.0,8,Yes,6,2021,1
E03377,Sales,53,77059.0,4.21,11,No,4,2020,0
E03378,IT,36,48587.0,3.52,2,No,3,2018,0
E03379,Finance,22,54686.0,2.39,4,No,2,2020,0
E03380,IT,50,89172.0,3.18,5,No,3,2021,0
E03381,Operations,58,50980.0,2.59,10,No,1,2018,0
E03382,Sales,54,76575.0,3.02,1,No,1,2020,0
E03383,Sales,21,70586.0,3.33,5,Yes,2,2023,0
E03384,Sales,48,49876.0,3.05,1,No,7,2018,0
E03385,IT,34,74068.0,3.5,12,No,3,2024,0
E03386,Operations,39,60476.0,3.25,3,No,7,2022,0
E03387,Finance,60,60390.0,3.52,17,No,6,2025,0
E03388,Finance,50,28000.0,3.35,6,Yes,5,2019,0
E03389,Sales,30,58988.0,3.58,0,No,3,2020,0
E03390,Operations,29,65454.0,3.38,10,No,3,2025,0
E03391,Marketing,51,74356.0,4.6,15,No,2,2019,0
E03392,Marketing,29,56427.0,4.14,0,Yes,0,2019,0
E03393,Operations,45,91994.0,2.94,16,No,2,2022,0
E03394,Marketing,25,52894.0,2.42,4,No,3,2025,0
E03395,Operations,39,78986.0,4.07,10,No,4,2021,0
E03396,Sales,27,70885.0,4.59,11,Yes,3,2020,0
E03397,IT,36,48998.0,3.34,6,No,0,2023,0
E03398,IT,33,48977.0,3.3,2,Yes,3,2019,0
E03399,Finance,59,44201.0,3.82,10,Yes,7,2021,0
E03400,IT,32,69352.0,2.46,13,No,2,2023,0
E03401,Operations,44,62758.0,3.11,6,No,3,2020,0
E03402,Sales,43,62483.0,2.47,1,Yes,1,2026,0
E03403,Sales,36,66956.0,3.38,13,Yes,4,2022,0
E03404,IT,22,49214.0,3.13,9,Yes,2,2022,1
E03405,Operations,59,68452.0,3.67,8,No,0,2026,0
E03406,IT,56,65429.0,4.38,4,No,1,2019,0
E03407,Finance,26,38044.0,4.66,12,Yes,5,2020,1
E03408,Marketing,43,66593.0,3.71,11,No,6,2020,0
E03409,IT,51,76234.0,3.52,4,Yes,1,2022,0
E03410,Marketing,50,44178.0,3.79,8,No,7,2018,0
E03411,HR,60,86787.0,3.57,8,No,6,2025,0
E03412,Operations,58,62058.0,4.28,0,Yes,5,2019,0
E03413,Operations,21,69028.0,2.41,14,No,3,2024,0
E03414,Sales,49,64317.0,3.56,0,No,5,2026,0
E03415,Sales,26,80521.0,4.05,7,Yes,4,2018,0
E03416,Finance,36,97025.0,3.3,5,Yes,5,2020,0
E03417,HR,53,75530.0,1.24,1,No,6,2019,0
E03418,IT,21,66254.0,3.51,7,Yes,6,2024,0
E03419,Operations,44,52162.0,2.37,16,No,1,2026,0
E03420,Sales,33,57112.0,3.9,10,No,0,2021,0
E03421,Sales,47,33694.0,3.65,6,No,2,2022,0
E03422,Finance,52,48980.0,2.66,9,No,2,2025,0
E03423,Sales,48,78894.0,3.55,17,No,4,2026,0
E03424,Sales,33,39239.0,4.72,15,No,2,2022,0
E03425,Finance,39,74621.0,2.96,0,Yes,0,2024,0
E03426,Marketing,35,100610.0,2.58,1,No,0,2026,1
E03427,Sales,34,54515.0,3.43,9,No,1,2020,0
E03428,Sales,26,55246.0,3.93,2,No,4,2024,0
E03429,IT,48,63646.0,3.26,9,Yes,4,2022,0
E03430,Operations,39,54972.0,3.05,12,Yes,1,2018,0
E03431,Operations,51,68638.0,3.57,8,No,5,2020,0
E03432,IT,34,84361.0,2.7,7,Yes,5,2020,0
E03433,Sales,40,69879.0,2.1,12,Yes,1,2023,1
E03434,Marketing,59,82589.0,3.45,13,No,3,2024,0
E03435,HR,35,60087.0,3.59,11,No,3,2024,0
E03436,HR,50,51987.0,2.4,8,No,1,2021,0
E03437,Finance,58,41756.0,4.65,8,No,6,2025,0
E03438,Operations,52,28016.0,3.7,16,No,5,2026,1
E03439,IT,33,79345.0,3.29,4,No,0,2022,0
E03440,Operations,25,63848.0,2.96,10,No,1,2023,0
E03441,IT,50,36836.0,2.85,10,Yes,2,2026,1
E03442,Sales,25,38362.0,3.55,3,No,0,2024,0
E03443,HR,30,63579.0,1.92,17,Yes,0,2018,0
E03444,Operations,32,37916.0,2.43,17,Yes,5,2025,1
E03445,IT,37,77141.0,3.77,5,Yes,4,2018,0
E03446,IT,58,64034.0,2.76,14,No,0,2022,0
E03447,Sales,27,62755.0,4.16,3,No,7,2024,0
E03448,Operations,49,43622.0,3.5,7,Yes,6,2021,0
E03449,Sales,55,74345.0,2.76,1,No,4,2023,0
E03450,Sales,26,58676.0,3.09,15,Yes,3,2018,0
E03451,Sales,54,49755.0,2.92,5,No,4,2026,0
E03452,Sales,49,83240.0,3.79,16,No,3,2022,0
E03453,IT,38,55802.0,2.71,2,No,6,2021,0
E03454,IT,22,70866.0,2.6,10,No,5,2021,0
E03455,Operations,33,63405.0,3.91,4,No,2,2026,0
E03456,HR,32,94088.0,4.17,12,No,7,2023,1
E03457,Operations,30,57866.0,5.0,9,No,6,2026,0
E03458,Sales,36,53618.0,3.33,13,No,2,2023,0
E03459,Sales,56,38267.0,3.3,2,No,4,2020,0
E03460,IT,36,46682.0,2.65,9,No,2,2021,0
E03461,Finance,48,45678.0,4.84,1,No,1,2021,0
E03462,IT,33,73212.0,3.41,6,No,1,2022,0
E03463,Operations,54,66716.0,3.28,3,No,1,2023,0
E03464,IT,30,52814.0,3.75,13,No,0,2019,0
E03465,Finance,35,67152.0,4.02,13,Yes,5,2021,0
E03466,HR,51,51952.0,2.92,16,No,7,2019,0
E03467,HR,27,52349.0,3.39,15,No,1,2024,0
E03468,Operations,59,51635.0,2.84,12,Yes,3,2018,0
E03469,HR,24,44905.0,2.67,8,Yes,0,2025,1
E03470,Marketing,50,72838.0,3.85,16,No,1,2020,0
E03471,Finance,40,66648.0,3.57,13,No,7,2022,0
E03472,IT,43,48189.0,3.3,13,No,4,2022,0
E03473,Operations,35,44347.0,3.62,11,Yes,3,2025,0
E03474,Sales,57,49671.0,3.0,3,No,0,2021,0
E03475,Marketing,40,76829.0,3.87,2,Yes,4,2019,0
E03476,Sales,23,95163.0,3.16,16,No,5,2024,0
E03477,Operations,34,74377.0,2.02,11,No,4,2022,0
E03478,IT,24,70796.0,3.18,7,No,5,2019,0
E03479,HR,32,70615.0,4.06,7,No,6,2018,0
E03480,Operations,47,84869.0,4.52,15,No,2,2025,0
E03481,Operations,56,64544.0,2.9,13,Yes,2,2020,0
E03482,Sales,42,80160.0,2.8,0,Yes,4,2020,0
E03483,HR,22,52073.0,3.68,2,Yes,6,2019,0
E03484,Sales,60,41030.0,4.8,5,Yes,7,2024,0
E03485,IT,22,62401.0,2.88,3,Yes,7,2025,0
E03486,Operations,25,81556.0,2.48,7,No,3,2024,0
E03487,Finance,36,66882.0,2.48,2,Yes,2,2022,0
E03488,HR,22,53814.0,3.86,5,Yes,3,2022,0
E03489,IT,59,60876.0,3.23,11,No,4,2019,0
E03490,Operations,40,75664.0,2.87,16,No,1,2021,0
E03491,Operations,32,60246.0,2.83,7,No,6,2022,0
E03492,Sales,24,83916.0,3.43,11,No,3,2021,0
E03493,HR,24,72116.0,2.68,5,Yes,6,2025,0
E03494,IT,39,48779.0,2.09,16,No,4,2018,0
E03495,Operations,55,80263.0,2.77,16,Yes,6,2023,0
E03496,Operations,28,37090.0,3.42,0,No,3,2020,0
E03497,Sales,41,60393.0,2.95,12,Yes,1,2020,0
E03498,IT,53,68379.0,4.03,4,No,3,2025,0
E03499,Marketing,40,42732.0,4.51,12,No,3,2026,0
E03500,Sales,40,75315.0,3.7,6,No,0,2020,0
E03501,Sales,41,59576.0,1.99,8,No,4,2025,0
E03502,Sales,26,71793.0,3.84,5,No,1,2026,0
E03503,Marketing,30,80602.0,2.66,13,Yes,2,2018,1
E03504,Sales,57,59524.0,3.44,1,No,5,2019,0
E03505,Finance,31,74893.0,3.63,0,No,5,2023,1
E03506,IT,33,58894.0,1.99,4,No,7,2022,0
E03507,Operations,58,53483.0,3.4,7,No,4,2020,0
E03508,Marketing,48,73916.0,3.06,17,Yes,4,2024,0
E03509,Sales,27,63141.0,3.37,6,No,2,2021,0
E03510,Operations,41,71538.0,2.74,14,No,4,2022,0
E03511,Operations,36,95081.0,2.71,8,No,3,2020,0
E03512,HR,39,32486.0,3.95,1,No,1,2022,0
E03513,Finance,24,60989.0,3.42,11,No,7,2022,0
E03514,Sales,26,48757.0,2.96,8,No,1,2023,0
E03515,Sales,42,82457.0,3.08,1,No,6,2021,0
E03516,Marketing,42,68188.0,4.17,12,Yes,1,2018,0
E03517,HR,59,65417.0,3.95,12,No,5,2026,0
E03518,Sales,25,68349.0,2.22,10,Yes,1,2019,0
E03519,IT,55,60752.0,4.0,1,Yes,0,2024,0
E03520,Operations,31,83066.0,3.0,5,No,4,2018,0
E03521,IT,30,55394.0,3.15,4,No,0,2021,0
E03522,Sales,50,53538.0,2.82,9,No,7,2018,0
E03523,Finance,35,84385.0,2.23,15,No,7,2023,0
E03524,Operations,28,42640.0,2.77,8,No,1,2025,1
E03525,Marketing,28,77459.0,1.7,4,No,7,2021,1
E03526,Marketing,45,35187.0,4.64,9,Yes,2,2026,0
E03527,Operations,33,83913.0,3.7,8,Yes,3,2018,0
E03528,Sales,48,62181.0,3.32,12,Yes,0,2026,0
E03529,Sales,44,65343.0,3.62,17,No,0,2021,0
E03530,Operations,51,63877.0,3.72,15,Yes,2,2020,0
E03531,Marketing,49,84162.0,3.6,14,No,7,2024,0
E03532,Sales,32,79219.0,4.9,14,No,5,2025,0
E03533,Sales,30,66379.0,3.51,4,No,4,2022,0
E03534,Operations,43,58107.0,2.84,4,No,5,2022,0
E03535,Marketing,22,66588.0,2.55,10,No,6,2021,0
E03536,Sales,23,94588.0,2.89,5,No,1,2024,0
E03537,IT,59,64979.0,2.93,16,No,0,2021,0
E03538,Finance,43,78282.0,3.13,7,Yes,5,2018,0
E03539,HR,43,54711.0,3.71,10,No,4,2024,0
E03540,Finance,24,53912.0,4.59,5,No,5,2022,0
E03541,IT,55,76276.0,3.74,14,No,1,2020,0
E03542,IT,22,75988.0,4.12,5,Yes,7,2019,0
E03543,IT,22,45438.0,3.21,16,No,1,2019,0
E03544,IT,44,66946.0,3.48,6,No,0,2022,0
E03545,IT,22,76707.0,4.19,14,Yes,4,2024,0
E03546,Finance,52,53261.0,2.55,6,No,0,2025,0
E03547,IT,34,75144.0,3.71,4,Yes,1,2024,0
E03548,Operations,58,65441.0,2.88,5,Yes,6,2020,0
E03549,IT,44,98759.0,3.29,9,No,5,2023,0
E03550,HR,26,59443.0,3.61,15,No,0,2020,0
E03551,Sales,35,55766.0,2.95,6,No,7,2023,0
E03552,Finance,22,45638.0,3.08,5,No,1,2020,0
E03553,Sales,31,70606.0,3.46,6,No,1,2024,0
E03554,Operations,41,73858.0,3.72,14,No,0,2026,0
E03555,IT,46,85502.0,4.23,6,No,5,2020,0
E03556,IT,28,28348.0,3.73,9,No,1,2021,0
E03557,Operations,43,37536.0,3.22,15,Yes,7,2025,0
E03558,Operations,26,70297.0,3.5,8,No,7,2018,0
E03559,Operations,57,67126.0,2.61,13,No,4,2024,0
E03560,Marketing,34,56112.0,4.13,10,Yes,1,2024,0
E03561,Operations,30,72165.0,3.51,2,No,3,2018,0
E03562,Sales,52,103574.0,2.13,7,No,5,2026,0
E03563,Marketing,40,50039.0,2.52,2,Yes,7,2018,0
E03564,Sales,38,69961.0,4.02,3,No,1,2018,0
E03565,HR,56,66085.0,3.31,13,No,5,2022,0
E03566,Finance,58,28222.0,2.38,8,Yes,0,2026,1
E03567,Operations,49,37839.0,2.96,17,No,0,2026,0
E03568,Operations,36,115974.0,3.55,6,No,4,2024,0
E03569,Operations,56,50729.0,3.44,11,Yes,4,2026,0
E03570,IT,38,54586.0,4.36,3,No,5,2021,0
E03571,Operations,56,36803.0,3.44,4,No,4,2018,0
E03572,IT,35,33168.0,3.76,3,Yes,4,2022,0
E03573,IT,46,28000.0,3.18,17,No,3,2026,0
E03574,IT,50,43665.0,2.45,8,No,6,2021,1
E03575,Marketing,22,64422.0,3.14,17,No,0,2023,0
E03576,IT,22,111029.0,3.89,6,No,7,2025,0
E03577,Operations,53,58816.0,3.12,11,Yes,6,2023,0
E03578,HR,38,41209.0,4.46,9,No,2,2019,0
E03579,Operations,23,53319.0,4.4,2,No,7,2019,0
E03580,HR,51,57558.0,2.98,17,No,7,2021,0
E03581,HR,25,90134.0,3.12,0,No,4,2019,0
E03582,Sales,27,78153.0,3.19,14,Yes,6,2020,0
E03583,Sales,28,78855.0,3.59,10,No,5,2023,0
E03584,IT,28,33361.0,3.89,12,No,5,2019,0
E03585,HR,33,83526.0,2.48,3,Yes,2,2025,0
E03586,Finance,41,45647.0,3.83,9,Yes,3,2026,0
E03587,IT,27,61488.0,3.12,1,Yes,3,2023,0
E03588,Sales,22,52832.0,2.73,2,No,6,2021,0
E03589,Sales,24,64056.0,3.81,5,No,6,2026,0
E03590,Operations,42,60317.0,2.72,17,Yes,4,2025,1
E03591,Operations,23,64665.0,3.01,9,No,5,2021,0
E03592,Sales,36,108781.0,2.72,14,No,4,2024,0
E03593,Sales,33,52152.0,2.82,8,Yes,4,2022,0
E03594,Operations,27,43040.0,3.95,14,Yes,1,2026,0
E03595,Operations,38,56483.0,3.07,2,No,3,2025,0
E03596,Marketing,58,72870.0,3.25,15,No,3,2020,0
E03597,Finance,35,28000.0,1.96,10,No,7,2026,0
E03598,HR,57,86380.0,4.48,6,No,4,2025,0
E03599,Finance,27,28000.0,2.62,8,Yes,6,2019,1
E03600,Operations,58,47961.0,4.04,0,No,7,2022,0
E03601,Marketing,57,74991.0,2.89,6,No,0,2022,0
E03602,IT,25,81630.0,4.79,0,No,7,2022,0
E03603,Marketing,21,60186.0,3.55,3,Yes,4,2025,0
E03604,IT,36,60934.0,3.34,6,Yes,7,2025,0
E03605,IT,59,34831.0,4.07,12,No,4,2026,1
E03606,IT,41,39692.0,2.94,1,No,7,2021,0
E03607,Operations,21,65258.0,3.93,16,No,2,2026,0
E03608,Operations,41,44955.0,3.49,7,No,6,2020,0
E03609,Operations,48,88451.0,3.23,8,No,1,2019,0
E03610,Operations,25,90735.0,2.4,11,Yes,1,2025,0
E03611,Finance,25,59469.0,3.78,5,Yes,7,2019,0
E03612,Operations,45,41401.0,2.8,15,No,0,2021,0
E03613,Sales,40,94527.0,2.25,5,No,0,2021,0
E03614,IT,49,72472.0,4.36,14,No,0,2020,0
E03615,IT,50,39822.0,3.47,16,Yes,7,2024,0
E03616,Operations,52,65736.0,3.99,16,No,4,2021,0
E03617,Operations,46,88691.0,3.46,17,Yes,4,2023,0
E03618,Sales,34,34973.0,3.46,12,Yes,0,2019,0
E03619,IT,23,40043.0,1.85,12,No,0,2019,0
E03620,Finance,37,74517.0,3.46,13,No,6,2024,0
E03621,Sales,41,78649.0,3.12,8,No,3,2023,0
E03622,Finance,58,43952.0,2.02,13,No,1,2020,0
E03623,Finance,38,32499.0,3.06,13,No,5,2020,0
E03624,Sales,43,66035.0,3.0,0,No,3,2023,0
E03625,HR,55,105292.0,3.45,13,No,6,2025,0
E03626,Operations,42,90668.0,3.65,9,Yes,2,2024,0
E03627,Sales,45,58483.0,2.51,0,No,2,2026,0
E03628,Sales,54,54447.0,3.36,6,Yes,4,2023,0
E03629,Marketing,31,85622.0,4.44,17,No,6,2020,0
E03630,Marketing,48,71984.0,4.06,14,No,6,2024,0
E03631,IT,55,76441.0,4.05,15,Yes,7,2026,0
E03632,Operations,54,58807.0,3.6,2,No,7,2021,0
E03633,Finance,39,28000.0,3.75,2,No,7,2024,1
E03634,Finance,45,104495.0,3.14,13,No,4,2020,0
E03635,HR,40,46575.0,3.38,11,Yes,0,2022,0
E03636,IT,36,77493.0,3.88,5,No,5,2018,0
E03637,Sales,24,70744.0,3.08,0,Yes,6,2021,0
E03638,HR,37,59441.0,2.05,5,Yes,0,2025,0
E03639,Marketing,59,85866.0,2.83,3,No,7,2020,0
E03640,HR,39,60007.0,3.21,11,No,3,2025,0
E03641,Sales,30,62483.0,3.21,1,No,4,2025,0
E03642,Sales,53,60697.0,3.99,9,No,7,2018,0
E03643,Sales,29,60274.0,2.31,7,Yes,4,2025,0
E03644,IT,22,28000.0,3.66,11,No,6,2020,0
E03645,Sales,46,60504.0,4.59,4,No,4,2021,0
E03646,Marketing,51,46254.0,2.91,11,Yes,4,2022,1
E03647,Finance,55,34821.0,2.77,13,Yes,6,2023,0
E03648,Finance,40,78219.0,4.85,11,No,3,2026,0
E03649,HR,36,44837.0,2.7,2,No,0,2021,0
E03650,IT,29,49554.0,3.48,1,No,2,2024,0
E03651,Operations,25,67605.0,2.29,11,Yes,7,2022,0
E03652,IT,36,54935.0,3.81,14,No,3,2021,0
E03653,Operations,56,61079.0,2.92,13,No,2,2022,0
E03654,Finance,49,73954.0,3.77,6,No,3,2020,0
E03655,HR,21,52986.0,3.47,14,No,6,2018,0
E03656,HR,38,51712.0,3.54,0,Yes,5,2023,0
E03657,IT,26,35032.0,4.25,10,No,6,2018,0
E03658,IT,36,35447.0,3.27,14,No,2,2020,0
E03659,Sales,35,66755.0,3.2,8,No,1,2018,0
E03660,IT,51,94720.0,2.79,14,No,2,2026,0
E03661,Finance,45,59013.0,3.58,16,No,5,2023,0
E03662,IT,40,66978.0,4.28,3,No,4,2020,0
E03663,Operations,57,64174.0,4.02,14,No,4,2019,0
E03664,Sales,36,69092.0,3.5,13,No,7,2019,0
E03665,IT,50,70073.0,3.63,8,No,1,2020,0
E03666,Sales,37,85052.0,4.4,2,Yes,5,2021,0
E03667,Sales,27,59282.0,3.57,16,Yes,0,2020,0
E03668,Marketing,33,72426.0,3.87,5,Yes,6,2023,0
E03669,Finance,47,34948.0,4.18,4,No,3,2020,0
E03670,Finance,56,38610.0,3.9,7,No,0,2019,0
E03671,Operations,21,73419.0,3.32,3,No,7,2026,0
E03672,IT,46,89792.0,3.78,17,No,5,2022,0
E03673,HR,55,91644.0,3.32,4,No,1,2020,0
E03674,Marketing,29,80203.0,2.56,16,No,0,2021,0
E03675,Marketing,29,92864.0,3.55,13,Yes,0,2025,0
E03676,Operations,54,31642.0,4.79,8,No,2,2024,0
E03677,IT,21,47861.0,1.93,13,No,1,2019,0
E03678,Finance,36,41399.0,2.96,14,Yes,0,2025,1
E03679,IT,21,40435.0,3.69,5,No,0,2024,0
E03680,HR,49,62869.0,2.66,15,No,1,2023,0
E03681,IT,60,63232.0,2.98,7,Yes,0,2020,0
E03682,Sales,29,93147.0,3.16,7,No,5,2019,0
E03683,Marketing,35,38477.0,3.69,9,No,3,2024,0
E03684,Operations,38,45245.0,4.51,8,No,1,2024,0
E03685,Finance,46,85217.0,3.28,5,No,3,2019,1
E03686,Sales,30,58509.0,3.38,0,No,7,2022,0
E03687,Marketing,28,90756.0,2.66,15,No,7,2022,1
E03688,Operations,21,48929.0,3.88,14,No,3,2026,0
E03689,Operations,44,71297.0,3.16,2,No,6,2019,0
E03690,Operations,28,102339.0,3.44,11,Yes,6,2021,0
E03691,Finance,52,63329.0,2.92,1,No,1,2021,0
E03692,Sales,30,53527.0,3.5,10,Yes,4,2018,0
E03693,Finance,22,88012.0,2.45,1,No,6,2021,0
E03694,Finance,26,68213.0,3.7,17,No,3,2020,0
E03695,Operations,29,75730.0,3.13,12,Yes,4,2022,0
E03696,IT,59,70025.0,3.85,15,No,7,2024,0
E03697,Finance,60,45376.0,4.12,16,No,2,2022,0
E03698,Finance,34,81233.0,2.76,2,No,6,2020,0
E03699,Sales,58,86284.0,3.5,17,No,6,2024,0
E03700,IT,38,76783.0,4.67,2,No,3,2019,0
E03701,IT,55,72182.0,1.87,8,No,5,2020,0
E03702,IT,50,67638.0,2.06,12,No,0,2024,0
E03703,IT,30,64209.0,3.66,14,No,5,2018,0
E03704,Operations,49,54080.0,3.86,1,No,4,2020,0
E03705,Sales,45,59932.0,4.42,2,No,7,2018,0
E03706,HR,34,70366.0,3.5,5,No,7,2019,0
E03707,IT,57,51642.0,3.03,12,No,3,2025,0
E03708,Operations,27,82905.0,2.79,3,Yes,7,2022,0
E03709,Operations,40,46355.0,4.39,5,No,6,2018,0
E03710,HR,52,54866.0,3.58,13,Yes,0,2018,0
E03711,Operations,22,60337.0,3.38,8,No,1,2023,0
E03712,Finance,48,61061.0,4.67,15,No,6,2018,0
E03713,HR,45,50700.0,3.32,6,No,0,2018,0
E03714,HR,44,96983.0,4.09,8,No,4,2025,0
E03715,Marketing,48,47044.0,3.92,16,No,2,2021,0
E03716,Operations,25,82464.0,3.06,7,No,5,2026,0
E03717,Sales,32,48898.0,3.28,10,No,2,2023,0
E03718,IT,57,60908.0,3.79,11,No,0,2021,0
E03719,IT,58,73175.0,3.67,0,No,0,2025,0
E03720,Sales,29,42439.0,3.53,12,No,4,2019,0
E03721,IT,35,44724.0,2.47,3,Yes,4,2020,0
E03722,Sales,34,70971.0,1.85,17,No,4,2019,0
E03723,Finance,54,60898.0,3.45,9,Yes,7,2019,0
E03724,Marketing,25,103080.0,4.52,13,Yes,2,2026,0
E03725,Sales,54,67796.0,2.89,17,No,5,2018,0
E03726,Operations,48,68088.0,3.78,11,No,5,2024,0
E03727,IT,40,30158.0,5.0,5,No,5,2021,0
E03728,Marketing,51,71350.0,3.85,16,No,1,2024,0
E03729,Sales,37,99168.0,4.52,12,No,6,2026,0
E03730,HR,29,69047.0,3.03,9,No,7,2019,0
E03731,Finance,38,89190.0,3.08,5,Yes,6,2026,1
E03732,IT,25,77439.0,4.07,6,Yes,5,2026,0
E03733,IT,51,92722.0,3.24,11,No,4,2025,0
E03734,Finance,33,68535.0,4.97,14,No,2,2024,0
E03735,IT,24,61031.0,3.27,15,Yes,6,2024,0
E03736,Sales,59,74369.0,3.58,14,Yes,1,2026,0
E03737,Operations,29,64186.0,3.78,6,No,3,2026,1
E03738,Sales,53,77747.0,3.09,2,No,4,2023,0
E03739,Marketing,33,78978.0,3.96,1,No,1,2018,0
E03740,IT,54,82478.0,3.7,12,Yes,6,2021,1
E03741,HR,55,70473.0,2.65,6,Yes,0,2023,1
E03742,Operations,39,76454.0,3.06,0,No,6,2020,0
E03743,Marketing,40,49056.0,3.07,8,No,5,2025,0
E03744,Sales,58,48351.0,3.15,6,No,0,2022,0
E03745,Sales,50,61653.0,3.87,2,No,7,2022,0
E03746,Marketing,32,51184.0,2.56,1,Yes,4,2025,0
E03747,HR,37,28262.0,2.45,9,No,6,2020,0
E03748,IT,50,56979.0,2.56,3,No,6,2018,0
E03749,Sales,57,65241.0,3.2,13,No,4,2022,0
E03750,Finance,37,74573.0,2.41,3,No,3,2019,0
E03751,Finance,29,28000.0,3.17,12,No,4,2021,0
E03752,Operations,34,74254.0,3.76,8,No,7,2022,0
E03753,IT,31,85545.0,3.09,6,No,6,2026,0
E03754,Operations,36,68892.0,4.17,7,Yes,4,2025,1
E03755,Operations,32,70312.0,3.35,14,No,0,2019,0
E03756,Sales,46,70457.0,2.78,3,No,2,2021,0
E03757,Operations,26,65789.0,2.02,11,No,5,2023,0
E03758,HR,56,78729.0,4.54,8,No,2,2019,0
E03759,Sales,33,96198.0,2.12,16,No,6,2024,1
E03760,HR,54,62065.0,3.3,1,Yes,3,2022,0
E03761,Operations,28,72927.0,2.68,9,No,2,2023,0
E03762,Operations,41,36493.0,3.28,1,Yes,5,2020,1
E03763,Sales,31,65410.0,3.67,4,No,4,2023,0
E03764,Sales,21,45421.0,4.19,12,No,4,2023,1
E03765,Operations,49,71193.0,4.76,12,No,5,2019,0
E03766,Operations,46,73778.0,2.18,7,Yes,3,2018,0
E03767,Operations,52,99785.0,3.45,5,No,0,2020,0
E03768,Marketing,53,47368.0,3.77,12,Yes,1,2022,1
E03769,HR,33,76442.0,3.13,2,No,0,2022,0
E03770,Finance,32,73030.0,3.27,9,Yes,3,2025,0
E03771,IT,21,62889.0,2.41,7,No,3,2023,0
E03772,Finance,46,54947.0,3.88,2,Yes,0,2020,0
E03773,Sales,36,56922.0,3.21,15,No,2,2026,0
E03774,Operations,57,55745.0,3.4,14,No,6,2025,0
E03775,Finance,35,58557.0,3.08,12,No,3,2025,0
E03776,Sales,27,72073.0,3.61,8,No,4,2021,0
E03777,Operations,54,62398.0,3.22,10,No,4,2025,0
E03778,IT,41,40458.0,2.99,15,No,7,2018,0
E03779,Marketing,26,58224.0,2.87,7,No,3,2019,0
E03780,Operations,23,84278.0,3.34,6,No,4,2021,0
E03781,Finance,55,73617.0,3.32,4,Yes,1,2018,1
E03782,IT,54,71214.0,3.38,16,Yes,3,2023,0
E03783,IT,41,50017.0,2.25,7,No,1,2024,0
E03784,Marketing,52,82790.0,2.72,11,Yes,4,2024,0
E03785,Sales,57,75064.0,2.6,0,Yes,4,2018,0
E03786,Operations,50,34622.0,2.9,0,Yes,2,2018,0
E03787,HR,30,41396.0,2.87,2,Yes,4,2020,0
E03788,Sales,37,59522.0,2.93,17,Yes,7,2024,1
E03789,Marketing,53,74601.0,4.4,0,Yes,1,2019,0
E03790,Marketing,52,53191.0,3.01,17,No,1,2018,0
E03791,Marketing,47,57555.0,2.4,0,No,6,2020,0
E03792,Sales,52,93445.0,3.46,8,Yes,3,2019,0
E03793,Marketing,37,35659.0,3.12,8,No,0,2021,0
E03794,Sales,25,48159.0,3.79,3,Yes,5,2019,0
E03795,Marketing,23,91545.0,4.4,15,No,0,2022,0
E03796,Operations,30,62857.0,4.14,4,Yes,6,2023,0
E03797,Finance,45,60401.0,3.3,1,No,1,2024,0
E03798,HR,28,96111.0,3.04,2,No,5,2026,0
E03799,IT,59,46032.0,3.49,10,No,2,2021,0
E03800,IT,36,54876.0,2.78,9,No,0,2022,0
E03801,IT,22,56117.0,3.62,5,No,3,2022,0
E03802,Operations,29,68837.0,4.0,15,No,5,2019,0
E03803,IT,42,60906.0,3.44,2,Yes,0,2020,0
E03804,IT,41,54314.0,3.98,7,No,5,2018,0
E03805,Marketing,45,56660.0,3.7,1,No,3,2026,0
E03806,Sales,57,78764.0,3.33,0,No,6,2026,0
E03807,Marketing,50,85262.0,2.97,14,No,3,2024,0
E03808,Marketing,56,50885.0,4.39,6,No,4,2020,0
E03809,Sales,23,62350.0,4.9,10,Yes,3,2026,0
E03810,Finance,37,79517.0,2.86,9,Yes,6,2019,0
E03811,Sales,53,49802.0,3.77,11,No,5,2024,0
E03812,IT,41,55208.0,3.95,3,No,0,2025,0
E03813,IT,46,64684.0,3.34,16,No,7,2023,0
E03814,IT,58,61801.0,3.04,0,No,6,2024,1
E03815,IT,27,55129.0,3.75,12,No,4,2021,0
E03816,Sales,31,83673.0,2.96,15,Yes,7,2026,0
E03817,Marketing,58,53866.0,2.79,12,Yes,6,2023,0
E03818,IT,51,85568.0,4.64,15,No,1,2024,0
E03819,Sales,30,70187.0,2.67,10,Yes,1,2026,0
E03820,IT,25,43468.0,2.53,10,Yes,4,2026,0
E03821,Finance,44,92461.0,3.42,11,No,4,2023,0
E03822,IT,50,41945.0,4.62,4,Yes,4,2025,0
E03823,Operations,39,88494.0,1.96,1,Yes,3,2019,0
E03824,IT,28,65630.0,2.59,9,Yes,5,2024,0
E03825,Marketing,59,82364.0,3.5,12,No,1,2018,0
E03826,IT,31,69955.0,3.21,4,No,3,2023,0
E03827,Operations,26,103238.0,2.88,15,No,6,2024,0
E03828,Operations,39,58938.0,3.91,4,No,3,2021,0
E03829,Sales,59,64028.0,3.38,12,No,3,2018,0
E03830,Operations,43,69659.0,3.43,6,Yes,6,2021,0
E03831,IT,49,58776.0,3.28,8,No,4,2021,0
E03832,Operations,22,49693.0,2.91,7,No,4,2025,1
E03833,IT,37,41443.0,4.47,13,No,6,2018,0
E03834,Finance,44,93410.0,3.79,6,Yes,6,2020,0
E03835,HR,43,49712.0,2.97,16,No,6,2018,0
E03836,Finance,25,74497.0,2.67,10,No,1,2025,0
E03837,IT,56,63948.0,1.78,15,Yes,2,2025,0
E03838,HR,25,51201.0,3.09,11,No,3,2023,0
E03839,Marketing,45,51141.0,3.9,9,No,4,2018,0
E03840,Operations,52,47553.0,3.37,0,No,4,2024,0
E03841,IT,26,92793.0,3.52,2,No,6,2020,0
E03842,Sales,58,54647.0,3.14,5,No,6,2019,0
E03843,Operations,49,80742.0,2.92,12,No,6,2026,0
E03844,Marketing,29,64070.0,4.23,5,No,5,2018,0
E03845,Marketing,51,78354.0,3.25,16,Yes,7,2019,0
E03846,Marketing,54,68953.0,3.91,8,No,6,2019,0
E03847,IT,47,77970.0,2.25,3,No,3,2021,0
E03848,Sales,43,69240.0,4.37,15,No,3,2021,0
E03849,Sales,32,32953.0,3.47,11,No,4,2025,0
E03850,Marketing,48,88796.0,3.03,15,Yes,5,2026,0
E03851,HR,28,61833.0,2.82,2,No,4,2019,0
E03852,Finance,29,54013.0,2.55,14,No,7,2022,0
E03853,HR,52,64959.0,3.27,16,Yes,3,2019,0
E03854,HR,32,88553.0,2.78,17,Yes,4,2018,0
E03855,Finance,57,66635.0,4.5,12,No,5,2026,0
E03856,Operations,33,61442.0,3.08,2,No,5,2026,0
E03857,Operations,55,89900.0,4.66,15,No,3,2026,0
E03858,IT,34,46972.0,3.75,0,No,6,2023,0
E03859,Operations,33,45584.0,3.33,6,No,2,2018,0
E03860,Operations,35,51864.0,2.13,1,No,4,2024,0
E03861,HR,23,66241.0,3.55,6,No,7,2026,0
E03862,HR,29,63279.0,2.39,1,No,4,2026,0
E03863,Marketing,41,88078.0,2.9,11,No,3,2025,0
E03864,IT,30,63382.0,3.82,1,No,3,2024,1
E03865,HR,44,80528.0,2.84,0,No,6,2019,0
E03866,Operations,36,51197.0,2.7,17,No,0,2025,0
E03867,IT,60,58543.0,2.44,13,No,3,2022,0
E03868,HR,25,61779.0,3.57,5,No,0,2022,0
E03869,Operations,56,67098.0,3.72,15,Yes,0,2019,1
E03870,Sales,53,67000.0,3.67,8,No,7,2018,0
E03871,Operations,45,70529.0,2.99,12,No,0,2026,0
E03872,HR,37,66407.0,2.94,16,Yes,2,2025,0
E03873,Marketing,37,28000.0,3.48,5,No,0,2026,0
E03874,Marketing,43,51807.0,4.27,5,Yes,7,2020,0
E03875,Operations,34,54422.0,3.51,10,Yes,3,2023,0
E03876,IT,22,59976.0,2.96,8,No,7,2023,0
E03877,Finance,34,64702.0,3.33,2,No,1,2022,0
E03878,HR,54,78329.0,3.68,17,Yes,7,2019,0
E03879,Marketing,27,51758.0,2.8,11,Yes,7,2023,0
E03880,Sales,29,28000.0,4.23,9,No,6,2019,0
E03881,Marketing,55,60833.0,3.23,14,Yes,7,2023,0
E03882,Marketing,54,67772.0,4.06,9,No,0,2024,0
E03883,Sales,21,86475.0,2.87,14,No,2,2024,0
E03884,HR,21,58272.0,3.81,8,No,2,2022,0
E03885,Sales,45,56198.0,3.66,14,No,2,2026,1
E03886,Operations,34,50932.0,3.09,13,No,1,2019,0
E03887,IT,51,100405.0,4.15,6,No,7,2026,0
E03888,Finance,49,101276.0,3.12,6,No,0,2018,0
E03889,HR,45,41608.0,2.78,11,No,6,2019,0
E03890,HR,34,61921.0,3.56,6,No,1,2024,0
E03891,Operations,51,62910.0,3.08,12,No,2,2019,0
E03892,Operations,39,77347.0,3.86,13,No,5,2025,0
E03893,Operations,32,53853.0,3.93,8,Yes,2,2020,0
E03894,IT,41,78132.0,3.57,7,No,1,2021,0
E03895,Sales,47,64363.0,2.87,2,No,2,2025,0
E03896,Sales,51,47896.0,3.32,17,Yes,3,2018,0
E03897,IT,54,77246.0,4.03,10,Yes,1,2020,0
E03898,HR,36,89391.0,2.58,11,Yes,4,2020,0
E03899,Marketing,31,46441.0,3.96,13,No,7,2021,0
E03900,Marketing,27,89545.0,3.97,8,No,5,2023,0
E03901,Marketing,41,87918.0,3.44,15,No,7,2024,0
E03902,Operations,31,79028.0,4.94,17,No,7,2020,0
E03903,Sales,49,80846.0,2.74,15,Yes,5,2018,0
E03904,Operations,22,79788.0,3.06,4,Yes,3,2024,0
E03905,HR,34,44894.0,2.58,7,Yes,5,2022,0
E03906,Operations,40,77260.0,3.08,10,No,5,2019,0
E03907,IT,52,56338.0,3.3,0,Yes,2,2026,0
E03908,Operations,59,57666.0,3.79,4,No,5,2021,1
E03909,Sales,34,101513.0,2.86,3,No,6,2024,0
E03910,Finance,53,60480.0,2.91,6,No,3,2022,0
E03911,Sales,36,71637.0,4.5,10,Yes,4,2019,0
E03912,IT,44,92144.0,3.18,0,No,5,2023,0
E03913,Sales,42,59445.0,3.2,8,No,3,2022,0
E03914,Operations,43,77440.0,3.79,8,No,6,2019,0
E03915,Operations,30,65467.0,3.3,9,No,5,2024,0
E03916,IT,43,83278.0,3.23,6,No,0,2020,0
E03917,IT,27,49988.0,4.08,13,No,5,2018,0
E03918,Sales,32,58224.0,2.89,12,No,6,2019,0
E03919,Marketing,26,42169.0,2.89,12,No,4,2025,0
E03920,HR,26,53256.0,2.49,2,No,2,2019,0
E03921,HR,43,76052.0,2.88,2,Yes,1,2019,1
E03922,Sales,49,69102.0,3.11,3,No,1,2026,0
E03923,Sales,58,58849.0,3.8,10,No,4,2026,0
E03924,Marketing,25,48959.0,3.09,4,No,5,2019,0
E03925,IT,40,76708.0,2.61,5,No,4,2024,0
E03926,Operations,22,36729.0,3.87,16,No,4,2019,0
E03927,IT,31,73615.0,3.2,15,No,4,2025,0
E03928,IT,44,75549.0,2.84,14,Yes,7,2025,0
E03929,HR,60,58698.0,2.04,5,No,3,2020,0
E03930,Sales,37,49670.0,3.24,4,Yes,3,2026,0
E03931,Operations,35,36930.0,3.81,8,No,5,2018,0
E03932,IT,54,62343.0,2.68,4,Yes,1,2019,0
E03933,IT,53,63481.0,3.86,1,Yes,2,2020,0
E03934,IT,52,71619.0,3.79,13,Yes,1,2018,0
E03935,Sales,23,34914.0,3.09,9,No,3,2018,0
E03936,Operations,39,86868.0,4.07,9,Yes,1,2023,0
E03937,HR,40,82699.0,3.51,1,No,4,2023,0
E03938,Finance,38,92756.0,3.12,16,No,7,2018,0
E03939,IT,34,85429.0,3.58,13,Yes,3,2023,0
E03940,Sales,33,91405.0,2.33,13,No,0,2022,0
E03941,IT,24,60330.0,3.53,15,No,1,2022,1
E03942,Marketing,39,69096.0,3.13,1,No,7,2022,0
E03943,Operations,57,63900.0,2.8,14,No,3,2023,0
E03944,Finance,22,66096.0,3.0,13,Yes,1,2018,0
E03945,HR,29,28000.0,3.03,12,No,7,2023,0
E03946,HR,21,57942.0,4.6,6,Yes,3,2020,0
E03947,Operations,59,54171.0,4.15,17,No,7,2024,0
E03948,Marketing,52,30918.0,3.63,5,No,4,2023,0
E03949,Operations,49,80542.0,4.37,2,Yes,3,2019,0
E03950,IT,40,59333.0,3.34,11,No,4,2018,0
E03951,Operations,32,44243.0,3.14,10,Yes,3,2018,0
E03952,HR,49,80838.0,3.06,5,Yes,6,2021,0
E03953,IT,50,70291.0,3.36,4,Yes,6,2025,0
E03954,Operations,47,80372.0,2.84,9,No,6,2022,0
E03955,IT,25,74041.0,2.09,11,No,6,2024,0
E03956,Sales,54,28000.0,2.25,13,Yes,2,2021,0
E03957,IT,29,77046.0,3.96,14,No,4,2020,0
E03958,Operations,22,81529.0,3.98,15,No,3,2023,0
E03959,Marketing,33,50252.0,3.43,12,Yes,6,2019,1
E03960,Operations,21,64426.0,2.41,9,No,3,2023,0
E03961,HR,52,92893.0,3.01,13,Yes,6,2018,0
E03962,Operations,31,83889.0,3.38,9,No,5,2025,0
E03963,Finance,51,87224.0,3.85,7,No,6,2021,0
E03964,Sales,56,60504.0,3.37,8,No,3,2020,0
E03965,Sales,58,54504.0,2.97,15,Yes,5,2022,0
E03966,Sales,42,79229.0,3.11,7,No,2,2026,0
E03967,HR,48,55954.0,3.11,17,Yes,2,2024,0
E03968,Operations,45,61788.0,3.79,1,No,5,2021,0
E03969,Sales,21,95400.0,2.99,10,No,3,2019,0
E03970,Marketing,35,36547.0,3.26,12,No,7,2022,0
E03971,Marketing,31,59218.0,3.39,2,No,0,2019,0
E03972,Sales,23,36659.0,3.04,0,No,4,2024,1
E03973,Marketing,26,86951.0,5.0,11,Yes,5,2023,0
E03974,Marketing,50,74229.0,3.45,6,No,0,2021,0
E03975,IT,50,52780.0,4.3,2,No,2,2025,0
E03976,Marketing,22,43104.0,4.09,7,No,2,2023,0
E03977,Finance,24,36964.0,3.58,1,Yes,6,2026,0
E03978,Sales,48,81652.0,3.51,0,No,7,2020,0
E03979,Marketing,37,77666.0,3.12,16,No,4,2026,0
E03980,IT,32,102425.0,2.45,2,No,3,2021,0
E03981,Operations,32,58373.0,3.69,4,No,0,2022,1
E03982,Operations,59,57431.0,4.32,4,No,7,2025,0
E03983,Operations,52,83365.0,3.73,7,No,5,2021,0
E03984,IT,37,77794.0,2.7,10,Yes,7,2026,1
E03985,Marketing,42,66693.0,2.65,7,No,1,2019,0
E03986,IT,60,66841.0,3.27,6,No,3,2024,0
E03987,IT,43,71083.0,2.54,8,Yes,7,2023,0
E03988,Operations,58,63465.0,2.88,8,Yes,2,2018,0
E03989,IT,48,42742.0,3.16,14,Yes,4,2018,0
E03990,Operations,60,70352.0,5.0,1,No,7,2025,0
E03991,Finance,37,70064.0,3.66,5,Yes,3,2020,1
E03992,IT,57,59639.0,3.26,13,No,2,2021,0
E03993,IT,37,43007.0,3.96,9,No,4,2024,0
E03994,Marketing,27,79552.0,3.14,9,Yes,0,2020,0
E03995,Sales,47,93824.0,2.24,4,No,4,2025,0
E03996,IT,38,64585.0,3.41,3,No,0,2021,0
E03997,Sales,51,78630.0,4.0,16,Yes,4,2020,0
E03998,IT,52,55762.0,4.17,8,No,1,2019,0
E03999,IT,35,53508.0,3.3,6,No,4,2020,0
E04000,IT,60,70093.0,2.42,2,No,7,2025,0
E04001,Operations,24,73500.0,2.99,14,No,6,2019,0
E04002,IT,56,54529.0,3.63,8,No,0,2021,0
E04003,Sales,58,60115.0,1.17,5,No,3,2024,0
E04004,Sales,33,49981.0,2.86,4,No,3,2023,0
E04005,Operations,43,74396.0,3.06,6,No,0,2022,0
E04006,Sales,60,77066.0,4.4,16,No,7,2021,0
E04007,Sales,27,65719.0,3.65,6,No,1,2020,0
E04008,Operations,55,69358.0,3.12,4,No,6,2026,0
E04009,Marketing,53,94227.0,3.98,4,No,5,2023,0
E04010,IT,51,82589.0,2.71,2,Yes,2,2018,0
E04011,Operations,32,47400.0,4.46,3,No,3,2018,1
E04012,HR,37,94069.0,4.01,0,No,2,2023,0
E04013,Operations,36,40724.0,2.03,14,No,0,2018,0
E04014,Marketing,30,52161.0,2.31,0,Yes,4,2025,1
E04015,Marketing,21,90985.0,3.12,6,Yes,4,2023,0
E04016,Finance,55,76466.0,3.04,13,No,1,2023,0
E04017,Sales,48,28000.0,2.71,12,No,5,2019,0
E04018,HR,38,62556.0,3.15,1,Yes,3,2019,0
E04019,Marketing,48,39298.0,3.86,14,No,5,2018,0
E04020,Marketing,35,67999.0,2.85,11,Yes,6,2021,0
E04021,Sales,27,69966.0,2.98,3,Yes,6,2021,0
E04022,HR,49,42150.0,2.92,0,Yes,1,2023,0
E04023,Sales,55,46313.0,3.83,12,No,5,2020,0
E04024,IT,32,74580.0,2.42,4,No,6,2018,1
E04025,IT,51,78265.0,2.57,15,No,2,2023,0
E04026,Sales,47,74047.0,1.14,3,No,4,2024,0
E04027,Marketing,41,66822.0,3.75,12,No,5,2022,0
E04028,Sales,59,101090.0,4.89,17,No,1,2022,0
E04029,Operations,59,72372.0,4.82,11,No,6,2023,0
E04030,Marketing,51,79576.0,2.91,13,Yes,6,2019,0
E04031,Operations,51,70506.0,3.32,10,No,5,2025,0
E04032,HR,33,66559.0,3.07,10,Yes,5,2026,0
E04033,IT,26,59248.0,3.75,11,No,4,2018,0
E04034,HR,39,87249.0,4.43,3,No,5,2023,0
E04035,Operations,50,33739.0,4.0,12,No,5,2018,0
E04036,IT,29,73600.0,2.51,17,Yes,6,2026,0
E04037,Marketing,36,110411.0,3.53,3,No,0,2019,0
E04038,Operations,24,80141.0,2.42,9,No,5,2019,0
E04039,IT,48,80799.0,2.74,16,No,4,2018,0
E04040,Sales,42,84970.0,2.8,1,Yes,5,2020,0
E04041,Operations,32,70280.0,3.73,11,No,0,2022,0
E04042,IT,24,87995.0,3.72,4,No,5,2026,0
E04043,Marketing,26,57413.0,2.17,2,Yes,5,2020,1
E04044,Operations,59,28000.0,3.43,16,No,0,2020,0
E04045,Sales,38,62397.0,3.62,11,No,3,2018,0
E04046,IT,58,57025.0,3.73,4,No,6,2024,0
E04047,Operations,21,54024.0,3.14,13,Yes,6,2025,1
E04048,Sales,56,71162.0,2.59,16,No,4,2025,0
E04049,IT,54,69290.0,3.32,15,No,1,2018,1
E04050,Operations,41,66489.0,2.29,13,No,5,2020,1
E04051,HR,40,76184.0,3.1,16,Yes,4,2026,0
E04052,Sales,43,58707.0,2.74,17,No,4,2024,0
E04053,Finance,59,47995.0,2.77,9,Yes,0,2018,0
E04054,IT,49,94602.0,3.33,8,No,7,2018,0
E04055,IT,36,39296.0,3.93,2,No,6,2022,0
E04056,HR,59,39202.0,4.36,9,No,5,2024,0
E04057,Finance,51,80301.0,2.93,2,No,3,2023,0
E04058,IT,58,43953.0,2.92,17,No,7,2019,0
E04059,IT,22,49701.0,2.77,7,No,7,2023,1
E04060,IT,43,44625.0,2.44,15,No,2,2025,0
E04061,Sales,48,71745.0,2.91,2,Yes,2,2026,0
E04062,Marketing,52,59174.0,3.39,9,Yes,4,2018,0
E04063,Marketing,23,55171.0,3.44,14,No,7,2025,0
E04064,IT,35,74328.0,3.82,7,No,0,2021,0
E04065,Sales,21,42405.0,3.18,0,No,3,2024,0
E04066,IT,60,62395.0,4.31,1,No,3,2018,1
E04067,Marketing,53,55494.0,3.44,9,No,6,2018,0
E04068,Marketing,45,72360.0,3.44,7,Yes,7,2018,0
E04069,Marketing,25,96799.0,3.04,13,No,3,2023,0
E04070,Sales,33,53378.0,3.35,1,No,6,2026,0
E04071,Marketing,47,35132.0,2.87,2,No,5,2024,0
E04072,Sales,36,71827.0,3.81,11,Yes,0,2023,0
E04073,Operations,32,57266.0,4.18,14,No,0,2018,0
E04074,IT,49,57436.0,2.95,16,No,5,2018,0
E04075,Sales,43,72888.0,3.17,17,No,5,2024,0
E04076,Operations,41,52458.0,4.43,2,Yes,2,2026,0
E04077,Sales,28,42472.0,3.65,10,No,6,2018,1
E04078,Sales,33,64850.0,3.51,11,No,5,2018,1
E04079,Finance,30,58949.0,3.1,2,No,6,2020,0
E04080,IT,23,80863.0,3.56,6,No,4,2022,0
E04081,IT,49,68082.0,3.05,11,Yes,0,2021,0
E04082,HR,55,82016.0,3.42,10,No,5,2026,0
E04083,Marketing,54,41083.0,4.69,1,No,5,2020,0
E04084,Sales,25,55919.0,3.39,13,No,4,2020,0
E04085,Finance,52,50596.0,3.85,1,No,6,2019,0
E04086,IT,56,68310.0,3.56,16,No,7,2021,0
E04087,Operations,39,46527.0,4.14,10,No,4,2019,0
E04088,Operations,55,92683.0,3.27,16,No,6,2021,0
E04089,Sales,26,72049.0,3.82,6,No,4,2024,0
E04090,IT,51,113966.0,2.95,2,No,6,2022,0
E04091,Marketing,34,51759.0,4.09,8,Yes,2,2019,0
E04092,Marketing,23,66950.0,2.89,14,No,0,2022,0
E04093,Sales,56,56464.0,2.74,11,No,0,2020,0
E04094,Sales,56,74803.0,2.49,16,No,7,2026,0
E04095,Marketing,26,70367.0,5.0,14,No,7,2023,0
E04096,Sales,59,86250.0,2.84,9,No,1,2023,1
E04097,Sales,43,70213.0,3.71,15,Yes,1,2025,0
E04098,IT,60,57637.0,3.71,1,No,0,2020,0
E04099,Sales,31,77920.0,3.96,15,No,3,2025,0
E04100,Sales,24,77562.0,4.17,7,No,5,2018,0
E04101,HR,53,69749.0,4.58,1,No,5,2018,1
E04102,IT,39,53436.0,4.23,4,Yes,1,2020,0
E04103,IT,35,70419.0,3.31,8,Yes,6,2018,0
E04104,Operations,43,40068.0,3.81,5,No,1,2024,0
E04105,Sales,58,59224.0,3.63,4,No,6,2020,0
E04106,Finance,25,28000.0,3.47,12,No,7,2026,0
E04107,Sales,43,98016.0,3.43,6,No,6,2026,0
E04108,HR,54,55972.0,4.54,12,No,7,2022,0
E04109,Marketing,49,49866.0,2.91,4,No,5,2024,0
E04110,HR,39,31322.0,3.02,17,Yes,7,2025,0
E04111,Operations,46,46363.0,3.34,17,Yes,6,2022,0
E04112,IT,44,36110.0,2.78,1,Yes,1,2024,0
E04113,IT,59,100272.0,3.0,4,No,4,2021,0
E04114,IT,30,67835.0,3.4,12,Yes,3,2021,0
E04115,Sales,54,66666.0,2.3,13,Yes,3,2023,0
E04116,Sales,26,39528.0,2.92,12,No,7,2025,0
E04117,Finance,33,36077.0,3.2,3,No,7,2025,0
E04118,Operations,50,82192.0,3.57,3,No,6,2019,0
E04119,IT,28,71090.0,3.38,13,Yes,5,2026,0
E04120,Operations,60,73895.0,4.53,1,No,5,2018,0
E04121,Finance,51,77064.0,3.53,0,No,5,2022,0
E04122,Finance,28,58184.0,3.84,16,No,2,2022,1
E04123,IT,50,78382.0,2.99,2,No,2,2026,0
E04124,Marketing,60,66154.0,3.18,2,No,0,2018,0
E04125,Marketing,34,90692.0,4.2,1,No,5,2019,0
E04126,IT,52,78561.0,2.96,11,No,6,2022,1
E04127,Finance,40,80346.0,3.12,3,No,0,2026,0
E04128,IT,58,58196.0,2.95,9,No,6,2021,0
E04129,Finance,23,84940.0,3.64,4,No,6,2019,0
E04130,Marketing,54,43440.0,2.28,10,No,5,2019,0
E04131,Operations,44,37853.0,3.82,14,No,2,2022,0
E04132,Marketing,43,91978.0,3.01,4,Yes,4,2018,1
E04133,Marketing,46,73139.0,2.81,17,No,7,2026,0
E04134,Sales,44,59047.0,3.61,1,Yes,7,2025,0
E04135,IT,29,77498.0,3.98,3,Yes,3,2022,0
E04136,Marketing,60,70508.0,3.2,1,No,4,2021,0
E04137,Finance,49,44895.0,3.32,6,No,5,2021,0
E04138,IT,32,75869.0,3.26,0,No,7,2020,0
E04139,IT,29,72217.0,4.01,7,No,5,2019,0
E04140,Sales,58,66223.0,3.64,3,No,0,2026,0
E04141,IT,38,87076.0,2.23,4,Yes,2,2026,0
E04142,Finance,57,78600.0,3.76,0,No,7,2025,0
E04143,HR,58,51936.0,2.78,6,Yes,3,2026,0
E04144,HR,29,66007.0,3.18,3,No,6,2022,0
E04145,Sales,22,94610.0,3.13,14,No,7,2021,0
E04146,Finance,36,58097.0,3.87,9,No,3,2024,0
E04147,IT,41,82188.0,3.49,9,No,5,2019,0
E04148,IT,29,70567.0,2.89,7,Yes,5,2018,0
E04149,Sales,32,48402.0,3.5,12,No,2,2023,0
E04150,Operations,49,53724.0,4.38,15,Yes,7,2019,1
E04151,Operations,53,62740.0,3.81,5,No,0,2022,0
E04152,Sales,36,57533.0,3.95,5,No,7,2020,0
E04153,IT,28,63273.0,4.51,14,No,4,2021,0
E04154,IT,49,84112.0,3.17,15,No,2,2026,0
E04155,Operations,46,72323.0,2.98,16,No,2,2018,0
E04156,Operations,25,44214.0,3.5,6,No,4,2018,0
E04157,Marketing,40,107988.0,2.81,7,Yes,4,2025,1
E04158,Operations,26,28000.0,3.08,12,Yes,1,2019,0
E04159,IT,34,100869.0,3.09,10,No,6,2023,0
E04160,Finance,58,49913.0,2.97,1,No,0,2023,0
E04161,Operations,40,71346.0,2.67,6,Yes,6,2025,0
E04162,Sales,59,52847.0,2.91,13,No,5,2020,0
E04163,IT,29,86675.0,4.13,7,No,6,2018,0
E04164,Marketing,44,49913.0,3.06,2,No,2,2025,0
E04165,Sales,38,90680.0,4.09,15,No,1,2018,0
E04166,Sales,30,87686.0,2.86,2,No,2,2019,0
E04167,HR,48,54983.0,4.13,3,No,7,2021,0
E04168,Marketing,58,56633.0,3.63,16,No,7,2025,0
E04169,HR,54,49200.0,1.85,12,No,6,2025,0
E04170,Marketing,25,68909.0,3.92,6,Yes,1,2020,0
E04171,IT,24,43663.0,4.54,16,No,5,2025,0
E04172,Marketing,57,59558.0,3.05,17,Yes,4,2018,0
E04173,Finance,24,45213.0,3.44,3,No,3,2024,0
E04174,Operations,48,73660.0,2.96,4,Yes,0,2019,1
E04175,Marketing,57,76868.0,4.03,10,No,4,2018,0
E04176,IT,32,56613.0,2.62,7,Yes,4,2022,0
E04177,Finance,60,60192.0,3.78,0,No,0,2026,0
E04178,Marketing,28,75681.0,4.17,0,No,1,2018,0
E04179,IT,27,84759.0,2.62,15,No,6,2019,0
E04180,Finance,48,37950.0,4.36,15,No,2,2018,0
E04181,Sales,57,29150.0,3.48,13,No,6,2026,0
E04182,Operations,57,80154.0,3.85,11,No,1,2025,0
E04183,Sales,56,58589.0,3.99,9,No,4,2025,0
E04184,Operations,27,76642.0,3.18,11,No,2,2023,0
E04185,Sales,22,62854.0,3.53,5,No,0,2021,0
E04186,Marketing,39,70607.0,3.59,4,Yes,1,2020,0
E04187,HR,49,28000.0,3.33,5,Yes,1,2020,0
E04188,Finance,58,64291.0,3.48,15,No,7,2026,0
E04189,Sales,30,51595.0,3.95,9,Yes,3,2025,0
E04190,Sales,30,36231.0,3.89,0,Yes,4,2019,0
E04191,Marketing,39,66477.0,3.95,14,No,6,2018,0
E04192,Marketing,39,87250.0,2.05,3,No,4,2020,0
E04193,IT,42,94476.0,2.81,17,No,3,2019,0
E04194,Marketing,26,31922.0,3.46,12,No,3,2019,0
E04195,IT,57,50491.0,3.73,11,No,5,2024,1
E04196,Marketing,47,92492.0,4.17,14,No,0,2025,0
E04197,Operations,32,51827.0,1.88,14,No,2,2023,0
E04198,Marketing,35,74527.0,3.59,16,No,0,2020,1
E04199,HR,23,58211.0,3.58,14,No,4,2019,0
E04200,IT,30,61993.0,3.07,13,No,2,2024,0
E04201,HR,34,65299.0,3.67,11,No,2,2021,0
E04202,Operations,44,68251.0,3.17,9,No,4,2024,0
E04203,Operations,36,89513.0,2.35,14,No,1,2026,0
E04204,Sales,38,55849.0,1.68,1,Yes,5,2025,0
E04205,HR,54,44992.0,2.76,14,No,4,2026,0
E04206,Finance,35,72942.0,3.43,15,Yes,2,2021,0
E04207,IT,53,60738.0,2.87,9,No,2,2025,0
E04208,IT,55,59192.0,3.12,9,No,1,2023,0
E04209,Operations,31,70668.0,3.71,14,Yes,2,2021,0
E04210,IT,22,76421.0,2.68,2,No,5,2025,0
E04211,Sales,53,87408.0,2.04,14,Yes,4,2024,0
E04212,HR,57,57390.0,2.76,15,No,1,2019,0
E04213,Finance,54,76232.0,3.72,4,No,1,2021,1
E04214,Sales,50,68752.0,3.2,17,No,4,2018,0
E04215,HR,45,58584.0,3.02,15,No,4,2020,0
E04216,HR,48,43536.0,3.57,10,Yes,1,2023,0
E04217,Sales,30,54354.0,4.77,4,No,6,2025,0
E04218,Operations,54,30579.0,4.07,9,No,2,2026,0
E04219,Sales,48,56999.0,3.8,8,No,7,2022,0
E04220,Operations,30,78274.0,4.17,2,No,7,2018,0
E04221,Sales,30,76747.0,3.02,3,No,7,2024,0
E04222,HR,29,55582.0,1.29,4,No,3,2024,0
E04223,Marketing,55,73943.0,3.14,12,No,3,2018,0
E04224,Finance,45,43595.0,2.79,1,Yes,6,2018,0
E04225,IT,35,82960.0,4.09,8,Yes,2,2021,0
E04226,Operations,57,73418.0,3.26,4,No,0,2023,0
E04227,IT,48,54292.0,3.76,6,No,5,2019,0
E04228,IT,50,84053.0,4.25,11,No,7,2018,0
E04229,Sales,60,51276.0,2.33,15,Yes,4,2024,0
E04230,Finance,43,59387.0,2.9,15,Yes,5,2025,0
E04231,Operations,38,39338.0,3.02,13,Yes,3,2024,0
E04232,Finance,59,70040.0,3.66,5,No,4,2023,0
E04233,Operations,32,77317.0,2.2,6,Yes,2,2018,0
E04234,Sales,36,70190.0,2.78,3,No,1,2019,0
E04235,Operations,23,90387.0,3.8,14,No,2,2018,0
E04236,IT,48,41557.0,4.82,0,Yes,0,2021,1
E04237,Finance,48,46138.0,3.22,11,No,0,2019,0
E04238,Sales,55,67678.0,3.39,14,No,7,2020,0
E04239,Operations,47,80356.0,3.57,6,Yes,3,2022,1
E04240,HR,46,92606.0,2.47,12,No,4,2019,0
E04241,Operations,57,28000.0,3.26,12,Yes,1,2018,0
E04242,Operations,47,53175.0,2.9,14,No,4,2020,0
E04243,Sales,40,51409.0,3.03,15,No,5,2021,0
E04244,IT,51,92517.0,3.12,16,No,1,2019,0
E04245,Operations,33,41756.0,3.15,0,No,2,2022,0
E04246,IT,57,58706.0,3.15,13,No,4,2022,0
E04247,Sales,25,86847.0,3.84,10,No,3,2021,0
E04248,IT,33,57025.0,4.15,14,No,7,2024,0
E04249,Operations,42,65685.0,3.78,14,Yes,6,2020,0
E04250,Sales,25,66616.0,3.5,10,No,7,2026,0
E04251,Operations,42,45229.0,2.35,6,No,4,2022,0
E04252,IT,53,72920.0,2.7,2,No,0,2024,1
E04253,IT,35,61845.0,2.88,1,No,6,2021,0
E04254,Finance,55,72142.0,3.04,4,No,1,2018,0
E04255,Sales,59,73981.0,3.47,15,No,7,2020,0
E04256,Operations,49,60924.0,3.94,14,Yes,7,2025,0
E04257,Finance,53,61324.0,3.52,5,No,3,2026,0
E04258,Operations,26,92386.0,3.09,14,Yes,5,2019,0
E04259,Operations,33,56445.0,3.94,13,Yes,3,2022,1
E04260,Sales,45,94377.0,2.36,1,No,0,2023,0
E04261,Sales,51,68081.0,3.99,0,Yes,3,2025,1
E04262,Marketing,55,59865.0,4.02,9,No,6,2021,0
E04263,HR,44,82104.0,1.95,4,No,1,2022,0
E04264,Finance,26,90635.0,2.68,0,No,4,2025,0
E04265,Operations,41,30200.0,2.77,7,Yes,5,2025,0
E04266,Sales,26,87391.0,3.17,7,No,4,2020,0
E04267,Sales,39,64160.0,3.62,3,No,4,2020,0
E04268,IT,23,56977.0,3.5,9,No,2,2021,0
E04269,HR,53,113591.0,2.74,12,No,6,2019,0
E04270,Marketing,56,70355.0,3.89,16,Yes,5,2019,1
E04271,Operations,54,76759.0,4.07,3,No,1,2022,0
E04272,Operations,26,62861.0,2.44,13,No,0,2021,0
E04273,Marketing,51,72547.0,2.75,0,No,0,2023,0
E04274,Operations,29,85150.0,4.66,17,No,3,2025,1
E04275,IT,52,88293.0,2.77,0,No,7,2019,0
E04276,Marketing,25,73618.0,3.44,6,No,0,2024,0
E04277,Finance,37,62535.0,3.12,1,Yes,5,2023,0
E04278,HR,56,85355.0,1.27,7,No,2,2020,0
E04279,Operations,35,117636.0,2.77,1,Yes,0,2020,0
E04280,IT,40,82528.0,2.84,7,Yes,5,2021,0
E04281,Sales,53,28842.0,3.85,11,No,7,2020,0
E04282,Sales,33,72178.0,3.2,3,No,4,2018,0
E04283,Finance,59,66416.0,3.39,13,No,3,2020,0
E04284,Finance,59,70914.0,4.03,6,No,1,2023,0
E04285,Marketing,50,50438.0,3.16,13,Yes,3,2019,0
E04286,Marketing,54,68396.0,2.83,5,No,3,2023,1
E04287,IT,24,74977.0,3.01,16,No,0,2026,0
E04288,Operations,55,68825.0,3.44,14,No,1,2026,0
E04289,Finance,41,36556.0,3.3,8,No,5,2020,0
E04290,Sales,41,50118.0,4.1,1,No,1,2021,0
E04291,HR,58,64295.0,3.01,6,No,4,2022,1
E04292,Finance,52,68018.0,2.68,4,Yes,1,2025,0
E04293,Sales,27,66478.0,3.72,1,No,2,2018,0
E04294,Finance,44,91156.0,4.26,10,Yes,6,2018,0
E04295,IT,37,65432.0,4.38,11,Yes,5,2026,0
E04296,Operations,59,54497.0,2.85,3,No,0,2018,0
E04297,IT,48,112577.0,3.91,13,No,1,2024,0
E04298,IT,47,70496.0,2.46,1,No,6,2022,1
E04299,HR,56,89856.0,3.6,11,No,2,2022,0
E04300,Finance,32,72565.0,4.54,10,No,4,2026,0
E04301,Operations,58,78968.0,2.69,10,No,4,2019,0
E04302,Sales,37,60401.0,3.33,4,No,6,2025,0
E04303,Operations,42,77238.0,3.0,13,No,7,2023,0
E04304,Sales,28,58578.0,4.25,1,No,5,2020,0
E04305,Finance,59,76648.0,3.75,0,Yes,7,2024,0
E04306,Operations,58,67156.0,3.83,11,No,5,2022,0
E04307,Marketing,33,51223.0,2.57,1,Yes,3,2025,0
E04308,Operations,49,86176.0,3.3,9,No,6,2021,0
E04309,Sales,28,92719.0,2.18,11,No,3,2020,0
E04310,Finance,57,40274.0,2.84,9,No,5,2025,0
E04311,Sales,38,55279.0,3.24,4,Yes,2,2022,0
E04312,Marketing,32,43473.0,1.86,16,No,0,2018,0
E04313,Operations,32,62607.0,2.41,7,No,4,2018,0
E04314,Sales,41,54743.0,3.29,0,No,0,2018,0
E04315,Finance,48,60230.0,3.17,15,No,0,2018,0
E04316,Sales,32,83278.0,3.78,14,No,0,2021,0
E04317,Sales,26,81759.0,4.08,2,No,5,2018,0
E04318,IT,50,68882.0,3.35,2,No,6,2018,0
E04319,Operations,45,65544.0,2.88,11,Yes,5,2018,0
E04320,IT,57,63058.0,3.92,16,Yes,2,2026,0
E04321,Sales,34,81714.0,2.36,0,No,4,2026,0
E04322,Operations,29,103133.0,4.46,4,No,6,2020,1
E04323,HR,41,52026.0,3.12,14,No,2,2023,0
E04324,Operations,53,87825.0,2.76,13,No,0,2019,0
E04325,Marketing,41,82322.0,3.26,3,No,1,2022,0
E04326,Finance,48,57471.0,3.15,9,No,7,2019,0
E04327,Sales,40,64041.0,4.04,14,No,1,2024,0
E04328,Finance,54,72045.0,3.81,13,No,2,2019,0
E04329,HR,41,33671.0,2.09,13,No,5,2024,0
E04330,Operations,45,34717.0,3.77,3,No,7,2020,0
E04331,HR,33,43021.0,4.23,5,No,4,2026,0
E04332,IT,49,71500.0,3.3,9,No,4,2018,1
E04333,IT,45,69050.0,3.65,5,No,4,2019,0
E04334,Sales,34,84940.0,4.28,17,No,1,2019,0
E04335,Operations,60,67899.0,2.96,12,No,6,2025,0
E04336,Marketing,50,95180.0,2.41,6,No,4,2022,0
E04337,IT,23,52330.0,3.05,2,No,2,2019,0
E04338,Sales,37,83790.0,3.51,16,Yes,3,2024,0
E04339,HR,42,66054.0,3.94,11,No,1,2018,0
E04340,Sales,57,93460.0,2.48,14,Yes,6,2025,0
E04341,IT,49,71466.0,4.08,13,No,5,2025,0
E04342,Marketing,56,28720.0,3.31,2,No,2,2020,0
E04343,Sales,22,76748.0,2.93,8,Yes,3,2020,0
E04344,Marketing,60,28000.0,3.74,7,Yes,7,2022,0
E04345,Sales,27,78814.0,3.72,13,Yes,3,2026,0
E04346,Sales,23,44511.0,3.66,13,No,5,2026,0
E04347,Operations,33,71606.0,3.61,5,No,3,2019,0
E04348,Sales,33,54802.0,2.23,5,Yes,7,2019,0
E04349,Sales,39,62243.0,3.66,17,No,0,2022,0
E04350,Operations,43,88391.0,4.06,10,No,4,2021,0
E04351,Operations,44,63951.0,2.66,15,No,2,2022,0
E04352,Operations,44,70452.0,2.92,1,No,3,2019,0
E04353,Sales,35,51602.0,3.86,11,Yes,1,2018,0
E04354,IT,28,61882.0,4.35,14,Yes,2,2023,0
E04355,Finance,32,52007.0,2.81,17,No,3,2025,0
E04356,Finance,43,80375.0,2.79,9,No,7,2025,0
E04357,Sales,46,92324.0,2.28,0,No,2,2020,0
E04358,Operations,56,34994.0,3.87,9,Yes,7,2022,0
E04359,IT,60,75948.0,3.52,2,No,6,2021,0
E04360,IT,45,61201.0,4.46,14,Yes,3,2022,0
E04361,Marketing,46,74908.0,3.29,14,No,7,2022,1
E04362,Sales,56,59218.0,4.49,9,No,2,2026,0
E04363,IT,24,58333.0,2.44,15,No,7,2026,0
E04364,Marketing,29,102588.0,3.76,1,No,3,2026,0
E04365,Operations,54,74083.0,2.56,14,No,2,2021,0
E04366,Operations,55,69967.0,3.4,7,No,2,2020,0
E04367,Marketing,59,49366.0,4.04,0,No,2,2018,0
E04368,IT,53,85445.0,2.23,10,Yes,6,2023,0
E04369,IT,57,75277.0,3.88,9,No,2,2022,0
E04370,Sales,22,93283.0,3.85,4,No,1,2018,0
E04371,IT,38,95518.0,2.85,7,Yes,0,2018,1
E04372,Operations,53,78725.0,3.2,4,No,1,2019,0
E04373,Operations,37,28000.0,2.71,2,No,6,2023,0
E04374,Marketing,57,89994.0,4.04,3,No,6,2026,0
E04375,Operations,47,71734.0,2.76,5,Yes,1,2018,1
E04376,Sales,33,35166.0,3.13,11,Yes,7,2018,0
E04377,Sales,35,63246.0,3.22,2,No,4,2019,0
E04378,IT,50,64226.0,2.6,13,No,5,2026,0
E04379,IT,47,77105.0,3.2,12,No,0,2021,0
E04380,HR,28,52966.0,4.47,2,No,0,2022,0
E04381,Finance,29,82814.0,3.94,8,No,2,2025,0
E04382,Operations,50,77455.0,2.02,16,No,4,2025,0
E04383,Finance,30,55343.0,1.86,11,No,0,2024,0
E04384,Marketing,28,28000.0,3.19,12,Yes,7,2023,1
E04385,IT,51,83534.0,3.78,8,No,6,2025,0
E04386,Operations,29,76270.0,3.33,17,No,6,2025,0
E04387,IT,46,47878.0,2.59,5,Yes,1,2019,0
E04388,IT,26,41414.0,3.4,3,No,2,2026,0
E04389,HR,43,72955.0,2.81,17,No,1,2020,0
E04390,Sales,21,71249.0,3.22,10,No,0,2021,0
E04391,IT,27,82101.0,2.91,16,No,7,2024,0
E04392,Sales,29,46080.0,3.44,6,No,0,2026,0
E04393,Operations,25,53828.0,3.45,10,No,7,2025,0
E04394,Sales,37,71882.0,3.41,4,Yes,5,2020,0
E04395,Marketing,26,57971.0,4.65,3,Yes,7,2026,0
E04396,Marketing,49,82931.0,3.15,8,Yes,5,2020,0
E04397,Operations,48,50696.0,3.33,9,Yes,4,2020,0
E04398,Finance,28,72116.0,3.87,15,No,2,2020,0
E04399,Marketing,27,72552.0,4.14,0,No,6,2023,0
E04400,Sales,34,53781.0,3.49,13,No,2,2022,0
E04401,Marketing,45,67793.0,2.81,3,No,7,2024,0
E04402,IT,47,61638.0,3.32,2,No,2,2023,0
E04403,HR,31,47873.0,3.17,11,No,3,2024,0
E04404,Finance,52,83355.0,2.91,17,No,7,2018,0
E04405,HR,49,87921.0,3.71,5,No,3,2019,0
E04406,IT,57,89331.0,3.63,6,No,2,2021,0
E04407,Marketing,52,32402.0,3.93,13,No,4,2024,0
E04408,Sales,29,62658.0,3.56,5,No,2,2024,0
E04409,Sales,47,88103.0,3.96,16,Yes,2,2026,1
E04410,IT,26,61188.0,3.42,1,No,6,2023,0
E04411,Sales,42,64854.0,3.41,1,No,3,2025,0
E04412,IT,37,51950.0,3.19,17,No,6,2024,0
E04413,Operations,48,83894.0,3.58,7,Yes,4,2024,0
E04414,Operations,53,45760.0,2.79,14,Yes,1,2025,1
E04415,IT,44,54663.0,3.45,10,No,3,2026,0
E04416,Operations,57,79361.0,2.49,7,No,5,2025,0
E04417,Finance,49,63268.0,3.78,2,No,0,2022,0
E04418,Sales,58,72985.0,3.73,5,No,6,2020,0
E04419,HR,32,88627.0,4.0,10,Yes,1,2026,0
E04420,Operations,26,72188.0,2.27,17,No,6,2018,0
E04421,IT,49,72057.0,3.4,14,No,2,2020,0
E04422,IT,24,88974.0,3.08,12,No,0,2019,0
E04423,Sales,32,76577.0,3.39,8,No,7,2023,0
E04424,IT,55,79776.0,3.48,5,No,6,2020,0
E04425,Marketing,26,53007.0,3.42,12,No,3,2020,0
E04426,Sales,33,34263.0,4.36,2,No,7,2023,0
E04427,IT,59,57827.0,4.47,11,No,5,2021,0
E04428,Marketing,59,28000.0,3.89,14,Yes,6,2021,0
E04429,Sales,55,78946.0,3.35,7,No,3,2021,0
E04430,Sales,38,80728.0,2.34,1,No,1,2025,0
E04431,Operations,57,86885.0,3.49,7,No,0,2024,0
E04432,Operations,27,86025.0,2.5,8,No,0,2019,0
E04433,Sales,52,66907.0,3.06,13,Yes,3,2026,1
E04434,IT,60,85804.0,2.82,17,No,3,2026,0
E04435,Sales,50,35594.0,3.27,1,Yes,3,2018,0
E04436,Operations,43,112312.0,3.39,16,No,1,2026,0
E04437,HR,45,51370.0,3.06,15,Yes,2,2023,0
E04438,Marketing,45,73567.0,3.13,6,Yes,4,2021,0
E04439,IT,31,38258.0,3.34,16,Yes,7,2025,0
E04440,HR,39,67897.0,2.5,13,Yes,4,2018,1
E04441,Marketing,50,82361.0,3.67,4,Yes,2,2022,0
E04442,Operations,21,74832.0,3.25,15,No,3,2025,0
E04443,Marketing,24,49895.0,3.71,0,No,5,2021,0
E04444,IT,24,87680.0,2.58,17,No,2,2026,0
E04445,HR,46,53457.0,4.15,5,No,4,2019,0
E04446,Marketing,39,41927.0,3.9,13,Yes,4,2018,0
E04447,Sales,42,94786.0,1.52,3,No,1,2019,0
E04448,Finance,22,61845.0,3.09,0,No,6,2019,0
E04449,IT,27,32851.0,3.43,13,No,4,2024,0
E04450,Finance,58,95915.0,3.84,16,Yes,7,2025,0
E04451,Operations,55,45730.0,3.13,12,No,4,2025,0
E04452,IT,46,76429.0,2.38,4,Yes,6,2026,0
E04453,Sales,60,39510.0,3.33,4,Yes,5,2019,0
E04454,IT,26,41247.0,3.48,10,No,7,2018,0
E04455,Operations,57,59352.0,2.89,9,No,2,2023,0
E04456,Finance,45,89241.0,2.71,17,No,2,2025,1
E04457,Operations,36,51674.0,3.82,12,No,1,2026,0
E04458,Operations,32,33535.0,3.06,15,No,4,2020,0
E04459,IT,58,48422.0,2.27,8,No,3,2026,0
E04460,Marketing,49,80542.0,3.75,6,Yes,2,2024,1
E04461,Finance,27,97563.0,3.53,2,No,1,2025,0
E04462,Marketing,31,82104.0,2.24,1,Yes,3,2019,0
E04463,IT,59,28601.0,3.06,7,No,6,2019,0
E04464,Operations,46,63758.0,3.15,7,Yes,6,2022,0
E04465,IT,59,28000.0,3.19,13,No,3,2021,0
E04466,Operations,50,57031.0,3.69,15,No,1,2018,0
E04467,Operations,29,72449.0,2.81,16,No,1,2026,0
E04468,Finance,43,89065.0,3.96,6,No,7,2023,0
E04469,IT,50,50068.0,4.0,6,No,6,2023,0
E04470,Operations,41,67869.0,3.32,3,No,2,2019,0
E04471,Operations,51,78532.0,3.19,2,No,4,2022,0
E04472,Marketing,42,52948.0,3.0,6,No,7,2024,0
E04473,Operations,36,56023.0,2.53,4,No,5,2020,1
E04474,Operations,44,66586.0,3.98,1,No,7,2021,0
E04475,Marketing,39,29565.0,2.63,5,No,5,2020,0
E04476,Sales,51,69302.0,3.13,3,Yes,2,2021,0
E04477,Operations,47,33068.0,3.33,4,Yes,7,2019,0
E04478,Marketing,23,76437.0,2.71,5,Yes,7,2024,0
E04479,Sales,23,84990.0,2.69,13,No,2,2021,0
E04480,Sales,29,29653.0,4.04,8,No,1,2024,1
E04481,Operations,54,64120.0,2.96,3,No,1,2026,0
E04482,Operations,36,51838.0,4.24,1,Yes,7,2019,0
E04483,Operations,37,62552.0,2.62,5,No,5,2019,0
E04484,Sales,28,61694.0,3.74,15,No,6,2018,0
E04485,Sales,43,60165.0,3.78,8,Yes,5,2021,1
E04486,Finance,50,42511.0,4.39,13,No,2,2025,0
E04487,Marketing,43,82448.0,2.56,15,No,5,2018,0
E04488,IT,42,47861.0,3.73,13,No,4,2021,0
E04489,Operations,57,51495.0,3.28,10,No,4,2023,0
E04490,IT,40,70588.0,2.32,2,No,7,2023,0
E04491,Operations,48,90386.0,2.13,1,No,4,2025,0
E04492,Marketing,35,69869.0,3.19,6,No,2,2022,0
E04493,Marketing,49,57585.0,3.34,3,No,5,2021,0
E04494,Operations,33,56600.0,3.46,14,No,5,2021,0
E04495,IT,28,76918.0,3.23,12,Yes,1,2024,0
E04496,IT,55,69389.0,3.98,8,No,1,2024,0
E04497,Sales,33,54175.0,3.65,15,Yes,3,2025,0
E04498,Sales,32,47641.0,2.72,13,Yes,0,2023,0
E04499,HR,47,70743.0,3.6,3,No,5,2019,0
E04500,IT,52,42120.0,3.34,14,No,7,2018,0
E04501,Sales,44,95952.0,3.28,15,No,7,2019,0
E04502,Marketing,47,74168.0,2.13,9,No,3,2021,0
E04503,Finance,33,68887.0,3.57,15,No,4,2019,0
E04504,Operations,57,42602.0,3.25,3,No,3,2019,0
E04505,IT,37,70634.0,4.37,12,Yes,0,2024,0
E04506,Marketing,35,66870.0,2.57,2,No,6,2020,0
E04507,Operations,43,85569.0,3.08,2,No,2,2024,0
E04508,Marketing,25,34155.0,4.39,1,No,3,2026,1
E04509,IT,41,77563.0,3.43,15,No,7,2020,0
E04510,HR,39,46756.0,3.03,17,No,1,2025,0
E04511,Operations,52,63470.0,3.07,10,No,3,2022,0
E04512,IT,24,59001.0,3.81,10,Yes,5,2018,0
E04513,Marketing,44,28000.0,2.71,5,No,6,2019,0
E04514,Operations,47,50008.0,4.64,13,No,4,2025,0
E04515,HR,57,76530.0,3.98,5,Yes,0,2023,0
E04516,HR,49,70381.0,3.6,14,No,2,2024,0
E04517,Sales,28,43199.0,3.85,16,No,0,2023,0
E04518,HR,53,66481.0,2.69,12,No,0,2019,0
E04519,Finance,25,38083.0,2.75,8,No,3,2025,0
E04520,Operations,51,91173.0,3.44,5,Yes,6,2021,0
E04521,IT,52,51311.0,4.2,4,No,0,2022,0
E04522,Sales,60,70948.0,3.85,4,No,1,2025,0
E04523,Operations,54,46708.0,4.52,3,Yes,7,2021,0
E04524,Operations,39,64329.0,3.01,10,No,0,2019,0
E04525,IT,37,36585.0,3.8,1,No,0,2021,1
E04526,IT,47,81378.0,3.92,1,No,0,2025,0
E04527,Sales,33,60922.0,2.64,4,No,5,2023,0
E04528,Operations,38,52639.0,4.66,2,Yes,5,2020,1
E04529,Marketing,49,70748.0,4.14,12,No,2,2024,0
E04530,Operations,34,82020.0,2.65,7,No,0,2026,0
E04531,IT,24,63627.0,2.68,6,Yes,4,2025,0
E04532,Finance,39,65333.0,2.27,0,Yes,2,2019,0
E04533,Operations,38,106768.0,2.48,6,No,4,2026,0
E04534,IT,43,62464.0,4.35,10,Yes,7,2025,1
E04535,Operations,51,96448.0,3.92,14,Yes,3,2026,0
E04536,Marketing,35,58967.0,4.29,8,No,4,2026,0
E04537,IT,52,39781.0,4.34,3,No,7,2023,1
E04538,Sales,47,32900.0,3.97,11,No,4,2025,0
E04539,Sales,28,48619.0,2.46,15,No,6,2018,0
E04540,Finance,33,51283.0,2.91,8,No,0,2023,0
E04541,Operations,24,63246.0,2.83,14,No,3,2024,0
E04542,Marketing,56,58036.0,4.23,3,No,6,2019,0
E04543,Operations,46,53541.0,3.23,4,No,6,2018,0
E04544,Operations,48,63713.0,3.44,9,No,5,2023,0
E04545,Sales,43,43060.0,4.0,0,No,6,2021,0
E04546,Marketing,32,48005.0,3.13,15,No,7,2022,0
E04547,Operations,54,90833.0,2.7,15,No,0,2024,0
E04548,Marketing,22,54002.0,3.98,10,No,1,2021,0
E04549,Operations,41,47674.0,4.06,0,No,0,2021,0
E04550,IT,45,91065.0,4.81,3,No,5,2025,0
E04551,Sales,40,54528.0,3.42,4,No,0,2025,0
E04552,Operations,43,85797.0,3.69,5,No,1,2021,0
E04553,Operations,29,108761.0,2.3,1,Yes,3,2022,0
E04554,Sales,42,39201.0,3.79,1,Yes,2,2023,0
E04555,Operations,57,62827.0,4.9,15,Yes,5,2026,0
E04556,Operations,36,43218.0,3.57,16,No,1,2024,0
E04557,Sales,48,63051.0,3.67,11,No,2,2022,0
E04558,Sales,29,73262.0,3.47,15,No,0,2019,0
E04559,Marketing,50,44602.0,4.43,8,No,2,2022,1
E04560,IT,21,53319.0,3.06,7,No,1,2024,0
E04561,IT,48,86394.0,3.89,1,No,2,2024,0
E04562,Operations,47,81605.0,2.89,17,Yes,6,2019,0
E04563,HR,39,89392.0,3.67,6,No,6,2026,1
E04564,IT,38,33666.0,3.34,11,No,6,2022,0
E04565,IT,44,83794.0,3.33,17,No,1,2025,0
E04566,HR,49,56624.0,3.31,3,Yes,2,2023,0
E04567,Sales,31,91681.0,4.23,17,No,1,2019,0
E04568,IT,47,74041.0,3.43,7,No,3,2021,0
E04569,Finance,35,90004.0,3.74,12,No,6,2023,0
E04570,Operations,34,70388.0,2.76,6,No,7,2024,0
E04571,IT,23,65709.0,4.5,2,No,7,2025,0
E04572,IT,28,61960.0,3.32,9,No,3,2026,0
E04573,IT,49,71704.0,3.73,11,No,4,2024,0
E04574,Operations,30,46494.0,2.88,6,No,6,2019,0
E04575,Finance,39,60349.0,3.99,11,No,7,2018,0
E04576,Operations,36,69900.0,2.68,0,No,1,2021,0
E04577,Marketing,30,71022.0,3.5,13,Yes,6,2026,0
E04578,Marketing,56,72811.0,3.76,7,Yes,2,2025,1
E04579,Marketing,23,74550.0,2.98,14,No,7,2018,0
E04580,IT,57,86098.0,2.35,0,Yes,1,2026,1
E04581,IT,56,66087.0,3.41,8,No,0,2018,0
E04582,Operations,47,78054.0,3.24,14,Yes,3,2025,0
E04583,Sales,28,56101.0,2.77,15,No,2,2023,0
E04584,Operations,51,97981.0,3.74,7,Yes,4,2021,0
E04585,Operations,32,53090.0,3.64,1,No,2,2025,0
E04586,Finance,38,66757.0,3.54,13,No,4,2021,0
E04587,Marketing,57,80195.0,4.66,5,No,7,2020,0
E04588,Sales,57,52154.0,2.3,15,No,5,2019,1
E04589,Sales,30,75834.0,3.8,9,No,7,2021,0
E04590,IT,52,61659.0,3.39,10,No,2,2020,0
E04591,Operations,37,53126.0,3.18,16,No,0,2020,0
E04592,Operations,35,42029.0,3.81,1,No,5,2023,0
E04593,Operations,37,60334.0,3.13,3,No,0,2025,0
E04594,IT,32,77106.0,3.35,0,Yes,7,2023,0
E04595,Marketing,25,56111.0,3.92,11,Yes,3,2019,0
E04596,IT,31,58634.0,3.55,0,No,6,2019,0
E04597,Marketing,45,79014.0,2.44,16,No,1,2022,0
E04598,Operations,27,62109.0,3.25,7,No,4,2023,0
E04599,Marketing,52,90931.0,3.34,1,No,4,2018,0
E04600,IT,24,47859.0,4.51,15,Yes,6,2025,0
E04601,Sales,24,63139.0,2.42,17,No,4,2019,0
E04602,IT,26,59491.0,4.45,14,Yes,6,2023,1
E04603,Operations,21,45439.0,4.11,11,No,1,2020,0
E04604,Operations,40,69213.0,2.7,5,No,0,2020,0
E04605,Operations,47,42237.0,4.48,9,No,7,2026,0
E04606,Operations,25,65522.0,4.06,11,Yes,5,2026,0
E04607,IT,48,71557.0,3.66,11,No,7,2022,0
E04608,Marketing,21,59283.0,3.33,16,No,7,2020,0
E04609,Finance,29,79833.0,3.86,3,No,5,2026,0
E04610,Operations,26,49982.0,2.77,1,No,2,2021,0
E04611,HR,38,51576.0,3.37,3,No,4,2023,0
E04612,Marketing,26,61589.0,2.59,7,No,5,2022,0
E04613,IT,38,65567.0,3.98,11,No,0,2022,0
E04614,Finance,30,35784.0,3.02,15,No,2,2023,0
E04615,IT,58,66258.0,3.61,1,Yes,6,2020,1
E04616,Marketing,57,28000.0,3.61,12,Yes,5,2023,1
E04617,IT,29,45959.0,4.3,1,No,7,2018,0
E04618,Marketing,38,103657.0,4.02,1,No,7,2025,0
E04619,Sales,42,70384.0,3.72,17,Yes,3,2023,0
E04620,HR,22,69851.0,3.66,12,No,2,2021,0
E04621,Operations,27,87016.0,4.25,7,No,1,2021,0
E04622,Sales,21,65110.0,3.33,8,No,0,2023,0
E04623,IT,58,66856.0,3.62,2,No,2,2023,0
E04624,Operations,37,60849.0,4.21,7,Yes,2,2018,0
E04625,Sales,52,98530.0,2.18,7,No,5,2018,0
E04626,Operations,35,79557.0,3.4,8,Yes,7,2019,0
E04627,Sales,55,62684.0,4.73,6,Yes,3,2026,0
E04628,HR,45,72891.0,3.26,17,No,5,2018,0
E04629,Sales,37,91584.0,2.79,17,No,3,2025,0
E04630,Finance,59,82238.0,4.23,2,No,1,2019,0
E04631,IT,30,68068.0,3.82,11,No,1,2021,0
E04632,Marketing,56,77296.0,3.04,12,No,3,2022,0
E04633,Marketing,29,81003.0,3.56,7,No,5,2021,0
E04634,IT,51,62562.0,3.02,7,No,2,2021,0
E04635,Sales,40,61433.0,3.11,15,Yes,7,2024,0
E04636,IT,37,56106.0,3.43,7,No,0,2026,0
E04637,Marketing,25,75006.0,2.58,9,Yes,5,2019,1
E04638,Finance,27,83405.0,3.95,11,No,4,2018,0
E04639,Operations,44,49812.0,4.47,15,No,3,2019,0
E04640,Sales,32,80403.0,4.15,17,No,6,2024,0
E04641,Marketing,60,81659.0,4.31,14,No,3,2019,0
E04642,Operations,31,95489.0,3.0,6,No,7,2020,0
E04643,IT,56,52393.0,4.05,13,Yes,3,2019,1
E04644,Sales,26,82200.0,2.92,14,Yes,0,2026,0
E04645,Sales,43,67393.0,3.81,3,No,0,2022,0
E04646,IT,45,42663.0,3.45,7,No,3,2019,1
E04647,Marketing,39,64161.0,3.03,17,No,1,2020,0
E04648,Finance,23,71176.0,3.57,8,Yes,2,2020,0
E04649,Sales,43,88143.0,2.96,17,No,3,2023,0
E04650,Operations,27,92679.0,3.29,8,Yes,6,2024,0
E04651,Operations,58,81821.0,3.91,15,No,1,2022,0
E04652,IT,34,61795.0,2.85,14,Yes,6,2018,0
E04653,Marketing,23,53012.0,4.24,16,No,4,2024,0
E04654,HR,27,66974.0,2.84,3,Yes,1,2023,0
E04655,Marketing,58,73887.0,3.49,17,No,7,2021,1
E04656,Sales,50,57630.0,3.32,14,No,4,2024,0
E04657,Sales,59,53801.0,3.73,4,No,7,2021,0
E04658,Operations,46,65533.0,3.04,16,No,5,2021,0
E04659,Operations,24,82344.0,3.59,10,No,1,2018,0
E04660,IT,48,103561.0,2.46,4,Yes,2,2024,0
E04661,IT,48,65443.0,3.52,5,No,1,2025,0
E04662,Operations,28,44460.0,2.75,12,Yes,3,2023,0
E04663,Operations,44,42799.0,4.39,12,No,3,2021,0
E04664,Finance,22,80734.0,2.78,17,No,2,2023,1
E04665,HR,28,75863.0,3.38,4,Yes,1,2023,1
E04666,IT,47,37952.0,3.18,3,No,5,2022,0
E04667,Sales,37,57994.0,3.74,10,No,4,2022,0
E04668,Marketing,24,57068.0,3.2,3,No,7,2018,0
E04669,Sales,56,62664.0,3.34,11,No,4,2022,0
E04670,Operations,60,67341.0,2.77,2,No,4,2018,0
E04671,Marketing,32,74504.0,3.54,4,No,7,2020,0
E04672,Marketing,43,63722.0,3.54,13,No,0,2020,0
E04673,Sales,22,37998.0,3.16,14,No,2,2018,0
E04674,Operations,49,60210.0,4.31,12,No,2,2020,0
E04675,Sales,27,65234.0,3.1,5,No,6,2024,0
E04676,Marketing,26,95854.0,2.12,7,No,6,2026,0
E04677,Sales,21,56904.0,3.53,17,No,3,2023,0
E04678,Marketing,22,67600.0,3.69,17,No,3,2026,0
E04679,Sales,35,69860.0,2.37,16,Yes,0,2022,0
E04680,Operations,26,60680.0,2.88,5,No,3,2026,0
E04681,Sales,22,112073.0,2.88,14,Yes,4,2020,1
E04682,Operations,41,30265.0,3.08,17,Yes,4,2023,0
E04683,Operations,49,60205.0,3.54,4,No,1,2026,0
E04684,Sales,50,66665.0,3.87,5,No,1,2021,0
E04685,Sales,46,64837.0,3.25,11,Yes,7,2020,0
E04686,Operations,28,46527.0,3.84,15,Yes,7,2024,0
E04687,Marketing,23,36709.0,3.34,13,No,6,2025,0
E04688,Sales,52,78195.0,2.47,17,No,1,2021,0
E04689,Finance,44,69865.0,2.96,7,No,1,2018,0
E04690,HR,28,48262.0,2.93,0,No,3,2022,0
E04691,Marketing,35,64625.0,3.53,12,No,3,2024,0
E04692,Sales,59,68193.0,3.24,13,No,2,2023,0
E04693,Finance,53,79933.0,3.03,7,Yes,0,2022,0
E04694,Sales,31,57812.0,3.06,8,No,6,2022,0
E04695,Sales,40,41763.0,3.88,0,No,3,2024,1
E04696,Operations,34,67750.0,3.46,4,No,5,2022,0
E04697,Operations,30,40440.0,4.43,4,No,6,2026,0
E04698,HR,39,69509.0,3.91,13,Yes,4,2018,0
E04699,Sales,48,68363.0,4.8,11,No,4,2026,0
E04700,Sales,21,64935.0,3.59,12,Yes,4,2024,0
E04701,IT,47,70926.0,3.97,8,No,6,2025,0
E04702,HR,21,69502.0,2.81,17,No,5,2023,0
E04703,Operations,44,40976.0,3.3,6,Yes,3,2026,0
E04704,IT,43,82697.0,2.75,15,No,0,2021,0
E04705,Sales,34,70887.0,3.72,4,No,1,2019,0
E04706,Sales,59,74923.0,3.08,10,Yes,6,2021,0
E04707,IT,43,73636.0,3.74,11,No,6,2026,0
E04708,IT,32,49231.0,3.78,13,Yes,2,2026,1
E04709,Marketing,37,63733.0,3.88,11,Yes,4,2018,0
E04710,Sales,36,88665.0,4.04,10,No,4,2026,0
E04711,Sales,47,68023.0,3.17,5,No,1,2023,0
E04712,Operations,35,68090.0,4.29,15,No,5,2020,0
E04713,Marketing,22,59636.0,3.92,7,Yes,0,2025,0
E04714,Sales,30,67245.0,2.66,2,Yes,0,2022,0
E04715,Finance,27,68381.0,4.0,10,No,6,2022,0
E04716,Marketing,52,63422.0,4.04,6,No,0,2021,0
E04717,IT,56,42932.0,2.83,8,No,7,2018,0
E04718,HR,31,47365.0,4.04,1,Yes,4,2025,0
E04719,Operations,60,76547.0,3.55,6,No,7,2024,0
E04720,Operations,32,56250.0,4.29,8,Yes,0,2026,0
E04721,Sales,35,28000.0,3.92,15,No,6,2020,0
E04722,Marketing,60,67675.0,5.0,3,No,6,2026,0
E04723,Marketing,37,53280.0,4.11,2,No,4,2018,1
E04724,Operations,60,60829.0,3.3,5,No,2,2020,0
E04725,IT,58,62208.0,3.24,9,No,5,2025,0
E04726,Sales,33,88943.0,3.22,0,No,3,2026,0
E04727,Operations,55,86360.0,2.55,2,Yes,2,2022,1
E04728,Finance,44,60978.0,3.25,5,Yes,6,2026,0
E04729,Finance,30,40416.0,2.51,2,No,6,2022,0
E04730,Sales,51,88623.0,2.87,17,Yes,3,2022,0
E04731,Sales,37,41975.0,3.09,5,No,6,2024,0
E04732,Sales,46,73191.0,3.11,14,Yes,1,2021,1
E04733,Sales,58,66846.0,4.56,3,No,3,2023,0
E04734,Operations,48,114567.0,3.21,17,No,6,2022,0
E04735,Marketing,51,63784.0,2.42,6,No,6,2026,0
E04736,Sales,60,84863.0,3.25,2,No,0,2019,0
E04737,IT,47,46603.0,3.55,12,No,3,2023,0
E04738,Sales,59,69837.0,3.33,11,No,1,2022,0
E04739,Operations,56,52620.0,3.74,4,Yes,7,2026,0
E04740,Sales,58,75502.0,3.4,4,Yes,0,2019,0
E04741,IT,49,58521.0,4.89,13,Yes,4,2024,0
E04742,IT,54,70911.0,4.24,16,No,0,2023,0
E04743,HR,40,70559.0,3.26,14,No,6,2026,0
E04744,HR,40,63063.0,3.53,6,Yes,0,2021,0
E04745,Marketing,26,83024.0,3.62,4,Yes,6,2023,0
E04746,Operations,54,57437.0,4.75,5,No,0,2021,0
E04747,IT,44,57385.0,3.35,17,Yes,1,2020,0
E04748,Operations,42,75812.0,2.53,13,No,6,2019,0
E04749,Sales,54,74656.0,3.6,14,No,7,2018,0
E04750,IT,52,73254.0,3.44,2,Yes,2,2022,0
E04751,IT,52,75420.0,3.74,5,No,3,2026,0
E04752,HR,29,48392.0,4.54,15,No,1,2024,0
E04753,HR,57,58741.0,4.15,5,Yes,1,2022,0
E04754,Sales,32,48408.0,3.45,1,No,1,2018,0
E04755,Marketing,54,46288.0,4.25,9,No,0,2018,0
E04756,IT,36,109703.0,2.11,14,No,0,2025,1
E04757,Finance,30,62421.0,4.19,16,No,1,2021,0
E04758,Marketing,40,38498.0,3.3,1,No,7,2025,0
E04759,Sales,42,51876.0,4.1,14,Yes,1,2023,0
E04760,Operations,50,45966.0,4.06,14,No,3,2024,0
E04761,IT,22,53142.0,2.7,2,No,7,2025,0
E04762,Sales,52,38202.0,4.45,3,No,6,2019,0
E04763,Marketing,55,81401.0,3.08,15,Yes,0,2021,0
E04764,IT,52,81601.0,1.85,17,No,0,2020,0
E04765,HR,43,85092.0,3.81,17,No,1,2020,0
E04766,HR,56,74167.0,2.69,9,No,7,2020,1
E04767,Operations,54,87692.0,3.88,1,No,0,2021,0
E04768,Sales,47,81169.0,3.27,14,Yes,3,2022,0
E04769,Sales,29,38979.0,3.57,0,No,3,2020,0
E04770,Operations,36,54622.0,2.45,12,No,7,2019,0
E04771,Sales,59,63001.0,3.21,4,No,2,2022,0
E04772,Marketing,40,71309.0,3.13,17,Yes,7,2024,0
E04773,Sales,35,76615.0,3.12,16,No,2,2020,0
E04774,IT,43,28000.0,4.89,16,No,5,2024,0
E04775,Operations,23,59360.0,3.53,11,No,2,2023,0
E04776,IT,43,62903.0,2.9,8,No,3,2021,0
E04777,Operations,38,61652.0,2.7,12,No,1,2019,0
E04778,Sales,51,84816.0,3.19,7,No,5,2021,0
E04779,Sales,23,30890.0,4.82,14,Yes,3,2025,0
E04780,Operations,56,73946.0,3.77,1,Yes,3,2021,1
E04781,Sales,53,58402.0,2.1,17,No,2,2024,0
E04782,Sales,44,91994.0,2.15,0,No,5,2025,1
E04783,Sales,42,34676.0,3.21,12,Yes,3,2021,0
E04784,Marketing,24,104590.0,5.0,1,No,4,2022,0
E04785,Sales,53,71074.0,2.35,7,No,3,2024,0
E04786,Sales,53,93207.0,3.8,11,No,4,2026,0
E04787,IT,23,71969.0,3.98,5,No,5,2019,0
E04788,Operations,58,87656.0,4.44,8,No,2,2022,0
E04789,Sales,26,75209.0,3.29,7,No,2,2022,0
E04790,IT,37,49255.0,2.91,6,No,6,2023,0
E04791,Marketing,26,89066.0,3.44,8,No,4,2018,0
E04792,Operations,37,86963.0,3.86,12,Yes,0,2018,0
E04793,Sales,48,59041.0,3.43,5,No,2,2026,0
E04794,HR,34,97528.0,3.09,13,Yes,0,2020,0
E04795,IT,32,78553.0,3.49,9,Yes,6,2019,0
E04796,Operations,37,75940.0,4.45,4,No,7,2021,0
E04797,Sales,60,74235.0,4.44,0,No,4,2024,0
E04798,Operations,39,63384.0,3.83,1,No,4,2023,0
E04799,IT,52,101596.0,3.57,8,No,7,2022,0
E04800,HR,34,84320.0,3.37,13,No,1,2019,0
E04801,Finance,44,50085.0,3.18,0,No,2,2022,0
E04802,Finance,39,40275.0,2.84,12,No,3,2021,0
E04803,IT,37,30125.0,2.66,4,No,2,2020,0
E04804,Operations,45,54217.0,2.61,13,No,1,2024,0
E04805,HR,28,62708.0,2.73,8,No,1,2019,0
E04806,Finance,25,69169.0,3.56,4,No,2,2023,0
E04807,Finance,35,61848.0,3.02,7,No,5,2026,0
E04808,Sales,37,37832.0,4.13,1,No,5,2022,0
E04809,Sales,37,82513.0,3.06,0,No,1,2022,0
E04810,Sales,21,43911.0,1.77,2,No,3,2025,0
E04811,Operations,53,32837.0,4.21,1,No,3,2023,1
E04812,Sales,54,61328.0,3.69,4,Yes,6,2023,0
E04813,HR,55,58105.0,4.66,5,No,1,2019,0
E04814,Sales,58,57055.0,3.25,11,No,7,2020,0
E04815,IT,30,76206.0,4.22,2,Yes,7,2021,0
E04816,IT,54,94242.0,4.63,3,No,7,2025,0
E04817,Marketing,59,49551.0,2.65,15,Yes,7,2025,1
E04818,Operations,36,76985.0,2.94,15,No,6,2020,0
E04819,Sales,24,36987.0,3.7,1,No,0,2019,1
E04820,IT,24,51929.0,3.94,7,No,1,2019,1
E04821,Operations,59,73711.0,5.0,6,No,5,2022,0
E04822,HR,49,65416.0,2.64,2,No,4,2019,0
E04823,Sales,50,28000.0,2.23,8,No,6,2024,0
E04824,IT,50,71561.0,3.84,4,No,7,2019,0
E04825,Marketing,41,66324.0,2.46,6,No,5,2020,0
E04826,HR,31,43225.0,3.18,5,No,5,2025,0
E04827,IT,24,55055.0,3.89,16,No,6,2018,0
E04828,Operations,35,71563.0,4.4,4,Yes,0,2026,0
E04829,Sales,49,56946.0,4.7,7,No,7,2026,0
E04830,HR,56,55993.0,4.85,17,No,6,2024,0
E04831,IT,30,71715.0,2.92,2,No,4,2023,0
E04832,Sales,21,60448.0,2.98,11,Yes,5,2024,0
E04833,IT,44,45973.0,3.97,7,No,3,2025,0
E04834,IT,33,78892.0,3.72,16,Yes,7,2018,0
E04835,Operations,34,56755.0,4.19,14,No,3,2024,0
E04836,IT,60,47752.0,3.92,13,No,0,2022,0
E04837,Sales,24,84500.0,2.76,4,No,7,2026,1
E04838,Operations,27,75357.0,2.64,0,No,3,2023,1
E04839,IT,34,59590.0,3.85,1,No,2,2025,0
E04840,Operations,41,64129.0,4.42,9,No,2,2025,0
E04841,Operations,22,52244.0,3.82,4,No,7,2025,0
E04842,Marketing,45,77771.0,4.65,2,Yes,3,2022,0
E04843,Sales,50,69080.0,3.12,17,Yes,3,2022,0
E04844,Finance,56,30537.0,4.35,0,Yes,3,2020,0
E04845,Sales,33,66014.0,3.94,7,No,2,2019,0
E04846,Finance,41,63341.0,2.7,17,No,6,2025,0
E04847,Sales,40,75188.0,4.34,15,No,5,2026,0
E04848,Marketing,46,57700.0,2.04,2,No,5,2026,0
E04849,Finance,55,65631.0,4.52,7,Yes,7,2022,0
E04850,Sales,32,46218.0,3.85,7,No,7,2024,0
E04851,IT,46,71767.0,4.53,8,Yes,4,2020,0
E04852,Marketing,50,63597.0,3.15,8,No,1,2022,0
E04853,Finance,57,98492.0,3.91,8,No,0,2022,0
E04854,Marketing,42,59402.0,2.64,14,No,1,2023,0
E04855,Sales,54,91933.0,3.77,4,No,7,2018,1
E04856,Sales,49,38225.0,4.6,12,No,5,2026,0
E04857,IT,37,67500.0,2.33,10,No,6,2026,0
E04858,Operations,50,65298.0,3.03,1,No,4,2023,0
E04859,Sales,37,46522.0,3.05,14,No,5,2026,0
E04860,Operations,21,76109.0,3.35,14,No,4,2022,0
E04861,Marketing,54,88092.0,3.35,8,Yes,7,2026,0
E04862,IT,38,74820.0,1.9,8,Yes,3,2019,0
E04863,Sales,22,36805.0,2.97,12,No,0,2026,0
E04864,IT,37,78730.0,3.25,6,No,6,2018,0
E04865,IT,24,90781.0,2.23,16,No,3,2019,0
E04866,Sales,29,71083.0,3.95,7,No,5,2023,0
E04867,IT,32,90375.0,2.94,13,No,3,2023,0
E04868,Marketing,50,44440.0,3.6,5,Yes,1,2020,1
E04869,Marketing,28,58721.0,3.99,8,No,7,2018,0
E04870,Sales,57,62537.0,3.36,3,No,7,2022,0
E04871,Finance,25,53029.0,3.26,10,No,7,2026,0
E04872,Finance,46,61458.0,3.07,5,No,4,2023,0
E04873,Marketing,53,37215.0,3.11,0,No,7,2021,1
E04874,Sales,23,69380.0,3.29,0,No,5,2018,0
E04875,Operations,53,56070.0,3.46,16,Yes,4,2018,0
E04876,Finance,46,73166.0,3.24,12,No,3,2020,0
E04877,Sales,24,62187.0,2.41,9,No,5,2020,1
E04878,Operations,57,93524.0,4.61,17,Yes,4,2025,0
E04879,Sales,56,60835.0,2.91,0,No,0,2025,0
E04880,HR,33,83963.0,3.26,6,No,4,2026,0
E04881,Sales,44,87248.0,2.83,15,No,7,2018,0
E04882,Sales,40,72436.0,4.46,17,No,3,2026,0
E04883,IT,28,52964.0,4.08,10,No,5,2022,0
E04884,Sales,45,50053.0,4.01,17,Yes,2,2019,0
E04885,Finance,49,72250.0,2.98,8,No,7,2024,0
E04886,Operations,52,57983.0,4.18,11,No,5,2021,0
E04887,IT,60,78914.0,4.21,4,Yes,1,2018,0
E04888,Marketing,57,84433.0,2.26,9,Yes,2,2023,1
E04889,IT,23,38426.0,3.48,17,No,1,2021,0
E04890,Marketing,50,56413.0,2.98,7,No,6,2020,0
E04891,Operations,24,64390.0,1.54,16,Yes,6,2022,0
E04892,Sales,42,63532.0,2.39,11,No,4,2025,0
E04893,Sales,50,53109.0,3.17,2,No,0,2019,0
E04894,Operations,30,52141.0,3.94,3,Yes,0,2026,0
E04895,Finance,39,36487.0,3.95,13,Yes,6,2022,1
E04896,Sales,30,48254.0,2.73,7,No,1,2019,0
E04897,IT,58,76142.0,1.98,17,No,5,2024,0
E04898,Sales,39,66308.0,4.02,17,No,4,2023,0
E04899,IT,46,77599.0,3.35,14,No,7,2022,0
E04900,IT,32,85852.0,3.91,17,No,7,2025,0
E04901,Sales,28,74914.0,2.88,7,No,2,2019,0
E04902,Sales,58,59492.0,2.31,14,Yes,2,2021,0
E04903,HR,51,64952.0,2.1,11,No,1,2025,0
E04904,IT,40,101533.0,3.21,3,No,3,2018,0
E04905,IT,28,36759.0,2.71,6,No,6,2023,0
E04906,HR,37,71033.0,3.88,17,No,3,2020,0
E04907,Operations,26,86146.0,3.22,15,No,6,2019,0
E04908,IT,46,69089.0,4.5,11,No,6,2022,0
E04909,Finance,53,53159.0,3.36,0,Yes,5,2020,0
E04910,Finance,42,60382.0,3.58,10,No,3,2018,0
E04911,Marketing,42,64010.0,3.64,16,No,6,2025,0
E04912,Sales,35,51508.0,2.81,7,No,4,2023,0
E04913,Sales,30,68688.0,3.65,17,No,1,2018,1
E04914,Finance,49,63056.0,2.27,6,No,7,2020,0
E04915,Finance,53,85894.0,2.3,15,No,4,2021,1
E04916,Operations,40,85208.0,3.3,1,No,0,2023,0
E04917,Operations,52,59980.0,2.73,13,Yes,0,2019,0
E04918,Operations,52,58560.0,3.44,10,No,2,2018,0
E04919,Marketing,47,72155.0,3.04,13,No,0,2025,0
E04920,IT,45,85581.0,3.29,10,No,3,2024,0
E04921,Operations,31,73693.0,3.11,0,No,7,2021,0
E04922,Operations,23,58563.0,3.56,13,No,3,2023,0
E04923,Sales,28,48419.0,5.0,12,No,6,2026,0
E04924,Finance,40,73911.0,2.75,3,Yes,4,2018,0
E04925,Operations,21,62519.0,3.92,13,No,5,2019,0
E04926,Sales,31,61468.0,3.16,7,Yes,0,2026,0
E04927,Operations,37,62537.0,3.04,11,No,0,2025,0
E04928,Sales,30,69716.0,3.28,1,Yes,5,2018,0
E04929,Finance,50,77504.0,4.57,0,No,6,2025,0
E04930,HR,57,69048.0,2.71,3,Yes,1,2020,0
E04931,IT,31,102796.0,4.09,8,No,0,2019,0
E04932,Operations,41,84983.0,3.35,11,Yes,2,2018,0
E04933,Sales,52,68186.0,3.72,14,No,4,2021,0
E04934,HR,59,58513.0,3.44,5,No,6,2023,0
E04935,IT,24,60121.0,4.19,5,No,4,2026,0
E04936,IT,44,42271.0,2.07,4,No,5,2021,0
E04937,Operations,50,28303.0,4.43,7,No,1,2026,1
E04938,Operations,40,93742.0,3.48,11,No,3,2018,0
E04939,Sales,45,68648.0,3.42,0,No,7,2023,0
E04940,Sales,35,46536.0,3.07,8,No,5,2023,0
E04941,Sales,33,71437.0,3.96,4,No,3,2024,0
E04942,Sales,51,44010.0,3.28,14,No,6,2026,0
E04943,IT,59,83291.0,3.76,2,No,6,2026,0
E04944,HR,29,72554.0,3.4,11,No,2,2024,0
E04945,IT,24,68567.0,4.24,14,Yes,4,2018,0
E04946,IT,33,99051.0,2.4,17,No,4,2025,0
E04947,Marketing,44,57967.0,3.18,0,No,0,2022,0
E04948,Marketing,33,42768.0,3.87,13,Yes,4,2019,0
E04949,Marketing,40,61898.0,4.02,14,Yes,6,2022,0
E04950,Operations,28,67533.0,3.48,4,No,6,2018,0
E04951,Operations,50,62574.0,3.19,12,Yes,3,2018,0
E04952,Operations,29,56298.0,3.74,5,No,7,2020,1
E04953,Operations,33,84468.0,3.9,17,No,1,2025,0
E04954,Finance,27,82512.0,2.26,0,No,5,2018,1
E04955,Marketing,34,81018.0,3.07,7,No,2,2024,0
E04956,Marketing,53,74032.0,3.0,0,No,5,2025,0
E04957,Finance,40,92637.0,2.4,12,No,2,2025,0
E04958,Operations,32,48884.0,3.79,3,No,0,2021,0
E04959,Operations,45,80076.0,3.51,7,No,7,2019,0
E04960,Finance,54,72122.0,4.48,17,Yes,4,2026,1
E04961,Finance,53,67406.0,3.65,0,No,1,2019,0
E04962,Marketing,30,69206.0,3.44,10,No,4,2026,0
E04963,Marketing,36,37655.0,3.0,3,Yes,2,2026,1
E04964,Operations,58,62632.0,3.77,13,No,6,2023,0
E04965,Sales,37,53462.0,3.15,14,No,2,2023,0
E04966,Sales,50,55884.0,2.64,0,No,1,2024,0
E04967,IT,30,43832.0,3.74,0,Yes,5,2018,0
E04968,Operations,41,33477.0,2.47,5,No,4,2026,0
E04969,Sales,30,60484.0,2.48,9,No,7,2021,0
E04970,Sales,24,84791.0,3.56,14,No,3,2020,0
E04971,Finance,27,62062.0,3.41,12,Yes,2,2019,0
E04972,Operations,23,80057.0,3.98,5,No,4,2023,0
E04973,Marketing,37,46656.0,4.0,4,No,6,2023,0
E04974,Finance,55,67928.0,4.11,1,Yes,7,2018,0
E04975,Operations,36,67209.0,2.94,16,Yes,2,2022,0
E04976,Operations,23,73302.0,2.67,9,Yes,0,2018,0
E04977,Sales,35,63096.0,3.78,15,No,1,2026,0
E04978,Operations,44,60032.0,2.91,11,No,3,2018,0
E04979,Sales,42,28000.0,3.07,16,No,3,2024,1
E04980,Sales,34,68416.0,2.44,1,No,6,2018,0
E04981,HR,57,47982.0,3.77,10,No,1,2026,0
E04982,Operations,32,107858.0,2.84,17,No,7,2024,0
E04983,Sales,53,79786.0,4.53,7,No,4,2023,0
E04984,Sales,26,105189.0,4.01,5,No,5,2025,0
E04985,Operations,53,57453.0,2.57,9,Yes,7,2021,0
E04986,Marketing,21,67870.0,4.07,16,No,7,2018,0
E04987,Sales,49,70101.0,2.23,2,No,5,2023,0
E04988,IT,29,45570.0,4.49,14,No,2,2025,0
E04989,Sales,49,70832.0,4.11,9,No,4,2024,0
E04990,Sales,48,58108.0,2.97,8,No,5,2019,1
E04991,Operations,50,78145.0,1.96,13,Yes,2,2024,0
E04992,Marketing,24,80889.0,3.15,8,No,6,2025,0
E04993,Finance,34,35668.0,3.11,2,No,4,2018,0
E04994,IT,40,87235.0,3.94,6,Yes,6,2018,1
E04995,Sales,24,106565.0,2.46,15,No,4,2026,0
E04996,IT,40,54790.0,5.0,14,No,4,2018,0
E04997,IT,55,86054.0,3.86,1,No,4,2018,0
E04998,IT,27,53399.0,3.06,1,Yes,7,2026,0
E04999,IT,36,113899.0,3.56,17,No,0,2025,0
E05000,Sales,32,68769.0,2.74,2,No,7,2021,0
E05001,IT,45,28000.0,3.81,15,Yes,5,2021,0
E05002,Sales,32,93587.0,2.1,12,No,6,2023,0
E05003,HR,28,77786.0,3.91,9,No,3,2022,0
E05004,Operations,47,88112.0,2.85,16,Yes,1,2025,0
E05005,Sales,55,36896.0,2.47,6,No,0,2023,0
E05006,Finance,24,80479.0,3.86,11,No,7,2021,0
E05007,Marketing,56,69438.0,2.69,9,No,5,2025,0
E05008,Finance,29,32967.0,3.47,16,No,5,2025,0
E05009,HR,28,54354.0,3.07,14,Yes,3,2019,1
E05010,Sales,28,34623.0,3.61,0,Yes,5,2026,0
E05011,Operations,37,67231.0,2.85,1,Yes,3,2025,0
E05012,IT,23,63980.0,4.17,1,Yes,2,2024,0
E05013,Finance,45,67161.0,2.35,13,No,6,2025,0
E05014,IT,30,71360.0,3.01,17,No,7,2021,0
E05015,Operations,52,68184.0,2.67,13,No,1,2020,0
E05016,Finance,46,68919.0,3.91,4,No,1,2023,0
E05017,IT,37,56777.0,3.04,2,Yes,0,2023,0
E05018,Operations,53,42916.0,4.2,7,No,7,2021,0
E05019,Sales,41,100035.0,3.14,7,No,1,2024,0
E05020,Operations,28,42172.0,2.84,4,No,1,2020,0
E05021,IT,60,74367.0,3.48,5,Yes,0,2026,0
E05022,Operations,60,43601.0,3.69,16,No,5,2022,0
E05023,Operations,30,79949.0,3.25,1,Yes,2,2025,0
E05024,Sales,28,50551.0,3.94,6,Yes,1,2024,0
E05025,Sales,60,74232.0,3.75,17,No,6,2023,0
E05026,Sales,45,89997.0,2.43,5,No,4,2024,1
E05027,Operations,40,30212.0,3.66,1,No,7,2026,0
E05028,Sales,34,50906.0,3.45,2,No,6,2020,1
E05029,IT,40,96512.0,3.8,14,Yes,6,2020,0
E05030,Sales,50,61940.0,3.31,12,No,3,2018,0
E05031,Marketing,24,92571.0,3.02,10,Yes,1,2023,0
E05032,Marketing,50,56804.0,3.44,12,No,1,2018,0
E05033,IT,27,64536.0,2.98,11,No,1,2022,1
E05034,IT,30,52163.0,3.42,10,Yes,3,2021,0
E05035,Marketing,49,68032.0,2.4,9,No,0,2023,1
E05036,Operations,21,92880.0,3.84,10,Yes,6,2026,0
E05037,Operations,38,76960.0,3.38,8,No,1,2024,0
E05038,IT,57,101035.0,3.76,10,Yes,0,2022,0
E05039,IT,59,88680.0,4.96,15,Yes,4,2025,0
E05040,Operations,45,99753.0,3.59,5,No,0,2018,0
E05041,Operations,23,61792.0,3.59,11,No,6,2024,0
E05042,Sales,57,76342.0,4.58,9,No,4,2019,0
E05043,Sales,41,79938.0,3.81,1,No,5,2021,0
E05044,Marketing,24,76473.0,2.76,9,No,7,2025,0
E05045,Marketing,27,56562.0,3.34,17,No,1,2021,0
E05046,Marketing,52,72385.0,4.04,14,Yes,7,2026,0
E05047,IT,37,42150.0,3.53,8,No,1,2025,0
E05048,IT,34,62795.0,2.65,13,Yes,1,2022,1
E05049,Sales,51,81581.0,3.09,15,Yes,2,2020,0
E05050,Marketing,48,64805.0,3.07,16,No,7,2025,0
E05051,Sales,27,36149.0,3.95,6,No,0,2020,0
E05052,Operations,60,68138.0,3.47,16,No,4,2021,0
E05053,Sales,56,48098.0,3.83,0,No,1,2022,0
E05054,Marketing,41,48763.0,3.63,9,No,7,2025,0
E05055,Finance,38,59363.0,3.5,2,No,7,2020,0
E05056,Operations,43,75905.0,3.14,7,Yes,0,2025,0
E05057,IT,57,49352.0,3.45,11,No,6,2020,0
E05058,Operations,59,33597.0,3.54,13,No,5,2024,0
E05059,Operations,53,38241.0,3.45,1,Yes,6,2018,0
E05060,Sales,32,33688.0,2.69,10,No,4,2023,1
E05061,HR,43,67971.0,2.86,1,No,0,2026,0
E05062,Operations,44,53433.0,3.31,10,Yes,2,2026,0
E05063,Sales,31,75616.0,3.75,8,No,7,2023,0
E05064,Sales,46,44196.0,2.74,17,No,6,2025,0
E05065,Finance,49,75664.0,2.67,5,Yes,6,2018,0
E05066,Sales,41,28000.0,3.6,15,No,2,2024,0
E05067,Operations,50,48186.0,3.56,6,No,3,2018,0
E05068,IT,37,60431.0,3.32,6,Yes,3,2019,0
E05069,Marketing,58,57667.0,3.92,9,Yes,3,2026,0
E05070,Operations,33,79150.0,3.13,9,Yes,0,2020,0
E05071,Marketing,43,62490.0,2.94,13,Yes,5,2022,0
E05072,IT,45,78184.0,3.23,13,Yes,3,2026,0
E05073,Sales,51,74148.0,2.29,15,No,1,2024,0
E05074,Sales,48,36390.0,2.92,7,Yes,3,2019,1
E05075,Finance,41,53442.0,3.38,8,No,7,2022,1
E05076,Sales,50,87899.0,2.71,15,No,1,2022,0
E05077,IT,42,68228.0,3.28,14,No,1,2024,0
E05078,HR,50,73642.0,3.91,3,No,2,2021,0
E05079,Sales,58,77148.0,1.76,2,No,7,2023,0
E05080,Marketing,51,69297.0,3.31,6,Yes,1,2026,0
E05081,Operations,58,59203.0,2.56,7,No,1,2023,0
E05082,Sales,55,70089.0,2.75,0,Yes,4,2024,1
E05083,Sales,32,83966.0,3.18,16,Yes,5,2025,0
E05084,Finance,57,71781.0,2.71,13,No,6,2023,0
E05085,HR,37,71862.0,3.32,8,No,0,2019,0
E05086,IT,41,58475.0,3.71,5,No,1,2023,0
E05087,Marketing,42,48054.0,3.9,14,No,2,2019,0
E05088,Finance,26,77200.0,3.58,8,No,2,2023,0
E05089,Marketing,21,59459.0,2.51,8,No,4,2022,0
E05090,HR,24,34828.0,3.76,8,Yes,6,2022,0
E05091,Marketing,47,58209.0,4.07,17,Yes,7,2024,0
E05092,Sales,49,60893.0,2.49,14,No,7,2018,0
E05093,Marketing,28,92472.0,4.45,2,Yes,5,2026,0
E05094,HR,60,61812.0,3.0,3,No,0,2023,0
E05095,IT,44,74097.0,2.62,0,No,6,2025,0
E05096,Sales,28,109996.0,2.99,9,Yes,0,2019,0
E05097,Operations,54,47693.0,3.09,10,No,3,2025,0
E05098,HR,41,53707.0,2.15,7,No,7,2019,1
E05099,Sales,30,81547.0,2.89,16,No,6,2023,0
E05100,IT,47,63221.0,4.56,6,No,0,2021,0
E05101,Operations,46,49751.0,3.67,6,Yes,1,2025,1
E05102,HR,39,64102.0,3.13,4,No,6,2026,0
E05103,Sales,44,38766.0,3.46,11,Yes,0,2025,0
E05104,Marketing,54,68083.0,2.7,13,No,0,2023,0
E05105,Operations,25,37430.0,3.55,11,No,0,2021,0
E05106,Marketing,53,68723.0,5.0,1,No,6,2021,0
E05107,Sales,53,86691.0,3.7,11,No,7,2025,0
E05108,Operations,60,31780.0,2.17,10,No,7,2018,0
E05109,HR,51,63516.0,3.25,6,Yes,4,2024,1
E05110,Operations,52,41988.0,3.54,9,No,0,2020,0
E05111,Sales,57,48662.0,1.69,2,No,5,2020,0
E05112,Finance,30,81936.0,4.49,3,No,2,2025,0
E05113,IT,41,88415.0,3.38,7,Yes,3,2019,1
E05114,IT,57,90903.0,1.49,1,Yes,1,2022,0
E05115,IT,31,37375.0,3.26,12,No,6,2024,0
E05116,Finance,30,91831.0,3.22,3,No,7,2024,0
E05117,Operations,25,75645.0,2.74,9,No,5,2018,0
E05118,HR,29,47365.0,3.96,15,Yes,5,2022,0
E05119,IT,31,70704.0,3.75,16,No,1,2023,0
E05120,Operations,44,74268.0,5.0,12,Yes,6,2023,0
E05121,Operations,44,76022.0,2.39,17,No,2,2019,0
E05122,IT,60,102412.0,4.1,16,Yes,5,2026,0
E05123,IT,45,68974.0,4.1,3,No,0,2024,0
E05124,Operations,21,43050.0,2.67,5,No,1,2024,0
E05125,Sales,21,84584.0,2.43,5,No,4,2024,0
E05126,HR,21,61618.0,4.54,10,No,0,2026,0
E05127,HR,37,73436.0,2.39,4,No,4,2018,0
E05128,Finance,56,97889.0,2.74,3,Yes,4,2023,1
E05129,Sales,52,57599.0,2.69,8,No,3,2022,0
E05130,IT,38,59257.0,3.57,2,No,4,2026,0
E05131,IT,55,54101.0,2.76,2,Yes,5,2026,0
E05132,IT,49,82608.0,2.8,15,No,3,2024,0
E05133,Operations,29,49208.0,2.88,4,Yes,0,2024,0
E05134,Sales,57,36794.0,4.32,11,No,0,2018,0
E05135,Sales,38,58540.0,1.78,7,Yes,2,2024,0
E05136,Finance,23,56243.0,4.18,8,No,0,2020,0
E05137,Sales,58,64848.0,3.69,5,No,5,2021,0
E05138,Operations,40,73963.0,5.0,3,No,5,2018,0
E05139,Operations,40,54075.0,2.64,10,No,3,2021,0
E05140,IT,37,63288.0,2.5,1,No,6,2025,0
E05141,Operations,45,69006.0,2.54,5,No,3,2018,0
E05142,Marketing,52,65240.0,2.2,17,Yes,2,2018,0
E05143,Sales,38,70375.0,3.12,14,No,7,2018,0
E05144,Sales,48,66688.0,2.74,5,No,0,2021,0
E05145,Sales,34,93833.0,3.05,9,No,2,2018,0
E05146,Operations,30,74229.0,2.34,10,Yes,2,2018,0
E05147,Sales,25,37255.0,3.85,15,No,2,2025,0
E05148,IT,55,32636.0,3.98,14,Yes,7,2023,0
E05149,IT,44,28001.0,2.99,4,No,3,2021,0
E05150,IT,44,56095.0,2.48,0,No,5,2020,0
E05151,Operations,23,71458.0,1.97,14,No,3,2026,0
E05152,Operations,53,48265.0,2.59,8,No,1,2024,0
E05153,Finance,58,63408.0,2.7,16,Yes,5,2025,0
E05154,Operations,32,39030.0,3.55,1,No,3,2025,1
E05155,Finance,24,31803.0,3.96,5,No,3,2019,0
E05156,Sales,38,74648.0,2.56,0,No,3,2026,0
E05157,HR,41,58498.0,3.28,12,No,1,2022,1
E05158,IT,38,35946.0,3.51,6,Yes,2,2020,0
E05159,IT,39,39363.0,3.98,5,No,5,2022,0
E05160,Marketing,52,77865.0,3.61,16,No,4,2018,0
E05161,Operations,58,76069.0,3.73,4,No,7,2026,0
E05162,Sales,40,45795.0,3.02,15,Yes,5,2018,0
E05163,Sales,22,39969.0,2.55,16,No,5,2026,1
E05164,Operations,54,48381.0,3.6,13,Yes,5,2022,0
E05165,IT,24,78562.0,4.33,9,Yes,2,2019,0
E05166,Operations,31,79472.0,2.27,11,No,1,2018,0
E05167,Sales,50,28000.0,4.09,13,No,5,2026,0
E05168,Finance,38,61341.0,3.91,17,No,7,2024,0
E05169,Operations,55,30367.0,4.16,16,No,0,2018,1
E05170,Operations,36,59036.0,5.0,9,No,7,2019,0
E05171,Operations,42,47636.0,3.09,3,No,1,2019,0
E05172,IT,30,64556.0,3.15,8,No,1,2022,0
E05173,Operations,30,68438.0,2.43,7,Yes,4,2018,0
E05174,Sales,58,58558.0,3.41,11,Yes,3,2026,0
E05175,Sales,56,70484.0,3.67,6,No,4,2020,0
E05176,Operations,47,59914.0,3.1,2,No,7,2022,0
E05177,Marketing,46,28000.0,4.41,12,No,1,2024,0
E05178,Sales,47,48701.0,3.28,15,No,5,2026,0
E05179,IT,39,47254.0,3.16,10,No,5,2018,0
E05180,Marketing,57,50008.0,3.75,12,No,2,2022,0
E05181,Sales,28,88293.0,2.92,3,No,2,2021,0
E05182,IT,23,57082.0,3.48,3,No,2,2021,0
E05183,Sales,49,49461.0,3.31,7,No,4,2025,0
E05184,Marketing,50,49559.0,4.07,8,No,1,2025,0
E05185,IT,43,70396.0,2.56,14,No,1,2019,0
E05186,IT,31,86137.0,3.28,8,No,7,2026,0
E05187,Sales,38,51946.0,3.65,13,No,5,2026,0
E05188,IT,21,63922.0,3.38,13,No,3,2021,0
E05189,IT,32,52856.0,3.15,14,Yes,7,2022,0
E05190,Sales,26,43443.0,2.75,2,No,2,2020,1
E05191,HR,40,28000.0,2.56,14,No,4,2022,0
E05192,HR,47,48936.0,3.25,6,No,1,2023,0
E05193,IT,45,49195.0,2.65,11,No,7,2020,0
E05194,Finance,51,88501.0,4.35,0,No,2,2023,0
E05195,Marketing,36,80939.0,3.99,14,No,1,2020,0
E05196,IT,39,59834.0,3.76,14,No,4,2022,0
E05197,Finance,21,73705.0,4.17,12,Yes,1,2023,0
E05198,Marketing,24,67163.0,3.19,6,No,1,2021,0
E05199,HR,32,42667.0,2.45,13,No,2,2020,0
E05200,Sales,35,39292.0,3.12,11,Yes,5,2026,0
E05201,IT,48,103760.0,2.94,8,No,7,2018,0
E05202,Sales,50,73460.0,3.46,7,No,0,2022,0
E05203,IT,53,85976.0,2.54,9,No,7,2020,0
E05204,Finance,47,82894.0,3.03,11,Yes,7,2024,0
E05205,Operations,21,91996.0,3.92,5,No,4,2018,0
E05206,Sales,48,68521.0,2.95,7,No,5,2023,0
E05207,Sales,41,53403.0,2.38,6,No,7,2021,0
E05208,HR,41,74519.0,3.28,14,No,3,2018,0
E05209,Operations,21,82207.0,3.86,1,No,0,2026,0
E05210,HR,48,58750.0,4.23,17,No,5,2018,0
E05211,Finance,30,69779.0,3.03,9,No,5,2023,0
E05212,Marketing,49,38687.0,3.35,15,Yes,7,2025,0
E05213,Marketing,43,47919.0,3.76,11,No,7,2023,0
E05214,Marketing,42,53663.0,4.07,5,No,6,2019,0
E05215,IT,50,32360.0,3.63,6,Yes,0,2023,0
E05216,Sales,47,91550.0,1.95,5,Yes,1,2024,0
E05217,Operations,42,70555.0,2.3,12,No,1,2025,0
E05218,Finance,25,85564.0,3.73,8,Yes,4,2019,0
E05219,Finance,24,57651.0,3.79,8,No,5,2026,0
E05220,IT,57,50579.0,3.43,1,No,0,2021,0
E05221,Sales,38,43864.0,3.73,14,No,6,2018,0
E05222,Sales,26,69938.0,2.64,5,No,4,2018,0
E05223,Sales,35,39491.0,4.37,12,No,5,2026,0
E05224,HR,50,61614.0,1.99,14,No,6,2022,0
E05225,IT,24,76609.0,3.88,7,Yes,5,2020,1
E05226,Operations,48,92206.0,3.4,5,No,0,2019,0
E05227,IT,23,58702.0,3.3,17,No,2,2019,0
E05228,Finance,60,80742.0,3.28,4,No,0,2025,0
E05229,IT,36,63792.0,3.64,8,Yes,6,2024,0
E05230,Marketing,52,72598.0,3.47,12,No,0,2023,0
E05231,Finance,50,70006.0,3.99,13,No,4,2023,0
E05232,Sales,59,43155.0,2.96,17,No,4,2021,0
E05233,Sales,42,37025.0,3.71,15,No,1,2018,0
E05234,Sales,41,72226.0,3.58,11,No,4,2021,0
E05235,Operations,53,57177.0,2.34,10,No,5,2023,0
E05236,Sales,45,68516.0,2.88,15,Yes,5,2021,0
E05237,HR,32,79837.0,4.08,4,Yes,6,2021,0
E05238,Marketing,25,91342.0,3.84,16,Yes,1,2022,0
E05239,Operations,60,41137.0,2.6,5,Yes,3,2018,0
E05240,HR,58,77245.0,3.38,9,Yes,5,2018,1
E05241,Operations,34,53503.0,2.83,7,No,7,2019,0
E05242,Finance,52,54428.0,3.94,12,Yes,0,2018,0
E05243,Sales,36,84543.0,3.87,12,No,1,2018,0
E05244,Marketing,34,66668.0,2.11,15,No,4,2018,1
E05245,Finance,50,54761.0,3.6,6,No,3,2023,0
E05246,Operations,36,79172.0,3.15,3,No,4,2019,0
E05247,IT,26,52375.0,3.4,8,No,0,2018,0
E05248,Sales,50,95946.0,4.21,6,No,5,2019,0
E05249,Marketing,40,68422.0,3.52,8,No,5,2018,0
E05250,HR,41,65268.0,2.94,9,No,7,2022,0
E05251,Operations,56,80305.0,3.55,3,No,0,2022,0
E05252,Finance,55,77943.0,4.16,13,No,4,2021,0
E05253,Finance,22,79573.0,3.36,6,No,5,2025,0
E05254,Operations,45,59102.0,2.97,6,Yes,7,2023,0
E05255,HR,30,43831.0,3.42,6,No,3,2026,0
E05256,Marketing,22,58912.0,2.16,15,No,1,2021,0
E05257,Sales,30,81802.0,3.44,1,No,3,2026,0
E05258,Sales,33,62476.0,3.1,17,No,6,2022,0
E05259,Operations,45,78688.0,3.06,6,No,6,2019,0
E05260,Finance,43,68590.0,2.86,17,No,0,2018,0
E05261,IT,27,58204.0,2.59,0,No,4,2023,0
E05262,IT,60,81076.0,3.97,5,Yes,6,2026,0
E05263,Sales,45,71681.0,2.77,17,Yes,7,2020,1
E05264,Marketing,35,71550.0,3.67,11,No,7,2023,0
E05265,Marketing,54,49413.0,4.19,2,Yes,0,2025,0
E05266,Operations,30,58862.0,1.58,10,Yes,2,2018,1
E05267,Sales,38,64703.0,2.99,6,No,7,2019,0
E05268,Sales,50,63677.0,4.16,10,No,5,2019,0
E05269,Operations,32,48896.0,3.41,13,No,0,2022,0
E05270,IT,53,69725.0,3.54,6,No,5,2026,0
E05271,IT,36,61146.0,4.26,1,Yes,3,2023,1
E05272,Finance,48,49468.0,2.92,11,Yes,2,2022,0
E05273,Marketing,51,78721.0,3.7,5,No,1,2024,0
E05274,Operations,60,65130.0,3.13,10,No,6,2024,0
E05275,Sales,52,28000.0,3.21,15,No,7,2019,0
E05276,Marketing,55,28000.0,1.75,5,No,0,2021,0
E05277,Operations,37,51869.0,2.71,0,No,5,2019,0
E05278,Operations,33,67132.0,2.59,16,No,7,2018,0
E05279,Finance,47,66741.0,3.57,1,Yes,0,2022,0
E05280,IT,29,37968.0,4.34,11,Yes,6,2018,0
E05281,Operations,35,76372.0,3.69,12,No,5,2026,0
E05282,Marketing,43,60380.0,3.39,5,No,4,2023,0
E05283,Operations,23,52829.0,4.31,2,No,5,2026,0
E05284,Sales,24,66576.0,4.49,1,No,7,2018,0
E05285,IT,54,62352.0,2.81,16,Yes,3,2024,0
E05286,Marketing,48,81082.0,3.65,14,Yes,7,2025,0
E05287,Marketing,40,63688.0,3.19,8,No,7,2025,0
E05288,IT,59,79901.0,3.13,15,No,7,2025,0
E05289,Sales,49,70464.0,3.56,11,No,1,2020,0
E05290,Marketing,28,68035.0,3.82,6,Yes,7,2023,0
E05291,Operations,26,47374.0,4.94,5,Yes,3,2022,0
E05292,Finance,49,73611.0,4.17,13,No,7,2021,0
E05293,Finance,45,39920.0,3.06,7,No,7,2025,0
E05294,Marketing,21,65355.0,3.18,6,No,3,2025,0
E05295,HR,30,105430.0,3.47,6,No,1,2018,0
E05296,Marketing,36,46358.0,4.03,9,No,7,2022,0
E05297,Operations,42,95979.0,3.22,17,No,1,2022,1
E05298,Operations,30,96877.0,3.83,2,No,4,2026,0
E05299,Sales,41,69193.0,4.05,4,No,5,2022,0
E05300,Sales,21,72063.0,4.82,0,No,5,2022,0
E05301,IT,31,53812.0,3.7,6,No,0,2024,0
E05302,Sales,33,86600.0,3.52,5,Yes,5,2022,0
E05303,Sales,39,60637.0,3.06,16,No,5,2022,0
E05304,Sales,37,95890.0,3.2,9,No,7,2021,0
E05305,Marketing,53,107565.0,4.26,15,Yes,3,2025,0
E05306,Operations,49,65950.0,3.62,11,No,5,2025,0
E05307,HR,37,45453.0,3.48,2,No,2,2022,0
E05308,Sales,50,61929.0,1.92,6,No,6,2025,0
E05309,Sales,31,73042.0,2.16,6,No,4,2023,0
E05310,IT,52,42111.0,3.28,11,No,2,2025,0
E05311,Operations,32,43690.0,3.77,7,No,0,2021,0
E05312,Sales,31,41648.0,4.05,16,No,7,2021,0
E05313,Operations,30,69141.0,4.25,6,No,7,2020,0
E05314,Operations,51,35205.0,3.43,17,Yes,6,2025,0
E05315,IT,52,73585.0,3.01,11,No,0,2023,1
E05316,Finance,39,70347.0,2.73,5,No,0,2022,0
E05317,Sales,34,36462.0,3.88,0,No,3,2024,0
E05318,Operations,54,50031.0,3.61,11,Yes,2,2025,0
E05319,Operations,60,59990.0,2.53,3,Yes,7,2022,0
E05320,Sales,58,58232.0,2.91,1,No,0,2023,0
E05321,Marketing,57,103959.0,4.0,17,No,7,2021,0
E05322,Sales,49,91781.0,3.57,6,Yes,7,2026,0
E05323,Sales,25,48201.0,4.34,11,No,2,2018,0
E05324,Operations,55,56123.0,3.02,0,No,0,2023,0
E05325,Marketing,21,51491.0,3.41,17,No,1,2019,0
E05326,IT,23,61327.0,4.16,1,No,7,2022,0
E05327,Marketing,38,46224.0,2.82,4,Yes,6,2022,0
E05328,Operations,34,46087.0,1.81,14,No,0,2018,0
E05329,Operations,33,64642.0,3.3,9,Yes,0,2024,0
E05330,Marketing,46,68849.0,3.25,3,No,1,2024,0
E05331,Operations,60,81090.0,2.85,17,No,6,2025,0
E05332,IT,47,40718.0,3.18,15,Yes,7,2021,0
E05333,IT,39,38706.0,3.82,14,Yes,7,2020,0
E05334,Sales,40,44765.0,3.08,4,No,6,2022,0
E05335,Sales,51,52949.0,4.46,9,No,6,2023,0
E05336,Operations,49,80130.0,3.09,9,No,4,2021,0
E05337,Finance,46,67002.0,2.98,13,Yes,4,2026,0
E05338,Sales,50,80685.0,2.87,2,Yes,5,2026,0
E05339,Finance,47,93339.0,3.57,17,Yes,3,2018,0
E05340,IT,41,40581.0,3.31,1,No,4,2024,0
E05341,Sales,52,62291.0,3.35,4,No,4,2024,0
E05342,IT,44,80978.0,3.3,0,Yes,6,2021,0
E05343,Operations,59,44139.0,3.59,17,No,1,2026,0
E05344,Sales,44,95803.0,1.81,16,No,0,2021,0
E05345,Sales,46,70446.0,3.05,7,No,1,2019,0
E05346,IT,54,101687.0,4.02,0,No,6,2023,0
E05347,Marketing,24,61074.0,2.89,5,No,1,2023,0
E05348,IT,22,67695.0,2.39,6,No,0,2024,0
E05349,Operations,25,71548.0,2.4,13,No,2,2025,1
E05350,Marketing,40,89864.0,2.67,1,Yes,0,2023,0
E05351,Sales,21,50482.0,3.79,3,No,6,2026,0
E05352,Sales,30,64695.0,2.43,0,No,0,2025,1
E05353,Marketing,53,28000.0,3.27,11,No,6,2026,1
E05354,Operations,52,69783.0,3.49,8,No,0,2025,0
E05355,IT,57,28000.0,3.04,11,Yes,6,2022,0
E05356,IT,52,64389.0,3.01,3,Yes,2,2023,0
E05357,Sales,27,80542.0,2.81,8,No,7,2020,0
E05358,Marketing,25,63677.0,4.48,9,Yes,7,2018,0
E05359,Marketing,27,60766.0,3.22,16,No,6,2026,0
E05360,Operations,29,70766.0,3.76,4,No,5,2019,0
E05361,IT,33,46597.0,3.86,16,No,0,2019,0
E05362,Marketing,40,38894.0,3.58,16,Yes,1,2020,0
E05363,IT,37,65916.0,4.17,6,No,4,2023,0
E05364,Finance,43,72007.0,3.19,2,No,5,2019,0
E05365,Operations,24,68080.0,2.63,5,Yes,7,2024,1
E05366,HR,36,58327.0,3.07,4,No,4,2018,1
E05367,IT,32,61388.0,2.9,16,Yes,3,2018,0
E05368,Marketing,57,72163.0,3.81,5,No,0,2024,0
E05369,IT,54,79471.0,4.73,7,No,0,2020,0
E05370,IT,34,82006.0,4.55,17,No,1,2022,0
E05371,IT,21,86697.0,3.14,9,No,0,2023,0
E05372,Operations,23,45654.0,3.3,13,No,6,2025,0
E05373,Sales,51,55457.0,3.39,17,No,4,2020,0
E05374,Operations,43,58416.0,3.3,15,No,0,2025,0
E05375,Operations,59,54428.0,2.3,6,No,3,2024,0
E05376,Marketing,55,67595.0,3.78,4,No,3,2019,0
E05377,Operations,39,28000.0,2.93,5,No,1,2021,0
E05378,Sales,60,39759.0,2.45,2,No,1,2020,1
E05379,Marketing,44,42396.0,3.73,15,Yes,5,2018,0
E05380,Marketing,37,81443.0,4.66,11,No,6,2021,0
E05381,Marketing,31,50149.0,3.78,8,No,7,2019,0
E05382,Sales,32,55361.0,3.93,17,No,6,2024,0
E05383,Marketing,29,66901.0,3.66,8,No,1,2023,0
E05384,Operations,56,51372.0,3.26,11,Yes,6,2022,0
E05385,IT,55,79889.0,4.65,16,No,4,2020,0
E05386,HR,25,28000.0,2.88,14,Yes,1,2021,0
E05387,Marketing,46,94249.0,3.44,0,Yes,1,2023,0
E05388,IT,46,69889.0,3.01,8,No,7,2019,0
E05389,Sales,37,42712.0,2.68,10,No,6,2025,0
E05390,Operations,25,67282.0,4.69,4,Yes,3,2026,0
E05391,Operations,58,70481.0,1.56,5,Yes,7,2023,0
E05392,Marketing,57,72333.0,3.04,10,No,4,2023,0
E05393,IT,41,52909.0,3.87,0,Yes,4,2023,0
E05394,Operations,42,61491.0,3.93,11,No,7,2022,0
E05395,Operations,44,69800.0,4.57,1,Yes,2,2026,0
E05396,IT,57,40727.0,3.98,17,Yes,7,2019,0
E05397,IT,40,60074.0,3.46,16,No,3,2025,0
E05398,Sales,50,68848.0,4.58,10,No,2,2018,0
E05399,Finance,26,98602.0,2.89,12,Yes,5,2018,0
E05400,Sales,47,69226.0,1.99,12,No,5,2019,0
E05401,IT,46,65766.0,4.0,4,No,3,2020,0
E05402,Finance,57,78906.0,3.08,13,No,6,2022,0
E05403,Operations,50,84858.0,2.31,2,No,7,2023,0
E05404,IT,44,56152.0,2.74,16,Yes,3,2021,0
E05405,Finance,50,65397.0,4.01,0,No,3,2022,0
E05406,Operations,52,111733.0,2.92,13,No,7,2018,0
E05407,Sales,52,49477.0,3.43,0,Yes,7,2018,0
E05408,HR,41,62770.0,3.23,12,No,3,2020,0
E05409,Sales,37,73328.0,3.21,7,Yes,4,2026,1
E05410,Operations,30,49711.0,3.84,4,No,0,2024,0
E05411,Operations,57,52635.0,2.66,17,Yes,4,2025,0
E05412,HR,49,79727.0,2.38,14,No,0,2026,0
E05413,IT,37,41193.0,3.61,10,No,5,2018,0
E05414,Sales,36,95221.0,3.16,1,Yes,0,2019,0
E05415,Operations,40,60833.0,3.06,4,No,2,2021,0
E05416,Sales,39,28477.0,4.23,9,Yes,1,2021,0
E05417,IT,59,77009.0,3.38,8,Yes,2,2021,0
E05418,IT,57,69629.0,3.67,14,No,3,2022,1
E05419,IT,24,96292.0,3.74,17,No,1,2021,0
E05420,HR,51,44158.0,3.54,14,No,6,2021,1
E05421,Operations,25,93949.0,2.99,9,No,4,2023,0
E05422,Sales,48,51159.0,3.62,16,No,0,2022,0
E05423,IT,41,57987.0,3.19,0,No,1,2018,1
E05424,Operations,59,46167.0,2.18,2,No,7,2022,0
E05425,Sales,44,51625.0,3.67,12,Yes,7,2018,0
E05426,IT,42,70210.0,2.78,11,No,4,2025,0
E05427,Operations,34,28000.0,3.13,2,No,2,2019,0
E05428,Finance,21,73875.0,2.76,7,Yes,0,2019,0
E05429,IT,47,69223.0,3.72,4,Yes,4,2023,0
E05430,Operations,43,84301.0,4.83,11,Yes,3,2024,0
E05431,Sales,33,49519.0,2.66,17,Yes,0,2024,0
E05432,Sales,33,43473.0,3.3,15,No,2,2020,0
E05433,Finance,57,43032.0,4.13,4,Yes,3,2024,0
E05434,Sales,43,64931.0,3.76,9,Yes,0,2021,0
E05435,Operations,58,95449.0,3.99,3,No,7,2025,0
E05436,Marketing,40,76917.0,3.11,8,No,6,2026,0
E05437,Marketing,60,70713.0,3.03,3,No,1,2022,0
E05438,Operations,34,63988.0,2.06,10,No,1,2018,0
E05439,Sales,56,57321.0,2.49,6,No,6,2023,0
E05440,Operations,50,83215.0,3.56,4,No,4,2025,0
E05441,Finance,21,105537.0,1.66,7,No,0,2026,0
E05442,Finance,26,57632.0,4.2,17,No,7,2019,0
E05443,Finance,46,66122.0,2.0,0,Yes,1,2021,0
E05444,Marketing,39,49456.0,4.01,16,No,7,2023,0
E05445,Sales,33,87774.0,2.57,12,No,4,2019,0
E05446,IT,52,90399.0,3.8,17,No,1,2024,0
E05447,Operations,53,62380.0,4.03,12,Yes,0,2019,0
E05448,Marketing,23,62939.0,3.52,2,No,4,2019,0
E05449,Sales,37,64747.0,3.64,6,Yes,5,2020,0
E05450,Marketing,42,87440.0,3.41,7,No,1,2021,0
E05451,HR,35,55654.0,2.95,5,No,0,2026,0
E05452,IT,59,66125.0,3.29,2,Yes,0,2023,0
E05453,HR,47,66375.0,3.32,14,Yes,4,2024,0
E05454,HR,48,28000.0,5.0,3,No,2,2023,0
E05455,Finance,29,50514.0,3.36,13,Yes,5,2025,1
E05456,IT,55,69994.0,3.81,11,Yes,2,2024,0
E05457,Operations,26,90637.0,3.23,11,No,0,2023,0
E05458,Finance,23,76141.0,4.5,11,No,6,2023,0
E05459,IT,42,71057.0,3.26,10,No,7,2023,0
E05460,Operations,44,40227.0,2.1,12,No,6,2018,1
E05461,Sales,43,59799.0,2.66,8,No,7,2019,0
E05462,IT,46,94992.0,3.67,12,Yes,5,2021,0
E05463,Sales,39,65465.0,3.02,12,Yes,7,2024,0
E05464,IT,55,46475.0,2.39,7,No,0,2019,0
E05465,Marketing,51,114595.0,3.28,11,No,7,2024,0
E05466,Sales,21,66954.0,2.99,15,No,7,2024,0
E05467,Finance,39,74559.0,3.22,4,No,1,2021,0
E05468,Operations,58,67536.0,4.06,14,Yes,6,2021,0
E05469,Sales,51,90272.0,3.75,14,Yes,0,2022,0
E05470,Marketing,46,43587.0,3.91,8,No,1,2022,0
E05471,Marketing,30,60589.0,3.5,12,No,0,2026,0
E05472,Sales,52,72828.0,2.41,8,No,3,2022,0
E05473,Sales,44,71911.0,2.49,17,No,4,2019,0
E05474,Operations,60,76296.0,3.28,4,No,4,2019,0
E05475,IT,54,64254.0,2.37,16,No,5,2024,1
E05476,Sales,36,63614.0,3.43,9,Yes,7,2018,0
E05477,Marketing,43,61860.0,3.25,3,No,7,2022,0
E05478,IT,24,50033.0,2.48,1,Yes,2,2021,1
E05479,Operations,52,60071.0,3.25,7,No,1,2023,0
E05480,Finance,54,53459.0,3.51,4,No,5,2026,0
E05481,Finance,53,60941.0,2.99,5,No,0,2025,0
E05482,Sales,49,79314.0,3.11,14,Yes,4,2025,0
E05483,Sales,23,61292.0,4.22,12,No,4,2021,0
E05484,Finance,58,68655.0,3.53,2,No,3,2022,0
E05485,IT,44,63518.0,2.65,16,No,5,2022,0
E05486,HR,56,46992.0,2.1,3,No,0,2023,0
E05487,Sales,34,49030.0,5.0,6,No,5,2020,0
E05488,Finance,41,81392.0,4.1,11,No,6,2025,1
E05489,Marketing,35,50767.0,3.95,6,Yes,7,2022,0
E05490,Marketing,41,66253.0,3.59,12,Yes,5,2023,0
E05491,Operations,34,75929.0,1.66,9,No,0,2025,0
E05492,IT,39,78807.0,3.66,6,No,1,2021,0
E05493,Marketing,53,63191.0,2.86,11,No,3,2022,0
E05494,Marketing,39,95783.0,2.86,9,No,1,2026,0
E05495,IT,58,62057.0,3.24,9,No,2,2025,0
E05496,IT,27,58948.0,4.2,10,Yes,6,2024,0
E05497,Marketing,58,84729.0,4.39,15,Yes,0,2025,0
E05498,Operations,53,71223.0,3.67,11,No,5,2021,0
E05499,Operations,21,74636.0,4.15,8,Yes,6,2019,0
E05500,Operations,37,56829.0,3.58,3,Yes,7,2018,0
E05501,Operations,27,53665.0,3.86,12,No,2,2023,0
E05502,Operations,26,60234.0,3.55,2,No,2,2020,0
E05503,Operations,32,53010.0,3.51,1,No,0,2025,1
E05504,HR,46,35907.0,2.18,6,No,4,2019,0
E05505,Finance,50,61212.0,4.65,17,No,5,2020,0
E05506,Sales,60,50558.0,2.84,8,Yes,7,2024,0
E05507,IT,41,104476.0,3.7,0,No,1,2022,0
E05508,Operations,46,77418.0,2.95,15,No,4,2024,0
E05509,Operations,39,72359.0,3.34,2,No,2,2019,0
E05510,IT,37,28078.0,2.34,12,No,3,2020,0
E05511,Operations,55,74007.0,3.17,6,No,3,2026,0
E05512,Operations,56,48898.0,3.2,9,Yes,5,2018,0
E05513,IT,57,99830.0,4.23,5,Yes,0,2019,0
E05514,IT,29,57589.0,4.22,5,No,6,2021,0
E05515,Marketing,29,87329.0,3.36,14,No,2,2021,0
E05516,IT,32,47100.0,2.71,0,No,7,2021,1
E05517,Sales,44,92571.0,3.92,2,No,7,2025,0
E05518,Sales,31,47720.0,3.31,17,No,0,2022,0
E05519,Finance,55,57084.0,4.71,6,No,2,2023,0
E05520,IT,34,66907.0,3.55,10,No,3,2018,0
E05521,Marketing,40,90111.0,3.6,3,No,1,2025,0
E05522,Marketing,41,69615.0,2.92,17,Yes,4,2018,0
E05523,Marketing,55,59395.0,3.02,7,No,5,2023,0
E05524,IT,32,113856.0,3.09,3,No,5,2024,0
E05525,Sales,48,39175.0,2.66,8,No,2,2020,0
E05526,Sales,58,100972.0,4.54,0,No,4,2018,0
E05527,IT,43,49204.0,3.27,17,No,2,2022,0
E05528,Sales,35,74518.0,1.96,6,No,2,2018,1
E05529,IT,44,73133.0,2.33,14,No,1,2023,0
E05530,Operations,23,73504.0,3.21,14,No,0,2019,0
E05531,HR,21,57831.0,3.68,10,Yes,3,2023,1
E05532,Sales,23,95574.0,3.29,16,No,7,2023,0
E05533,IT,57,60137.0,3.72,12,No,3,2023,0
E05534,Operations,35,48651.0,3.22,11,No,1,2023,0
E05535,Operations,24,42231.0,3.9,2,No,4,2026,0
E05536,Sales,53,66011.0,3.17,3,No,1,2023,0
E05537,Marketing,53,61027.0,3.22,1,No,6,2025,0
E05538,Finance,50,75900.0,4.24,15,No,2,2026,0
E05539,Finance,54,53745.0,3.64,4,Yes,3,2022,0
E05540,Finance,29,111979.0,3.95,2,No,1,2021,0
E05541,Sales,27,53867.0,3.97,2,No,0,2022,0
E05542,Sales,59,53276.0,3.77,3,No,2,2021,0
E05543,HR,26,78994.0,3.47,7,No,4,2025,0
E05544,Finance,28,67292.0,2.49,17,No,1,2020,0
E05545,Sales,53,65436.0,2.3,1,No,4,2020,0
E05546,Sales,36,82634.0,3.98,3,No,3,2024,0
E05547,Marketing,54,46882.0,3.81,2,No,4,2025,0
E05548,IT,39,102498.0,3.47,1,No,2,2021,0
E05549,Finance,21,43809.0,3.13,6,No,6,2018,0
E05550,Marketing,35,56182.0,3.42,11,Yes,1,2026,0
E05551,Operations,51,67779.0,2.9,2,Yes,7,2026,0
E05552,IT,23,78019.0,2.78,11,Yes,5,2025,0
E05553,Operations,48,43834.0,3.18,8,No,4,2021,1
E05554,HR,41,28000.0,3.51,9,No,5,2018,0
E05555,Operations,57,84917.0,3.48,15,Yes,3,2018,0
E05556,Sales,38,49447.0,4.21,2,Yes,4,2023,1
E05557,IT,56,62484.0,3.49,12,No,3,2018,0
E05558,Operations,55,45394.0,3.52,9,No,5,2018,0
E05559,HR,33,63074.0,2.1,17,Yes,2,2020,0
E05560,Sales,34,51662.0,3.62,6,Yes,2,2026,0
E05561,Operations,54,50270.0,2.97,14,Yes,1,2020,0
E05562,IT,44,79417.0,2.32,1,No,7,2019,0
E05563,Sales,27,62802.0,2.17,4,Yes,1,2024,0
E05564,IT,59,65183.0,4.03,6,No,1,2024,0
E05565,Sales,29,55423.0,4.1,6,No,1,2021,0
E05566,Marketing,55,73897.0,3.82,17,No,2,2021,0
E05567,HR,33,78169.0,2.77,3,No,0,2025,0
E05568,Sales,44,45864.0,3.01,12,Yes,1,2020,0
E05569,Finance,60,53394.0,3.25,1,No,7,2022,0
E05570,Operations,25,92434.0,3.6,1,No,2,2023,0
E05571,HR,54,66297.0,3.82,12,No,1,2021,0
E05572,IT,52,70141.0,4.68,13,No,0,2020,0
E05573,Finance,45,95715.0,3.43,0,No,1,2024,0
E05574,Operations,60,76227.0,4.89,10,No,4,2019,0
E05575,Operations,36,58484.0,3.46,7,No,7,2019,0
E05576,HR,32,61752.0,3.05,9,No,6,2018,0
E05577,IT,54,45336.0,3.41,16,No,0,2022,0
E05578,Sales,54,54729.0,2.57,11,No,6,2021,0
E05579,IT,59,61467.0,1.78,1,No,5,2021,0
E05580,Operations,47,47652.0,2.37,0,No,0,2019,0
E05581,Marketing,40,67660.0,4.12,10,No,4,2020,0
E05582,Sales,28,86241.0,2.97,15,No,2,2022,0
E05583,Finance,30,28788.0,2.27,17,No,7,2020,0
E05584,Finance,35,92934.0,3.81,7,No,1,2019,0
E05585,HR,28,85645.0,3.01,1,No,3,2026,0
E05586,IT,49,42602.0,3.21,6,No,2,2026,1
E05587,IT,41,52782.0,3.27,10,Yes,0,2020,0
E05588,Finance,23,60489.0,3.32,0,Yes,7,2018,0
E05589,HR,28,44944.0,2.72,14,No,2,2023,0
E05590,Finance,37,78945.0,3.09,14,No,0,2022,0
E05591,IT,36,65117.0,2.27,15,No,0,2023,0
E05592,Finance,44,74359.0,3.81,4,No,5,2019,0
E05593,IT,21,46860.0,3.2,4,No,5,2025,0
E05594,HR,33,80573.0,4.16,4,No,5,2018,0
E05595,Marketing,23,29851.0,4.81,16,Yes,6,2022,0
E05596,Marketing,37,43922.0,5.0,10,No,6,2026,0
E05597,IT,54,49345.0,2.88,11,Yes,4,2018,0
E05598,IT,58,82026.0,3.47,12,Yes,2,2018,0
E05599,Marketing,43,88295.0,3.75,4,No,0,2020,0
E05600,Marketing,33,53826.0,4.08,4,No,7,2022,0
E05601,Operations,25,64496.0,3.07,17,Yes,0,2026,0
E05602,Finance,38,51215.0,3.59,0,No,5,2022,0
E05603,HR,39,28000.0,2.59,9,No,5,2020,0
E05604,Operations,47,78740.0,3.54,3,No,4,2025,0
E05605,Sales,60,69602.0,3.26,2,Yes,1,2020,0
E05606,IT,23,73507.0,2.77,4,No,3,2026,0
E05607,Sales,56,100605.0,3.55,3,No,7,2024,0
E05608,Finance,23,39703.0,3.01,10,No,1,2026,0
E05609,Sales,57,51187.0,3.5,2,No,1,2020,0
E05610,IT,49,42603.0,4.39,8,Yes,2,2021,0
E05611,Marketing,49,78614.0,1.64,2,No,3,2019,0
E05612,Sales,60,61668.0,3.97,13,No,6,2021,0
E05613,IT,53,44084.0,4.27,2,No,6,2018,0
E05614,Operations,49,45685.0,4.48,1,No,3,2021,1
E05615,IT,25,83292.0,2.87,9,No,3,2024,0
E05616,Operations,23,53623.0,2.56,13,No,7,2026,0
E05617,Sales,52,63380.0,3.67,14,Yes,7,2018,0
E05618,Sales,39,65275.0,3.42,15,No,6,2023,0
E05619,Operations,51,85507.0,3.52,13,No,1,2024,0
E05620,Operations,32,49717.0,5.0,0,No,2,2023,0
E05621,Sales,40,64820.0,3.98,14,No,3,2023,0
E05622,HR,36,28000.0,1.86,7,No,6,2026,0
E05623,IT,28,37276.0,3.5,0,No,6,2023,0
E05624,Sales,60,83573.0,3.49,16,No,3,2021,0
E05625,Operations,27,96587.0,2.32,9,No,0,2025,0
E05626,Operations,51,87138.0,3.12,16,Yes,1,2025,0
E05627,Operations,32,53185.0,3.91,10,No,5,2025,0
E05628,Sales,52,58537.0,4.05,7,Yes,7,2025,0
E05629,Marketing,46,58282.0,4.08,7,Yes,5,2023,1
E05630,HR,35,52115.0,4.63,2,No,4,2020,0
E05631,Marketing,31,68160.0,3.0,4,No,5,2018,0
E05632,Marketing,58,75001.0,4.2,1,No,5,2018,0
E05633,Marketing,44,67641.0,3.39,8,No,1,2023,0
E05634,HR,27,46244.0,3.63,2,No,2,2024,0
E05635,Sales,45,78511.0,3.15,12,No,3,2018,0
E05636,Finance,25,35817.0,4.56,7,No,6,2021,0
E05637,Finance,41,71498.0,3.84,12,Yes,5,2018,0
E05638,HR,36,58223.0,3.52,14,Yes,3,2021,0
E05639,Operations,21,55110.0,3.41,4,No,3,2022,0
E05640,Operations,23,96026.0,3.24,4,No,1,2024,0
E05641,Sales,23,72831.0,3.97,3,No,6,2022,0
E05642,Sales,49,99943.0,2.97,1,Yes,7,2026,1
E05643,Marketing,27,94755.0,3.71,10,No,7,2023,0
E05644,Sales,40,59002.0,4.5,9,No,7,2023,0
E05645,Operations,38,75247.0,3.81,9,No,6,2020,0
E05646,Marketing,21,39743.0,3.9,12,Yes,7,2020,1
E05647,Marketing,48,72659.0,3.31,7,No,1,2021,0
E05648,Operations,27,79384.0,3.16,1,No,2,2019,0
E05649,Sales,53,74942.0,3.41,0,No,4,2022,0
E05650,IT,24,76978.0,4.39,14,No,7,2024,0
E05651,Operations,23,53984.0,3.76,2,No,4,2021,0
E05652,Marketing,35,65269.0,3.41,1,No,7,2020,0
E05653,Marketing,31,111055.0,3.1,11,No,1,2026,0
E05654,Operations,35,98083.0,3.6,3,No,3,2026,0
E05655,Sales,29,83373.0,2.85,13,No,2,2020,0
E05656,Finance,31,76429.0,2.87,15,Yes,7,2018,1
E05657,HR,34,85049.0,2.55,12,No,1,2020,1
E05658,IT,52,49978.0,2.04,6,No,4,2022,0
E05659,HR,22,71260.0,2.7,7,No,5,2022,0
E05660,Sales,32,54744.0,2.85,8,No,4,2018,0
E05661,Finance,30,51876.0,4.56,0,No,2,2023,0
E05662,Marketing,54,68217.0,3.68,6,No,4,2025,1
E05663,HR,46,78988.0,4.57,13,Yes,4,2025,0
E05664,Operations,28,75905.0,4.52,11,No,6,2021,0
E05665,Finance,37,39097.0,3.62,8,No,1,2020,0
E05666,HR,30,34732.0,3.38,13,No,3,2019,0
E05667,IT,52,60000.0,3.25,14,Yes,0,2020,0
E05668,IT,45,47442.0,4.72,12,Yes,6,2018,0
E05669,HR,32,82908.0,2.33,9,No,3,2023,0
E05670,Sales,40,58723.0,2.55,6,No,3,2018,0
E05671,Marketing,24,41352.0,3.8,0,No,0,2021,0
E05672,IT,55,49820.0,3.9,16,Yes,3,2021,0
E05673,Sales,56,64863.0,2.5,0,No,5,2018,0
E05674,IT,21,65061.0,4.59,13,No,5,2021,0
E05675,IT,55,72908.0,3.23,1,No,4,2020,0
E05676,Operations,48,78839.0,2.89,5,No,1,2024,0
E05677,Operations,41,80926.0,3.38,6,Yes,3,2023,0
E05678,Operations,31,81210.0,4.09,8,No,6,2025,0
E05679,Marketing,56,39029.0,4.57,5,No,4,2025,0
E05680,IT,39,85811.0,3.33,0,No,0,2022,0
E05681,Finance,56,70011.0,2.72,2,No,0,2018,1
E05682,Marketing,37,89612.0,2.88,11,No,2,2025,0
E05683,Finance,53,74896.0,3.55,10,Yes,3,2018,0
E05684,IT,41,56265.0,4.71,8,No,2,2022,0
E05685,Finance,60,71700.0,2.34,5,Yes,5,2018,0
E05686,Operations,23,28000.0,2.67,2,No,7,2024,0
E05687,Marketing,23,53827.0,3.36,8,No,7,2022,0
E05688,IT,30,62327.0,2.67,2,No,6,2022,0
E05689,Sales,23,54913.0,1.93,11,No,1,2019,0
E05690,HR,49,58035.0,2.06,4,No,3,2021,0
E05691,HR,31,64734.0,3.97,4,No,0,2021,0
E05692,Operations,24,54017.0,3.89,11,No,7,2023,0
E05693,Marketing,55,28000.0,3.72,15,No,7,2020,0
E05694,Marketing,51,64090.0,2.6,8,No,0,2019,0
E05695,IT,42,69237.0,3.96,9,No,0,2026,0
E05696,Sales,40,38316.0,3.63,8,No,4,2023,0
E05697,IT,29,40852.0,4.78,5,No,2,2022,0
E05698,Finance,36,28000.0,4.1,14,Yes,2,2022,0
E05699,Sales,39,34429.0,3.63,8,No,3,2024,1
E05700,Marketing,60,40500.0,3.22,0,Yes,1,2022,1
E05701,IT,26,66148.0,3.21,12,No,3,2024,0
E05702,IT,51,54131.0,2.58,14,No,3,2020,0
E05703,Operations,45,72347.0,2.63,13,No,4,2019,1
E05704,Operations,57,97610.0,2.96,6,No,0,2025,0
E05705,Marketing,35,46898.0,2.99,8,No,3,2022,0
E05706,HR,41,72881.0,4.16,15,No,5,2020,0
E05707,Operations,35,71364.0,2.4,11,No,4,2024,0
E05708,Marketing,51,55214.0,3.09,15,No,4,2026,0
E05709,HR,38,83122.0,3.01,15,No,0,2021,0
E05710,Sales,54,93215.0,4.59,2,No,2,2021,0
E05711,HR,48,81636.0,3.98,6,No,3,2018,0
E05712,Finance,52,28000.0,3.83,6,Yes,7,2018,0
E05713,Sales,48,52573.0,3.21,8,No,3,2026,0
E05714,Finance,45,69676.0,4.91,7,No,2,2018,0
E05715,HR,60,63790.0,3.85,11,No,6,2026,0
E05716,Sales,44,46596.0,3.92,17,Yes,5,2022,0
E05717,Operations,59,52814.0,2.67,2,No,6,2020,1
E05718,IT,53,88121.0,3.77,9,No,2,2018,0
E05719,Sales,21,74797.0,2.54,14,No,4,2021,0
E05720,Marketing,38,67138.0,2.43,8,No,1,2022,0
E05721,Sales,41,59096.0,3.14,11,Yes,7,2026,0
E05722,IT,56,34754.0,3.41,1,Yes,0,2022,0
E05723,Finance,60,57009.0,3.31,11,Yes,1,2020,0
E05724,Sales,41,74884.0,3.62,3,Yes,6,2019,0
E05725,IT,48,89143.0,3.68,1,Yes,7,2020,0
E05726,Marketing,33,60940.0,4.14,5,No,6,2019,0
E05727,Operations,48,116999.0,3.88,10,No,3,2022,0
E05728,IT,21,64142.0,2.57,5,Yes,6,2022,1
E05729,Marketing,60,43983.0,4.16,17,Yes,1,2026,0
E05730,Marketing,39,106149.0,2.68,10,Yes,2,2022,0
E05731,Marketing,43,72378.0,2.69,11,No,1,2023,0
E05732,Finance,24,64593.0,3.87,6,Yes,2,2023,0
E05733,Operations,27,69287.0,3.12,15,No,6,2026,0
E05734,IT,47,76742.0,3.43,9,Yes,1,2023,0
E05735,IT,23,43362.0,3.81,8,No,7,2018,0
E05736,Sales,59,38504.0,3.66,9,No,7,2023,0
E05737,Operations,34,92457.0,3.49,0,No,4,2021,0
E05738,Operations,57,64399.0,2.65,7,No,7,2019,0
E05739,Sales,47,67361.0,5.0,17,No,5,2022,0
E05740,IT,47,87149.0,4.33,2,No,5,2018,0
E05741,Operations,42,77445.0,2.56,0,No,5,2018,1
E05742,IT,47,49465.0,3.85,15,Yes,5,2023,0
E05743,Sales,27,73184.0,1.76,5,Yes,0,2023,0
E05744,Operations,22,49867.0,3.95,11,No,5,2019,0
E05745,IT,40,49460.0,2.51,1,No,4,2025,0
E05746,Finance,53,54112.0,3.01,11,Yes,3,2020,1
E05747,Sales,21,61947.0,3.19,2,Yes,3,2024,0
E05748,Finance,45,52558.0,3.98,15,No,0,2023,0
E05749,IT,22,76561.0,2.71,17,No,0,2026,0
E05750,Operations,26,40355.0,3.11,2,No,2,2021,0
E05751,Operations,50,66693.0,2.98,1,No,3,2022,0
E05752,Sales,56,76673.0,3.93,15,No,0,2021,0
E05753,IT,56,83521.0,3.2,0,Yes,6,2019,0
E05754,IT,37,29060.0,4.38,16,Yes,4,2019,0
E05755,IT,38,73903.0,2.84,17,No,6,2024,0
E05756,Marketing,36,81297.0,4.13,1,No,0,2025,0
E05757,Marketing,51,67302.0,2.56,12,No,4,2021,1
E05758,IT,55,54969.0,2.32,4,Yes,1,2021,0
E05759,Finance,21,82177.0,2.79,9,Yes,3,2022,0
E05760,Operations,34,74985.0,2.53,14,No,4,2018,0
E05761,Sales,36,99001.0,1.61,5,Yes,7,2018,1
E05762,IT,24,79243.0,3.6,3,No,2,2020,0
E05763,Operations,25,72232.0,3.93,8,No,2,2021,0
E05764,Sales,28,61805.0,3.29,5,No,4,2024,0
E05765,IT,46,86441.0,3.25,6,No,0,2021,0
E05766,Sales,33,68186.0,3.9,2,No,4,2025,0
E05767,IT,50,75252.0,3.77,8,No,6,2019,0
E05768,Sales,21,66934.0,4.44,2,No,1,2026,0
E05769,Finance,48,57741.0,4.06,14,No,4,2025,0
E05770,Marketing,55,91275.0,3.18,2,Yes,7,2019,0
E05771,IT,28,92080.0,2.05,12,No,1,2025,1
E05772,IT,36,51789.0,4.25,11,No,4,2018,1
E05773,Finance,22,94145.0,2.53,12,No,0,2025,0
E05774,HR,59,77361.0,3.46,10,Yes,3,2019,0
E05775,Operations,46,53280.0,1.77,15,No,2,2024,1
E05776,Operations,55,28000.0,2.47,12,No,0,2018,0
E05777,HR,46,48637.0,3.24,12,Yes,2,2019,0
E05778,Finance,27,71985.0,4.25,14,No,4,2023,0
E05779,Operations,23,72309.0,3.54,2,Yes,4,2019,0
E05780,IT,35,54083.0,1.91,14,No,0,2020,0
E05781,Marketing,29,55748.0,3.3,11,Yes,7,2019,0
E05782,IT,26,42285.0,3.94,0,Yes,3,2024,0
E05783,IT,55,75352.0,3.26,8,No,5,2018,0
E05784,IT,24,71920.0,3.08,9,Yes,6,2024,0
E05785,Operations,26,78404.0,3.47,15,Yes,4,2025,1
E05786,Marketing,28,106171.0,3.58,1,No,2,2022,0
E05787,IT,49,46069.0,3.95,13,No,1,2025,0
E05788,IT,54,82267.0,2.45,11,No,4,2023,0
E05789,Sales,32,62416.0,3.03,10,No,7,2018,0
E05790,Operations,54,41446.0,4.07,13,Yes,5,2020,1
E05791,Operations,46,55684.0,3.68,12,Yes,4,2021,0
E05792,IT,56,37590.0,3.56,0,No,2,2019,0
E05793,HR,24,52264.0,4.11,5,No,5,2019,0
E05794,Marketing,24,66055.0,2.74,11,No,1,2024,0
E05795,IT,43,71054.0,3.48,10,No,3,2022,0
E05796,Finance,21,35396.0,2.73,4,No,4,2023,0
E05797,Sales,42,93847.0,4.02,17,Yes,2,2019,0
E05798,HR,37,60194.0,3.59,14,Yes,3,2022,0
E05799,Finance,56,46610.0,3.17,15,No,4,2025,0
E05800,Finance,28,88974.0,2.77,2,No,0,2024,0
E05801,Operations,55,79465.0,4.15,5,No,1,2021,0
E05802,Marketing,52,52151.0,2.62,15,No,7,2020,0
E05803,Sales,30,54064.0,3.61,13,No,7,2021,0
E05804,IT,36,59547.0,2.09,10,No,4,2018,0
E05805,Sales,25,79306.0,2.54,9,Yes,6,2023,0
E05806,IT,22,69295.0,2.66,6,No,2,2020,1
E05807,Marketing,55,115244.0,3.14,6,No,1,2023,0
E05808,IT,60,66791.0,3.96,3,Yes,7,2026,0
E05809,HR,40,97120.0,3.79,1,Yes,4,2019,0
E05810,IT,43,50235.0,2.84,9,No,7,2019,0
E05811,Sales,52,51214.0,3.88,17,No,2,2025,0
E05812,Marketing,38,68350.0,3.24,3,No,1,2024,0
E05813,Finance,49,104468.0,3.45,8,No,4,2021,0
E05814,Sales,41,53330.0,3.93,14,No,3,2018,0
E05815,Finance,25,77608.0,4.11,4,No,4,2025,0
E05816,Sales,37,65920.0,3.59,13,Yes,1,2021,1
E05817,Marketing,37,78850.0,3.73,7,No,4,2025,0
E05818,Finance,22,51317.0,3.01,0,No,4,2020,0
E05819,Sales,32,55248.0,4.44,13,Yes,6,2023,0
E05820,Sales,30,53849.0,4.04,7,No,0,2020,0
E05821,Sales,59,98586.0,2.13,2,No,7,2020,0
E05822,Marketing,22,52891.0,2.71,10,No,7,2018,0
E05823,IT,53,34809.0,2.42,13,Yes,0,2019,0
E05824,Sales,32,68743.0,3.75,17,No,1,2022,0
E05825,IT,43,39357.0,3.89,3,No,3,2019,0
E05826,Finance,26,65708.0,3.27,12,No,0,2020,0
E05827,Finance,41,97420.0,3.56,1,Yes,5,2023,1
E05828,IT,60,35510.0,2.74,4,Yes,3,2019,1
E05829,Operations,46,50688.0,4.07,3,No,4,2020,0
E05830,Marketing,33,44812.0,3.94,1,No,1,2023,0
E05831,Finance,49,71376.0,3.72,3,No,3,2025,0
E05832,IT,23,60333.0,4.39,0,No,0,2024,0
E05833,Operations,23,48914.0,5.0,16,No,3,2026,0
E05834,Sales,49,58221.0,4.31,9,No,7,2026,0
E05835,Operations,49,68426.0,3.26,11,No,6,2018,0
E05836,Finance,43,31613.0,3.92,1,No,1,2022,0
E05837,Finance,35,51124.0,3.24,17,No,6,2020,0
E05838,IT,46,54534.0,3.79,0,No,4,2024,0
E05839,Operations,27,102743.0,3.62,8,No,6,2026,0
E05840,Sales,50,63991.0,2.55,5,No,5,2020,0
E05841,Operations,55,74556.0,2.95,13,Yes,6,2019,0
E05842,Sales,23,49031.0,3.12,5,No,2,2025,0
E05843,Operations,21,67531.0,3.54,3,No,0,2025,0
E05844,Sales,21,41197.0,3.02,15,No,1,2021,0
E05845,Operations,45,61995.0,2.61,7,No,5,2026,0
E05846,Finance,47,86251.0,3.65,3,No,6,2023,0
E05847,Finance,49,82404.0,4.02,16,Yes,2,2022,0
E05848,IT,39,68085.0,4.24,12,No,7,2019,0
E05849,Operations,27,53334.0,3.18,15,No,3,2023,0
E05850,Sales,39,61611.0,3.4,7,No,2,2022,0
E05851,Marketing,35,59219.0,3.92,3,Yes,1,2023,0
E05852,IT,60,65634.0,3.21,1,Yes,7,2020,0
E05853,Operations,30,50833.0,3.26,17,No,0,2021,0
E05854,IT,36,72307.0,4.21,17,No,3,2023,0
E05855,Marketing,22,54419.0,4.36,4,Yes,2,2026,0
E05856,Sales,38,107417.0,2.33,9,No,3,2026,0
E05857,IT,41,81091.0,4.29,15,Yes,2,2025,1
E05858,Sales,28,87627.0,3.24,13,No,0,2025,0
E05859,Operations,26,72387.0,2.9,15,No,1,2018,0
E05860,IT,57,62353.0,2.59,10,No,2,2019,0
E05861,Sales,34,72401.0,3.5,10,No,2,2020,0
E05862,Sales,30,68847.0,3.32,12,No,1,2025,0
E05863,IT,39,73140.0,3.91,15,No,0,2026,0
E05864,Operations,60,57268.0,1.39,9,No,4,2025,0
E05865,Sales,41,78461.0,3.68,17,Yes,1,2018,0
E05866,Sales,48,71338.0,2.24,14,No,3,2025,0
E05867,IT,49,87736.0,4.02,0,No,0,2022,0
E05868,Operations,54,64370.0,2.75,6,No,1,2018,0
E05869,Operations,48,44129.0,4.2,4,No,4,2020,0
E05870,Marketing,27,75028.0,3.15,6,No,0,2019,0
E05871,HR,35,80813.0,4.82,9,No,5,2020,0
E05872,Sales,56,28000.0,3.01,15,No,0,2023,0
E05873,IT,40,49745.0,3.75,17,No,0,2022,0
E05874,Operations,23,70463.0,3.32,7,No,3,2020,0
E05875,Sales,51,59957.0,3.06,8,No,1,2025,0
E05876,Marketing,48,71877.0,3.65,13,No,7,2025,0
E05877,Sales,24,50686.0,3.7,2,No,0,2025,0
E05878,HR,40,63615.0,3.4,17,No,6,2023,0
E05879,IT,49,82940.0,3.35,8,No,4,2020,0
E05880,Operations,46,43339.0,3.18,0,No,7,2021,0
E05881,Sales,46,75299.0,3.84,9,No,5,2020,0
E05882,Sales,35,82688.0,3.57,13,No,6,2019,0
E05883,HR,24,54378.0,4.34,13,No,3,2025,0
E05884,IT,29,91838.0,4.23,4,No,2,2021,0
E05885,Finance,50,75025.0,4.5,11,No,3,2024,0
E05886,Sales,41,50260.0,3.21,3,Yes,3,2023,0
E05887,Operations,58,70016.0,2.85,8,No,6,2023,0
E05888,HR,51,32018.0,2.35,12,Yes,1,2018,0
E05889,IT,49,40768.0,3.22,12,No,4,2020,0
E05890,HR,38,67173.0,3.92,10,No,0,2018,0
E05891,Finance,42,74436.0,2.86,2,Yes,5,2018,0
E05892,Marketing,23,86417.0,3.07,1,Yes,7,2020,0
E05893,Sales,36,47647.0,3.69,14,No,1,2021,0
E05894,Sales,34,93014.0,4.77,7,No,7,2025,0
E05895,IT,37,40423.0,2.54,7,No,5,2019,0
E05896,Sales,34,54727.0,2.84,4,No,3,2021,0
E05897,Sales,33,78906.0,3.56,0,No,7,2024,0
E05898,IT,32,79444.0,4.66,16,No,4,2025,1
E05899,Operations,28,74900.0,2.4,4,No,2,2024,0
E05900,Sales,45,60283.0,3.32,13,Yes,6,2019,1
E05901,Sales,35,58129.0,2.18,3,No,2,2023,0
E05902,IT,32,77037.0,3.35,17,No,2,2019,0
E05903,Sales,36,72892.0,1.89,17,No,1,2018,0
E05904,Operations,46,55196.0,3.92,11,No,5,2020,0
E05905,Finance,48,62307.0,2.52,17,No,6,2020,0
E05906,Operations,25,54152.0,3.36,14,Yes,7,2020,0
E05907,Finance,47,45616.0,4.42,1,No,2,2022,0
E05908,HR,35,76740.0,3.15,7,No,4,2019,0
E05909,IT,22,41411.0,3.47,7,Yes,3,2019,0
E05910,Operations,32,78914.0,2.98,16,Yes,0,2020,0
E05911,Sales,46,36416.0,3.23,1,No,6,2026,0
E05912,Operations,52,78110.0,3.24,2,No,7,2026,0
E05913,Operations,54,53124.0,4.5,0,Yes,6,2020,1
E05914,Sales,39,47669.0,3.59,2,No,3,2023,0
E05915,Operations,46,75019.0,3.38,0,No,1,2021,0
E05916,IT,21,68064.0,3.08,10,No,4,2024,0
E05917,Marketing,26,56541.0,4.69,11,No,7,2024,0
E05918,Sales,39,55372.0,4.1,10,Yes,3,2022,0
E05919,Marketing,45,70331.0,3.67,6,No,6,2021,0
E05920,Marketing,36,36087.0,3.08,3,Yes,1,2018,0
E05921,Marketing,52,90491.0,4.86,11,No,1,2021,0
E05922,IT,60,70439.0,4.68,6,No,0,2025,0
E05923,Marketing,35,72541.0,3.25,4,No,5,2021,0
E05924,HR,47,87016.0,4.47,12,Yes,1,2024,0
E05925,Operations,25,107437.0,3.13,3,No,1,2023,0
E05926,IT,60,78872.0,3.45,7,No,2,2023,0
E05927,Operations,39,45002.0,2.46,0,Yes,4,2024,0
E05928,Sales,32,52730.0,3.18,9,No,2,2026,0
E05929,IT,23,29910.0,2.85,6,No,7,2018,0
E05930,Sales,37,45495.0,3.07,13,No,1,2018,0
E05931,Marketing,38,72832.0,2.43,16,Yes,6,2023,0
E05932,IT,44,66713.0,3.7,16,No,1,2021,0
E05933,Sales,53,73515.0,2.82,0,No,2,2024,0
E05934,IT,35,68225.0,3.0,17,No,1,2021,1
E05935,Finance,39,60121.0,2.87,4,No,1,2022,0
E05936,Marketing,26,78060.0,3.17,6,No,7,2020,0
E05937,IT,28,44526.0,2.72,17,Yes,0,2020,0
E05938,Sales,59,83925.0,3.47,15,No,7,2022,0
E05939,Finance,44,79883.0,3.07,15,No,6,2019,0
E05940,Finance,25,62586.0,3.25,16,No,6,2026,0
E05941,Operations,48,60246.0,3.25,0,Yes,3,2022,0
E05942,IT,45,77759.0,3.33,6,No,2,2020,0
E05943,HR,39,66360.0,3.56,7,Yes,3,2025,0
E05944,Sales,42,59500.0,4.42,5,No,2,2024,0
E05945,Operations,59,70534.0,3.53,5,No,0,2019,1
E05946,Operations,38,79580.0,3.15,6,No,5,2024,0
E05947,Finance,24,49987.0,3.92,1,No,3,2018,0
E05948,Marketing,39,71766.0,3.87,1,Yes,3,2020,0
E05949,Sales,23,55450.0,2.95,9,No,0,2025,0
E05950,Sales,22,64776.0,2.05,5,No,6,2020,0
E05951,Operations,31,48221.0,3.76,8,No,3,2021,0
E05952,Sales,58,59778.0,2.48,0,No,4,2018,0
E05953,Operations,43,71151.0,3.25,8,Yes,3,2020,0
E05954,IT,27,83312.0,3.52,9,No,6,2021,0
E05955,IT,55,63288.0,2.38,8,Yes,3,2022,0
E05956,Operations,60,83319.0,2.77,2,No,3,2019,0
E05957,IT,29,61344.0,2.86,8,Yes,3,2022,0
E05958,Finance,60,67499.0,4.3,12,No,4,2019,0
E05959,Marketing,27,67599.0,3.06,1,Yes,2,2022,0
E05960,Sales,50,60540.0,3.74,3,No,5,2019,0
E05961,IT,23,61442.0,4.03,6,No,5,2021,0
E05962,Sales,30,78057.0,3.41,9,No,7,2020,0
E05963,Operations,43,46946.0,2.18,14,No,5,2026,0
E05964,Operations,40,79544.0,3.57,6,No,4,2024,0
E05965,Operations,50,51017.0,3.3,14,No,1,2020,0
E05966,Operations,38,66678.0,2.74,4,No,3,2023,0
E05967,Marketing,31,82357.0,4.1,7,No,2,2021,0
E05968,HR,25,51734.0,2.76,11,No,3,2021,1
E05969,IT,21,66411.0,3.01,15,No,5,2022,0
E05970,HR,58,71460.0,3.17,15,No,6,2018,0
E05971,Operations,49,71099.0,3.22,7,No,4,2020,0
E05972,Finance,49,78009.0,4.61,13,Yes,0,2023,0
E05973,Finance,32,45891.0,2.72,10,No,1,2022,0
E05974,Operations,36,75884.0,2.49,16,Yes,6,2023,0
E05975,Sales,46,78962.0,3.1,10,Yes,4,2020,0
E05976,Operations,42,84671.0,3.82,10,No,0,2021,0
E05977,Marketing,35,30680.0,4.46,16,No,5,2019,0
E05978,Sales,39,81756.0,3.05,5,No,1,2023,0
E05979,Operations,55,49479.0,4.03,7,Yes,0,2018,0
E05980,Finance,27,84397.0,3.48,6,No,0,2022,0
E05981,Sales,26,49828.0,4.52,10,No,5,2019,0
E05982,Marketing,45,110814.0,2.79,1,No,0,2026,0
E05983,IT,47,59317.0,2.97,10,Yes,2,2018,0
E05984,Marketing,38,60727.0,4.66,16,No,7,2022,0
E05985,Marketing,38,57627.0,4.36,9,No,6,2020,0
E05986,IT,38,60352.0,3.49,5,Yes,3,2024,0
E05987,HR,55,47650.0,4.09,16,No,3,2018,0
E05988,Sales,37,76927.0,3.99,9,No,1,2018,0
E05989,IT,38,64663.0,4.26,5,No,7,2020,0
E05990,Sales,51,59617.0,3.96,13,No,0,2023,0
E05991,Sales,30,72466.0,3.3,6,No,2,2025,0
E05992,IT,30,55727.0,3.37,17,No,3,2021,0
E05993,IT,31,59529.0,3.42,5,No,6,2024,0
E05994,Sales,40,44224.0,3.89,15,No,1,2021,0
E05995,Operations,23,59084.0,2.85,6,No,2,2026,0
E05996,Operations,27,93317.0,3.62,8,Yes,5,2022,1
E05997,IT,24,77559.0,2.9,13,Yes,4,2024,0
E05998,IT,27,71040.0,4.63,16,No,2,2022,0
E05999,Sales,58,73291.0,3.68,5,No,4,2019,0
E06000,IT,60,71065.0,3.57,11,Yes,4,2019,0
E06001,IT,21,57623.0,3.61,1,Yes,7,2026,0
E06002,Operations,59,85018.0,3.59,3,No,5,2023,0
E06003,Sales,51,43953.0,2.1,5,Yes,5,2024,0
E06004,HR,51,70283.0,2.93,5,Yes,6,2023,0
E06005,Marketing,36,95942.0,3.2,9,Yes,0,2025,0
E06006,Operations,32,57797.0,3.68,1,No,4,2026,0
E06007,Operations,41,69523.0,2.9,12,No,0,2021,0
E06008,IT,36,58504.0,2.98,5,No,7,2020,0
E06009,Sales,52,79062.0,2.88,2,No,7,2024,0
E06010,IT,37,56865.0,3.54,6,Yes,5,2022,0
E06011,Operations,30,52991.0,3.28,1,Yes,3,2019,0
E06012,Marketing,56,59114.0,3.21,6,No,4,2018,0
E06013,Sales,35,46351.0,2.34,0,No,0,2026,0
E06014,Finance,53,54437.0,3.27,7,No,1,2019,0
E06015,IT,44,47655.0,4.89,12,No,6,2019,0
E06016,IT,52,70196.0,2.94,5,No,1,2023,0
E06017,Sales,58,58238.0,2.92,17,No,4,2025,0
E06018,Sales,38,56193.0,2.48,6,No,3,2018,0
E06019,Finance,36,73976.0,2.98,8,Yes,2,2026,0
E06020,Operations,27,45303.0,2.8,15,No,5,2023,0
E06021,IT,53,72645.0,2.86,9,No,0,2020,0
E06022,Operations,40,78119.0,2.61,12,Yes,6,2023,0
E06023,IT,29,51031.0,4.08,9,No,1,2020,0
E06024,Sales,60,74422.0,3.9,4,No,2,2026,0
E06025,Operations,53,78343.0,2.53,0,No,1,2025,0
E06026,Marketing,60,73016.0,2.6,11,Yes,2,2020,1
E06027,Operations,21,55127.0,3.94,12,No,1,2018,0
E06028,Operations,49,34103.0,3.83,14,No,6,2020,0
E06029,IT,47,54706.0,4.53,3,Yes,5,2021,0
E06030,HR,27,93235.0,3.96,0,No,7,2026,0
E06031,IT,58,57500.0,3.02,7,No,2,2021,0
E06032,Operations,44,73737.0,3.55,5,Yes,2,2024,0
E06033,Sales,23,59869.0,4.93,7,No,2,2018,1
E06034,Sales,57,50353.0,3.33,11,Yes,5,2023,0
E06035,IT,24,57954.0,3.87,2,No,0,2024,0
E06036,Operations,37,74183.0,4.06,11,No,6,2019,0
E06037,Marketing,31,51578.0,2.69,15,No,0,2021,0
E06038,Finance,34,65967.0,2.89,13,No,1,2023,0
E06039,Operations,35,65415.0,4.52,2,No,3,2023,0
E06040,Sales,36,73447.0,4.02,15,No,2,2024,0
E06041,Marketing,30,55774.0,3.04,5,Yes,6,2018,0
E06042,Operations,49,54251.0,2.63,11,No,4,2020,0
E06043,Marketing,51,70903.0,3.3,4,Yes,2,2020,0
E06044,Marketing,24,62765.0,3.44,6,No,7,2019,1
E06045,Sales,48,80454.0,3.08,11,Yes,3,2022,0
E06046,Sales,29,78395.0,2.67,14,No,4,2019,0
E06047,Sales,56,63685.0,4.59,4,No,4,2018,0
E06048,Operations,41,93848.0,3.4,16,Yes,2,2020,1
E06049,Sales,50,38856.0,4.52,2,Yes,1,2019,0
E06050,Operations,29,56787.0,3.66,16,No,0,2023,0
E06051,Marketing,36,78655.0,2.93,15,No,3,2022,0
E06052,Operations,31,28000.0,3.67,11,No,7,2025,0
E06053,Operations,40,67963.0,3.57,10,No,5,2022,0
E06054,Sales,38,51747.0,3.38,12,No,3,2024,0
E06055,Operations,34,99387.0,2.81,12,No,4,2019,0
E06056,HR,40,56171.0,3.82,0,No,1,2025,0
E06057,Operations,57,66460.0,1.8,11,No,6,2019,0
E06058,Operations,40,60051.0,3.84,10,Yes,1,2021,1
E06059,Marketing,45,59942.0,4.12,4,No,1,2026,0
E06060,Marketing,26,83902.0,3.55,8,Yes,0,2020,1
E06061,Operations,28,69578.0,3.08,12,No,6,2021,0
E06062,Marketing,52,53043.0,3.03,2,No,0,2021,0
E06063,Finance,59,71952.0,4.23,14,No,2,2026,1
E06064,Finance,37,71848.0,3.8,5,No,2,2019,0
E06065,Operations,41,68819.0,2.21,7,Yes,5,2026,0
E06066,Sales,35,73390.0,2.67,9,No,5,2025,0
E06067,Sales,60,83822.0,3.4,14,No,2,2026,0
E06068,Operations,49,41034.0,2.71,1,No,4,2023,0
E06069,Marketing,45,52585.0,4.41,9,No,1,2025,0
E06070,Operations,40,45199.0,3.2,3,No,1,2025,0
E06071,Sales,57,64720.0,3.12,1,No,6,2019,0
E06072,Operations,50,65560.0,3.38,4,No,4,2019,0
E06073,IT,26,68325.0,4.24,16,No,4,2026,0
E06074,Sales,48,89709.0,3.95,2,Yes,2,2023,0
E06075,Marketing,33,80500.0,1.97,1,No,1,2025,0
E06076,IT,40,77329.0,3.1,2,No,4,2020,0
E06077,IT,26,81305.0,2.09,4,No,5,2024,0
E06078,IT,58,69575.0,2.8,5,No,3,2025,0
E06079,IT,34,86107.0,3.88,15,No,5,2020,0
E06080,Sales,21,61830.0,4.09,3,No,4,2024,0
E06081,Operations,52,66666.0,3.38,0,No,5,2018,0
E06082,Operations,41,64290.0,3.6,0,No,6,2022,0
E06083,IT,39,47770.0,4.56,2,No,4,2024,0
E06084,Marketing,56,55520.0,3.49,2,No,5,2021,0
E06085,Sales,27,40339.0,3.37,1,No,3,2025,0
E06086,Finance,43,80155.0,3.37,6,No,6,2021,0
E06087,Marketing,55,67359.0,3.7,2,No,5,2026,0
E06088,Sales,46,64346.0,3.79,9,No,4,2022,0
E06089,Sales,47,56942.0,4.66,1,No,6,2018,0
E06090,Sales,55,58750.0,3.66,12,No,5,2018,0
E06091,IT,34,70516.0,3.63,10,No,0,2018,0
E06092,Finance,25,79711.0,3.79,10,Yes,3,2020,0
E06093,Operations,28,80067.0,2.43,16,No,6,2024,0
E06094,Marketing,59,44973.0,3.69,9,No,3,2020,0
E06095,Operations,44,74890.0,1.99,6,Yes,6,2025,0
E06096,HR,36,41304.0,4.29,2,No,6,2025,0
E06097,IT,41,33521.0,4.54,3,Yes,1,2026,0
E06098,Operations,52,82483.0,2.45,17,No,4,2020,0
E06099,Operations,24,67188.0,3.47,10,Yes,7,2022,0
E06100,IT,49,55709.0,3.07,15,No,4,2020,0
E06101,Sales,22,64167.0,1.78,3,No,7,2026,0
E06102,IT,49,88179.0,4.09,5,No,7,2021,0
E06103,Sales,24,90616.0,3.14,15,No,2,2019,0
E06104,IT,46,59573.0,3.58,6,No,2,2026,0
E06105,IT,45,83173.0,3.27,5,No,4,2020,0
E06106,IT,32,76967.0,4.08,10,Yes,1,2025,0
E06107,Finance,36,67518.0,4.2,12,No,7,2024,0
E06108,HR,51,74404.0,3.49,17,No,4,2022,0
E06109,IT,42,80191.0,2.97,0,No,1,2020,0
E06110,Operations,44,53776.0,3.37,14,No,1,2021,0
E06111,Sales,32,81118.0,3.27,6,Yes,3,2024,0
E06112,Finance,51,73094.0,3.23,5,No,3,2025,0
E06113,Operations,59,68006.0,4.22,10,No,2,2021,1
E06114,Operations,60,47477.0,3.41,9,Yes,0,2021,1
E06115,Sales,36,66547.0,3.52,7,No,4,2019,0
E06116,Sales,44,78316.0,3.21,1,Yes,3,2020,0
E06117,Operations,23,51350.0,3.7,13,Yes,5,2019,0
E06118,IT,55,92881.0,3.11,16,Yes,5,2023,0
E06119,Operations,36,72549.0,3.92,4,No,5,2018,0
E06120,Sales,30,70066.0,3.81,3,Yes,7,2023,0
E06121,Finance,53,35143.0,3.28,13,Yes,3,2019,0
E06122,Finance,24,73275.0,2.56,12,No,5,2024,0
E06123,Finance,21,53639.0,4.88,12,Yes,2,2024,0
E06124,Sales,47,85901.0,4.26,5,No,2,2024,0
E06125,HR,53,64323.0,4.37,11,No,5,2026,0
E06126,Operations,29,63874.0,3.48,9,No,6,2025,0
E06127,Sales,43,99522.0,4.66,2,Yes,1,2023,0
E06128,Finance,49,64837.0,4.11,7,No,3,2020,0
E06129,HR,25,70549.0,4.18,3,No,0,2026,0
E06130,Operations,48,62847.0,3.31,17,No,2,2024,1
E06131,IT,46,67669.0,3.84,16,No,5,2019,0
E06132,Operations,45,57427.0,5.0,14,No,4,2025,1
E06133,Operations,30,65129.0,3.51,8,No,4,2022,0
E06134,Sales,42,54651.0,2.98,1,No,6,2021,0
E06135,Operations,33,67455.0,3.12,15,Yes,7,2023,0
E06136,Marketing,45,55572.0,4.13,5,No,6,2024,0
E06137,Finance,21,108448.0,2.4,0,No,5,2021,0
E06138,IT,37,65395.0,4.57,2,No,4,2023,0
E06139,Sales,26,33888.0,3.16,10,Yes,6,2022,0
E06140,IT,46,38002.0,2.76,17,Yes,0,2023,0
E06141,Operations,48,54289.0,3.27,4,No,2,2021,0
E06142,Sales,22,31762.0,4.4,3,No,1,2022,0
E06143,Operations,36,77077.0,2.25,3,No,4,2018,0
E06144,IT,60,44766.0,3.36,10,Yes,1,2026,0
E06145,Marketing,56,97364.0,3.61,17,Yes,5,2025,0
E06146,IT,41,74954.0,4.9,13,No,5,2018,0
E06147,Sales,42,57307.0,3.07,2,Yes,2,2026,0
E06148,Sales,31,38326.0,4.01,8,No,7,2020,0
E06149,HR,59,71310.0,2.79,15,No,4,2019,0
E06150,HR,24,63677.0,4.81,14,No,3,2026,0
E06151,IT,60,66904.0,4.13,3,No,1,2024,0
E06152,Operations,54,82271.0,3.49,8,Yes,6,2025,0
E06153,Operations,58,49327.0,3.11,12,No,2,2024,0
E06154,Operations,36,41644.0,3.9,13,No,4,2021,0
E06155,Marketing,29,66629.0,2.63,8,Yes,4,2025,0
E06156,IT,24,51569.0,3.6,12,No,4,2022,0
E06157,IT,27,48932.0,2.4,12,No,1,2019,0
E06158,IT,55,44815.0,2.82,3,No,5,2021,1
E06159,Operations,53,30394.0,3.36,13,No,3,2021,0
E06160,Marketing,47,69913.0,3.39,11,No,6,2018,0
E06161,Marketing,56,68318.0,3.78,10,No,4,2022,0
E06162,Marketing,44,64360.0,3.56,12,Yes,1,2026,0
E06163,HR,46,43970.0,3.41,3,Yes,5,2019,0
E06164,Operations,47,66816.0,3.18,5,No,4,2024,0
E06165,HR,26,38564.0,3.18,14,No,6,2026,0
E06166,Sales,46,58827.0,2.0,10,Yes,5,2019,0
E06167,Operations,31,56907.0,3.66,13,No,3,2019,1
E06168,Operations,54,61746.0,4.16,7,No,3,2019,0
E06169,Sales,25,52990.0,3.25,3,No,3,2019,0
E06170,Operations,39,64125.0,2.88,12,No,2,2018,1
E06171,IT,27,61616.0,3.79,7,No,0,2018,0
E06172,Operations,54,61410.0,3.81,1,No,2,2025,0
E06173,Marketing,32,62048.0,3.24,13,Yes,1,2022,1
E06174,Sales,60,72493.0,4.37,13,No,7,2025,0
E06175,Operations,44,43712.0,3.61,7,No,7,2023,0
E06176,HR,54,82237.0,3.91,2,No,5,2025,0
E06177,Sales,29,32974.0,3.64,8,No,0,2018,1
E06178,Marketing,31,107866.0,3.29,5,No,1,2026,0
E06179,Finance,39,37982.0,3.17,6,No,6,2025,0
E06180,Sales,48,52496.0,4.73,2,Yes,0,2025,0
E06181,IT,56,72351.0,3.05,9,No,5,2018,0
E06182,Sales,57,45840.0,3.5,14,No,3,2020,0
E06183,Operations,28,47294.0,3.24,11,No,1,2024,0
E06184,Sales,40,52338.0,3.02,8,Yes,3,2022,1
E06185,Operations,34,62355.0,2.52,0,No,6,2024,0
E06186,Sales,48,59942.0,2.14,14,No,4,2022,1
E06187,Sales,24,48217.0,4.58,6,Yes,5,2025,0
E06188,HR,57,66769.0,2.36,4,No,6,2026,0
E06189,IT,35,63985.0,2.07,17,Yes,7,2023,1
E06190,Sales,39,72197.0,3.08,9,No,2,2024,0
E06191,HR,59,62930.0,3.29,8,No,3,2020,0
E06192,Finance,43,47952.0,1.86,9,No,5,2024,0
E06193,Marketing,46,101822.0,2.72,16,Yes,6,2021,0
E06194,Finance,39,91652.0,3.29,12,No,2,2025,0
E06195,Operations,59,28000.0,3.15,14,No,0,2022,0
E06196,Finance,44,41983.0,4.19,6,No,6,2019,0
E06197,HR,21,64296.0,3.25,12,Yes,6,2025,0
E06198,Operations,54,77631.0,3.36,5,Yes,0,2025,1
E06199,Finance,33,48094.0,3.28,13,No,3,2024,0
E06200,IT,58,30780.0,2.63,5,No,2,2023,0
E06201,Operations,46,56518.0,3.65,1,No,0,2020,0
E06202,Marketing,30,59509.0,4.01,12,Yes,4,2025,0
E06203,Sales,34,83661.0,5.0,16,Yes,3,2022,0
E06204,Sales,60,65296.0,2.44,12,Yes,6,2020,0
E06205,IT,25,66232.0,2.32,3,No,4,2025,0
E06206,IT,23,47387.0,2.45,5,No,2,2020,1
E06207,Sales,48,28000.0,3.34,3,No,4,2019,0
E06208,IT,21,80160.0,3.38,4,No,5,2024,0
E06209,Sales,42,64756.0,3.08,11,Yes,2,2021,0
E06210,IT,26,43862.0,3.32,9,No,6,2021,0
E06211,Marketing,22,71290.0,3.72,1,No,4,2025,0
E06212,Marketing,42,57918.0,4.65,4,No,2,2024,0
E06213,IT,31,56236.0,4.39,4,Yes,0,2025,0
E06214,Marketing,52,73397.0,4.11,8,Yes,5,2023,0
E06215,Sales,45,40694.0,2.69,15,No,0,2019,0
E06216,Sales,30,72041.0,3.78,2,No,1,2021,0
E06217,Operations,31,28673.0,2.5,6,Yes,3,2018,1
E06218,Finance,37,72024.0,2.73,8,No,7,2023,1
E06219,Marketing,50,50643.0,2.23,0,Yes,7,2021,1
E06220,Sales,38,28000.0,2.49,5,No,6,2019,0
E06221,Sales,60,52745.0,4.21,14,No,5,2024,0
E06222,Marketing,26,42402.0,3.98,14,No,6,2018,0
E06223,IT,40,42722.0,3.93,11,No,7,2019,0
E06224,Finance,23,58051.0,3.89,1,No,1,2019,0
E06225,Sales,31,52079.0,2.94,4,Yes,7,2021,0
E06226,Operations,58,58332.0,2.16,8,No,6,2026,0
E06227,Finance,42,77194.0,3.21,4,No,7,2022,0
E06228,HR,24,100227.0,3.82,8,No,6,2022,0
E06229,Operations,50,84201.0,2.45,17,No,7,2024,0
E06230,IT,56,63766.0,2.06,1,Yes,0,2019,0
E06231,Finance,56,43170.0,3.03,7,No,4,2023,0
E06232,Sales,36,80182.0,2.77,16,No,1,2022,0
E06233,IT,40,28000.0,4.41,14,No,4,2021,0
E06234,Finance,23,66155.0,2.27,6,No,0,2019,0
E06235,Sales,44,77798.0,4.0,2,No,2,2020,0
E06236,Sales,32,60738.0,4.08,11,No,3,2020,0
E06237,Sales,21,84833.0,3.12,5,No,5,2022,0
E06238,Sales,40,82785.0,3.83,13,No,4,2020,0
E06239,Marketing,34,67385.0,2.56,13,No,6,2026,0
E06240,Marketing,57,78699.0,3.91,0,No,6,2026,0
E06241,Operations,30,56582.0,3.03,0,Yes,3,2024,0
E06242,IT,29,66515.0,3.31,9,No,6,2026,0
E06243,Operations,50,57034.0,4.19,10,No,3,2019,0
E06244,IT,52,81503.0,3.36,11,No,1,2019,0
E06245,Sales,60,52787.0,3.53,3,No,3,2025,0
E06246,IT,43,59776.0,3.4,17,No,2,2025,0
E06247,Marketing,49,71429.0,3.11,8,No,5,2020,0
E06248,Operations,36,78551.0,3.04,13,No,3,2025,0
E06249,Sales,45,66208.0,3.65,1,No,3,2020,0
E06250,IT,47,42140.0,3.31,2,Yes,6,2018,1
E06251,Operations,35,47881.0,4.28,4,No,7,2024,0
E06252,Operations,53,85961.0,3.76,13,No,1,2025,0
E06253,IT,55,63322.0,2.55,9,Yes,1,2020,0
E06254,Finance,53,67472.0,3.49,14,No,6,2020,0
E06255,Marketing,28,76288.0,3.23,3,No,1,2025,0
E06256,Marketing,37,79057.0,3.24,9,Yes,6,2021,0
E06257,Operations,34,37333.0,3.07,16,No,6,2025,0
E06258,Operations,57,67001.0,3.88,14,No,7,2026,0
E06259,Marketing,21,45761.0,3.79,9,No,3,2018,0
E06260,IT,48,75385.0,3.39,0,No,3,2024,0
E06261,Sales,47,99483.0,2.81,0,No,3,2025,1
E06262,Sales,53,78207.0,3.27,11,No,2,2024,0
E06263,Marketing,46,68899.0,1.81,8,No,3,2026,0
E06264,Operations,38,59609.0,3.09,3,No,7,2018,0
E06265,Finance,39,54993.0,2.27,7,No,7,2023,1
E06266,Sales,38,58725.0,2.33,1,Yes,3,2018,0
E06267,Sales,41,45891.0,2.9,12,Yes,4,2022,0
E06268,Operations,23,65414.0,2.04,17,No,3,2019,0
E06269,Operations,26,66900.0,4.74,16,Yes,0,2024,1
E06270,IT,41,84054.0,4.25,8,No,3,2020,0
E06271,IT,40,95293.0,3.25,7,Yes,1,2018,0
E06272,Marketing,23,59868.0,4.05,14,Yes,0,2021,0
E06273,IT,56,81476.0,3.88,0,No,3,2022,0
E06274,Operations,33,86543.0,3.16,7,No,7,2022,0
E06275,Marketing,47,63880.0,3.23,2,No,7,2024,0
E06276,Operations,30,31670.0,4.77,14,Yes,1,2024,0
E06277,Operations,36,64850.0,4.34,2,Yes,0,2019,0
E06278,Finance,26,76221.0,4.19,9,No,3,2020,0
E06279,Sales,44,65811.0,4.46,6,No,1,2018,0
E06280,Sales,28,64164.0,3.04,3,No,2,2023,0
E06281,IT,47,49026.0,4.31,11,No,2,2024,0
E06282,Marketing,45,34533.0,1.92,2,No,3,2019,0
E06283,Sales,21,42250.0,2.8,10,No,3,2022,0
E06284,Marketing,25,75737.0,3.76,10,No,5,2019,0
E06285,HR,36,32146.0,2.23,9,No,6,2023,1
E06286,Operations,44,93055.0,3.2,15,No,6,2025,0
E06287,IT,31,72109.0,4.87,17,No,5,2023,0
E06288,Sales,56,57184.0,2.44,10,No,3,2023,0
E06289,Sales,37,61763.0,3.97,9,No,4,2023,0
E06290,IT,22,57888.0,4.53,11,No,7,2025,0
E06291,Operations,40,75827.0,2.82,12,Yes,2,2021,0
E06292,Sales,40,76425.0,5.0,14,No,1,2018,0
E06293,Marketing,23,80826.0,3.79,12,Yes,0,2019,1
E06294,IT,22,56550.0,4.02,8,No,2,2026,0
E06295,Operations,44,45897.0,4.31,17,No,6,2023,0
E06296,Marketing,44,59381.0,3.4,5,No,2,2019,1
E06297,Operations,60,77770.0,3.68,9,No,1,2021,0
E06298,Operations,47,80405.0,5.0,7,No,2,2019,0
E06299,Sales,34,47840.0,3.01,17,No,2,2023,0
E06300,IT,39,86071.0,3.24,2,No,5,2020,0
E06301,IT,39,33016.0,3.58,2,Yes,7,2026,0
E06302,Sales,25,77077.0,3.69,8,No,0,2026,0
E06303,Operations,40,68466.0,3.53,10,No,0,2026,0
E06304,Finance,53,77824.0,4.42,3,No,4,2019,0
E06305,Operations,57,60254.0,3.06,8,No,3,2018,0
E06306,Sales,37,94942.0,3.41,2,No,4,2023,0
E06307,Marketing,38,82526.0,3.57,3,No,2,2026,0
E06308,Sales,38,100649.0,2.86,17,No,2,2023,0
E06309,Sales,31,37641.0,3.56,4,No,0,2021,0
E06310,Operations,60,71974.0,2.08,15,Yes,1,2023,0
E06311,IT,59,69086.0,3.08,15,No,0,2020,0
E06312,Marketing,50,36445.0,3.48,4,No,2,2022,0
E06313,Finance,52,77634.0,2.44,12,No,6,2025,0
E06314,Marketing,41,82744.0,3.82,3,No,4,2024,0
E06315,Operations,59,80917.0,2.64,1,No,1,2025,1
E06316,Sales,51,79560.0,2.98,14,No,4,2026,0
E06317,Sales,44,52057.0,3.6,3,No,6,2022,0
E06318,Marketing,45,52972.0,3.67,11,No,2,2026,0
E06319,Sales,52,56193.0,4.23,2,No,6,2019,0
E06320,Operations,53,79225.0,3.15,7,No,0,2021,0
E06321,IT,56,83138.0,4.44,1,No,2,2025,0
E06322,Finance,32,69501.0,2.21,7,No,3,2024,0
E06323,Sales,39,77550.0,3.52,3,No,7,2020,0
E06324,Operations,55,53874.0,4.13,6,Yes,3,2019,0
E06325,Operations,52,70614.0,3.39,8,No,3,2025,0
E06326,Sales,23,47522.0,2.12,0,No,0,2019,0
E06327,Sales,37,33564.0,3.13,7,No,4,2023,0
E06328,Sales,42,34236.0,2.95,7,No,2,2024,0
E06329,Sales,44,58594.0,2.86,9,No,2,2022,0
E06330,HR,44,31548.0,3.16,5,No,0,2024,0
E06331,Sales,47,46719.0,2.45,9,No,3,2021,0
E06332,Operations,36,71250.0,2.46,12,Yes,7,2025,0
E06333,Operations,51,96423.0,2.95,9,Yes,0,2025,0
E06334,IT,47,68889.0,3.92,0,No,7,2018,0
E06335,Marketing,59,54705.0,2.65,9,No,0,2026,0
E06336,IT,59,28000.0,4.45,12,No,1,2019,0
E06337,Sales,51,106982.0,3.14,5,No,6,2020,0
E06338,Operations,34,65104.0,4.14,6,No,1,2021,0
E06339,Operations,51,54765.0,3.89,10,No,2,2023,0
E06340,Finance,43,51564.0,5.0,6,No,5,2025,0
E06341,HR,23,39619.0,2.62,2,No,1,2020,0
E06342,Sales,32,55791.0,3.79,0,No,0,2023,0
E06343,Sales,58,69017.0,4.72,1,No,4,2019,0
E06344,Marketing,22,74494.0,3.67,1,No,4,2018,0
E06345,Sales,59,65611.0,2.37,0,No,6,2026,1
E06346,Operations,33,77660.0,3.75,1,Yes,0,2025,0
E06347,IT,39,63480.0,2.89,0,No,1,2022,0
E06348,Operations,32,51833.0,3.09,1,No,1,2023,0
E06349,Marketing,22,81792.0,4.87,4,No,0,2022,0
E06350,Marketing,52,43528.0,3.96,13,Yes,5,2026,1
E06351,IT,36,61669.0,2.96,4,Yes,2,2026,0
E06352,Sales,34,77775.0,4.84,8,No,1,2018,0
E06353,HR,50,52504.0,2.37,10,No,5,2020,0
E06354,IT,59,72582.0,3.05,3,No,4,2026,0
E06355,Sales,22,70454.0,4.01,14,No,2,2024,0
E06356,Operations,22,56732.0,5.0,15,Yes,1,2026,0
E06357,IT,43,75280.0,4.0,13,No,3,2026,0
E06358,IT,39,38433.0,4.06,4,No,6,2026,0
E06359,Sales,25,63466.0,5.0,3,No,1,2026,0
E06360,Sales,47,55277.0,3.47,11,No,6,2019,0
E06361,Sales,26,80215.0,3.35,0,No,4,2021,1
E06362,Operations,23,68739.0,3.9,3,Yes,6,2025,0
E06363,Operations,25,54353.0,3.87,4,No,2,2021,0
E06364,IT,46,47309.0,2.47,16,No,1,2024,0
E06365,Finance,46,76501.0,3.1,14,Yes,7,2023,0
E06366,Sales,22,82129.0,4.03,8,No,0,2020,0
E06367,Finance,59,103652.0,3.08,15,No,6,2022,0
E06368,Sales,30,53000.0,2.36,2,No,2,2023,0
E06369,Sales,41,80621.0,2.86,4,No,0,2018,0
E06370,HR,51,85318.0,4.14,1,No,7,2023,0
E06371,IT,42,83340.0,3.04,8,Yes,3,2018,0
E06372,Operations,55,50174.0,3.73,5,Yes,0,2021,0
E06373,Operations,40,38553.0,3.18,10,Yes,2,2026,1
E06374,Sales,49,44242.0,3.39,15,No,7,2021,0
E06375,Operations,43,74103.0,4.2,15,No,4,2026,0
E06376,Marketing,27,31442.0,3.51,16,No,1,2020,0
E06377,IT,33,90158.0,3.72,16,No,6,2024,0
E06378,Finance,57,52918.0,3.05,7,Yes,4,2022,0
E06379,Operations,45,48191.0,3.68,8,Yes,6,2021,0
E06380,IT,42,80482.0,3.18,10,Yes,7,2018,0
E06381,Finance,58,78611.0,3.47,17,No,6,2019,0
E06382,Operations,48,71315.0,2.29,6,Yes,6,2023,0
E06383,Marketing,39,72878.0,3.58,5,Yes,5,2020,0
E06384,HR,22,75761.0,3.63,10,Yes,7,2019,1
E06385,IT,39,75943.0,5.0,4,No,7,2025,0
E06386,IT,42,48421.0,3.86,8,Yes,0,2026,0
E06387,Marketing,32,44491.0,4.23,11,No,7,2026,0
E06388,IT,33,90637.0,3.94,14,Yes,5,2024,0
E06389,HR,34,73149.0,2.45,6,No,5,2022,0
E06390,Sales,26,73372.0,4.44,11,Yes,5,2026,0
E06391,Finance,55,77107.0,2.84,1,No,2,2019,0
E06392,Operations,46,49465.0,2.12,7,No,7,2018,0
E06393,IT,46,61133.0,3.27,5,No,3,2021,0
E06394,Marketing,59,72036.0,3.68,1,No,4,2020,0
E06395,Marketing,49,56408.0,2.91,7,Yes,1,2021,0
E06396,Operations,39,83251.0,3.98,10,No,7,2022,0
E06397,IT,42,62460.0,3.51,7,No,2,2021,0
E06398,Sales,52,71832.0,2.37,13,Yes,4,2023,0
E06399,IT,57,78579.0,3.82,3,No,5,2021,0
E06400,Finance,49,94378.0,4.47,0,Yes,1,2024,0
E06401,IT,54,97059.0,4.07,5,No,4,2020,0
E06402,Operations,30,37570.0,2.23,14,No,0,2023,1
E06403,Finance,38,76063.0,3.55,4,Yes,6,2026,0
E06404,Operations,34,74480.0,4.33,0,No,4,2023,0
E06405,Operations,23,45373.0,3.29,16,No,1,2022,0
E06406,Finance,27,54075.0,2.77,10,No,6,2023,1
E06407,Sales,22,84217.0,2.83,0,No,7,2022,1
E06408,Marketing,54,33254.0,2.32,2,No,6,2023,0
E06409,Operations,60,44369.0,2.49,15,Yes,3,2021,0
E06410,Finance,38,96177.0,4.9,0,No,2,2023,0
E06411,Finance,23,34401.0,2.52,5,No,4,2022,1
E06412,HR,51,81942.0,4.65,6,No,0,2025,0
E06413,IT,60,100598.0,3.98,8,Yes,4,2019,0
E06414,Sales,45,53736.0,4.1,10,Yes,3,2022,1
E06415,IT,40,65870.0,3.17,11,No,0,2025,0
E06416,Marketing,46,94079.0,2.31,17,No,3,2022,0
E06417,Operations,59,67591.0,3.04,2,No,3,2023,0
E06418,IT,59,64821.0,3.97,17,Yes,6,2024,0
E06419,IT,55,73039.0,2.78,4,No,3,2021,0
E06420,Operations,51,93431.0,3.47,3,Yes,5,2020,0
E06421,Marketing,24,43077.0,4.11,11,No,0,2023,0
E06422,Operations,43,61089.0,2.3,4,No,2,2026,0
E06423,Sales,53,45987.0,2.83,14,Yes,4,2023,0
E06424,Finance,25,57332.0,3.54,3,No,5,2026,1
E06425,Sales,50,64921.0,3.45,9,No,2,2022,0
E06426,IT,38,51164.0,2.41,7,Yes,7,2018,0
E06427,Operations,56,81879.0,3.25,5,Yes,0,2022,0
E06428,Operations,25,42466.0,3.38,10,No,3,2022,0
E06429,Marketing,32,28000.0,2.62,15,No,5,2023,0
E06430,Sales,29,65608.0,2.64,6,No,1,2019,0
E06431,HR,42,44498.0,4.31,15,Yes,5,2021,0
E06432,Operations,52,67785.0,3.32,5,No,3,2022,0
E06433,Sales,28,94939.0,2.9,6,No,7,2022,0
E06434,HR,29,58825.0,2.17,7,No,6,2021,0
E06435,IT,45,90183.0,1.42,3,No,6,2024,0
E06436,Marketing,43,66548.0,3.35,13,Yes,4,2025,1
E06437,Operations,51,66505.0,3.12,17,No,7,2021,0
E06438,HR,21,48588.0,3.5,0,No,3,2022,0
E06439,Sales,33,60929.0,3.62,4,No,6,2024,0
E06440,IT,36,70368.0,4.07,13,No,3,2022,0
E06441,Sales,46,49784.0,1.96,9,No,0,2024,0
E06442,Operations,23,82396.0,3.17,16,No,0,2020,0
E06443,Marketing,32,65910.0,3.95,17,No,6,2023,0
E06444,IT,41,103105.0,3.59,17,No,5,2021,0
E06445,IT,26,54391.0,3.38,14,No,6,2019,0
E06446,IT,44,30188.0,3.83,1,No,2,2021,0
E06447,Sales,25,75780.0,3.45,5,No,4,2022,0
E06448,IT,21,112531.0,2.49,0,No,0,2020,0
E06449,IT,58,74133.0,4.09,8,No,3,2019,0
E06450,Operations,29,61238.0,3.27,14,No,1,2023,0
E06451,Sales,43,62403.0,3.4,17,No,6,2022,0
E06452,Finance,58,54305.0,4.02,10,No,0,2026,0
E06453,Sales,21,37411.0,2.31,15,No,5,2024,1
E06454,Finance,31,51714.0,3.71,5,No,0,2018,0
E06455,Finance,56,60901.0,3.49,4,No,1,2021,0
E06456,Operations,56,92277.0,4.12,17,No,2,2023,0
E06457,Marketing,23,63240.0,3.13,3,No,7,2020,0
E06458,Operations,24,97166.0,2.74,16,Yes,3,2021,0
E06459,Finance,31,91327.0,2.2,17,No,0,2020,0
E06460,Marketing,45,69185.0,4.72,2,Yes,5,2024,0
E06461,HR,41,83560.0,2.98,10,Yes,1,2023,0
E06462,HR,55,70429.0,2.99,16,No,5,2019,0
E06463,HR,48,73351.0,3.56,4,Yes,0,2024,0
E06464,Finance,24,60326.0,3.02,17,No,3,2019,0
E06465,Marketing,40,82263.0,3.29,10,Yes,4,2025,0
E06466,Sales,24,61595.0,3.67,2,Yes,4,2019,0
E06467,Operations,28,107344.0,4.15,6,Yes,4,2025,0
E06468,Sales,28,77399.0,3.53,7,No,2,2019,0
E06469,Operations,30,56827.0,3.06,2,No,3,2026,0
E06470,Sales,36,43666.0,2.85,10,No,7,2023,1
E06471,Sales,21,51931.0,4.38,12,No,1,2022,0
E06472,Sales,50,83113.0,3.16,4,No,2,2026,0
E06473,Operations,39,47834.0,4.13,13,No,1,2019,0
E06474,IT,27,39897.0,2.35,2,No,3,2022,0
E06475,Sales,57,59303.0,2.88,9,Yes,1,2025,0
E06476,HR,27,66762.0,3.43,6,No,1,2024,0
E06477,Sales,38,77391.0,3.2,0,No,0,2022,0
E06478,Marketing,47,86226.0,4.79,10,Yes,7,2020,0
E06479,IT,25,75475.0,3.67,17,No,7,2025,0
E06480,Marketing,31,37202.0,3.73,3,No,5,2022,0
E06481,Operations,57,64563.0,4.03,13,No,6,2022,0
E06482,Operations,28,28000.0,2.22,17,No,7,2025,0
E06483,Operations,41,86320.0,4.15,0,No,1,2025,0
E06484,IT,52,37942.0,3.6,8,No,6,2019,0
E06485,Operations,36,39135.0,3.47,5,Yes,4,2018,0
E06486,IT,45,57182.0,2.71,11,No,4,2022,0
E06487,IT,49,68893.0,1.52,15,No,0,2019,0
E06488,Finance,44,54372.0,3.15,0,Yes,6,2020,0
E06489,Sales,32,36257.0,2.67,17,Yes,4,2020,0
E06490,Marketing,41,80932.0,4.01,0,Yes,0,2020,0
E06491,Sales,26,70417.0,4.5,14,No,4,2026,0
E06492,Operations,56,73424.0,3.8,6,Yes,5,2020,0
E06493,Sales,35,70352.0,3.25,15,Yes,7,2024,0
E06494,Finance,56,44224.0,4.42,2,No,6,2020,0
E06495,Operations,36,44304.0,2.7,3,No,7,2024,0
E06496,Marketing,37,79663.0,3.74,15,No,7,2023,0
E06497,Marketing,47,71610.0,3.43,4,Yes,3,2019,0
E06498,IT,22,64495.0,3.94,12,No,1,2023,0
E06499,Sales,51,54716.0,2.48,0,No,2,2019,0
E06500,Finance,49,59627.0,4.51,14,No,5,2021,0
E06501,Operations,50,76027.0,3.62,6,No,4,2025,0
E06502,Marketing,27,46570.0,3.43,7,Yes,2,2025,0
E06503,Sales,59,90983.0,2.45,10,No,3,2021,0
E06504,HR,57,97685.0,3.99,5,No,3,2021,0
E06505,Operations,28,60820.0,3.15,8,No,4,2025,0
E06506,Finance,22,67225.0,4.11,0,No,2,2020,1
E06507,Finance,31,87446.0,3.33,11,Yes,6,2018,0
E06508,Finance,43,91450.0,3.33,9,No,4,2025,1
E06509,Marketing,46,33860.0,3.3,1,Yes,4,2019,0
E06510,IT,53,92050.0,2.88,16,No,6,2021,0
E06511,Sales,42,72698.0,2.86,11,No,3,2025,0
E06512,HR,22,81324.0,2.57,12,No,4,2026,0
E06513,IT,58,73418.0,4.09,16,No,4,2024,0
E06514,HR,29,53435.0,3.79,8,No,4,2026,0
E06515,Operations,56,70987.0,2.3,4,No,1,2020,1
E06516,Sales,30,87123.0,4.43,5,Yes,0,2021,0
E06517,Sales,50,64910.0,4.01,6,No,5,2026,0
E06518,IT,47,58459.0,4.21,13,No,0,2026,0
E06519,IT,53,54802.0,3.22,11,Yes,6,2022,0
E06520,Finance,47,68745.0,2.79,14,Yes,4,2023,0
E06521,Sales,24,45773.0,2.68,17,No,6,2021,0
E06522,Operations,40,49881.0,2.79,13,No,2,2026,0
E06523,Sales,49,80301.0,3.75,10,Yes,6,2024,0
E06524,Operations,44,79003.0,4.58,13,No,4,2018,0
E06525,Sales,59,75749.0,4.03,11,No,6,2019,0
E06526,Operations,36,51933.0,4.07,13,No,1,2023,0
E06527,HR,55,72097.0,3.14,5,No,5,2026,0
E06528,Finance,31,88052.0,3.16,2,Yes,5,2025,0
E06529,Sales,55,70903.0,3.69,8,No,5,2024,0
E06530,IT,52,79066.0,2.78,15,No,0,2020,0
E06531,Operations,40,84668.0,4.43,2,No,4,2024,0
E06532,Operations,23,57253.0,3.36,9,No,1,2023,0
E06533,IT,51,53003.0,3.15,9,No,4,2018,0
E06534,HR,21,55358.0,2.48,11,No,6,2022,0
E06535,Finance,58,49010.0,3.77,3,Yes,2,2024,0
E06536,IT,55,87081.0,2.63,13,No,6,2023,0
E06537,Finance,38,66173.0,4.32,0,No,7,2023,0
E06538,IT,34,96279.0,3.77,1,Yes,5,2018,1
E06539,Marketing,23,53191.0,4.69,13,No,0,2019,0
E06540,IT,60,74741.0,2.58,12,No,4,2023,0
E06541,Operations,21,71899.0,3.27,6,No,0,2024,0
E06542,Marketing,47,59484.0,1.6,5,No,6,2018,0
E06543,Sales,40,35696.0,3.23,4,No,1,2025,0
E06544,Finance,46,67871.0,3.56,13,Yes,7,2022,0
E06545,IT,39,44467.0,3.75,9,No,6,2019,0
E06546,Operations,41,28704.0,2.1,9,No,6,2024,0
E06547,HR,59,30472.0,3.1,2,Yes,2,2018,0
E06548,Operations,56,64806.0,3.28,10,No,0,2025,0
E06549,Sales,21,65537.0,5.0,12,No,6,2025,0
E06550,Operations,39,85283.0,2.13,3,No,1,2025,0
E06551,IT,37,83984.0,3.93,8,No,2,2023,0
E06552,IT,41,61907.0,4.06,13,No,1,2026,0
E06553,Marketing,33,53225.0,3.19,14,Yes,6,2024,1
E06554,IT,60,51406.0,2.89,12,Yes,0,2018,0
E06555,Sales,21,32163.0,4.08,1,Yes,2,2022,0
E06556,HR,53,73629.0,4.1,3,No,6,2023,0
E06557,Marketing,58,76098.0,2.66,3,No,4,2024,0
E06558,Marketing,47,71839.0,3.99,0,Yes,5,2026,0
E06559,IT,30,70448.0,3.58,12,No,5,2021,0
E06560,Finance,44,56069.0,2.84,0,No,1,2022,0
E06561,Finance,31,76331.0,2.94,6,No,0,2025,0
E06562,Sales,53,73997.0,3.21,0,Yes,0,2018,0
E06563,Sales,59,43094.0,3.05,12,No,4,2019,0
E06564,HR,55,61612.0,3.69,15,Yes,0,2026,1
E06565,IT,21,56426.0,5.0,13,No,4,2025,0
E06566,HR,36,66707.0,3.51,16,No,0,2018,0
E06567,IT,24,57633.0,3.42,14,No,4,2023,0
E06568,Finance,46,88412.0,3.64,5,Yes,3,2018,0
E06569,Operations,39,75139.0,3.43,16,No,1,2026,0
E06570,Operations,22,70790.0,3.7,9,Yes,0,2021,0
E06571,Sales,58,52902.0,2.55,8,No,6,2020,1
E06572,Marketing,47,66464.0,2.03,4,No,6,2018,0
E06573,Operations,37,55703.0,3.74,6,No,7,2023,0
E06574,Finance,46,72605.0,3.93,3,No,6,2020,0
E06575,Marketing,39,86614.0,3.18,4,No,4,2023,0
E06576,HR,42,54038.0,2.75,14,No,2,2020,0
E06577,Marketing,49,43838.0,2.91,5,No,2,2019,0
E06578,Marketing,48,75268.0,3.31,10,No,0,2021,0
E06579,Operations,57,86745.0,2.47,3,No,1,2023,0
E06580,Operations,29,102833.0,2.96,10,No,2,2024,0
E06581,Finance,28,28000.0,2.65,15,Yes,4,2021,0
E06582,HR,36,40762.0,3.62,9,No,2,2018,0
E06583,IT,30,46160.0,3.47,1,No,7,2018,0
E06584,IT,48,28000.0,2.33,6,No,7,2023,0
E06585,Operations,37,69765.0,4.65,16,No,5,2022,0
E06586,HR,50,84518.0,3.1,5,No,6,2020,0
E06587,Finance,36,67221.0,2.9,7,No,0,2021,0
E06588,Sales,24,58879.0,3.67,12,No,1,2023,0
E06589,Sales,21,57498.0,3.79,2,Yes,7,2024,0
E06590,Operations,42,72777.0,3.35,3,No,1,2026,0
E06591,Operations,56,60986.0,3.33,11,No,2,2019,0
E06592,Marketing,56,52904.0,3.1,14,Yes,6,2026,1
E06593,Operations,32,42355.0,2.53,12,No,5,2023,0
E06594,Sales,31,90716.0,2.62,17,No,5,2022,1
E06595,IT,21,50297.0,3.9,12,No,2,2020,1
E06596,IT,33,43613.0,2.37,16,Yes,6,2025,0
E06597,IT,54,72772.0,3.5,11,No,1,2018,0
E06598,IT,59,84950.0,2.15,9,Yes,2,2018,0
E06599,IT,27,49421.0,2.99,13,No,1,2023,0
E06600,Operations,29,62558.0,4.76,8,No,3,2022,0
E06601,Finance,25,54544.0,3.59,3,No,6,2024,0
E06602,Operations,21,75155.0,3.66,9,Yes,3,2026,0
E06603,IT,22,56125.0,4.43,1,No,7,2025,0
E06604,Sales,34,62341.0,2.29,8,Yes,7,2018,0
E06605,Marketing,46,90600.0,3.28,9,Yes,5,2023,0
E06606,Marketing,42,50837.0,2.44,5,No,1,2025,0
E06607,Sales,43,62863.0,2.71,2,No,6,2022,0
E06608,Finance,58,55289.0,4.0,3,No,1,2026,0
E06609,Sales,49,65487.0,3.61,12,Yes,0,2018,0
E06610,Finance,50,78811.0,3.02,9,Yes,4,2018,0
E06611,Operations,46,46019.0,3.59,8,No,0,2020,0
E06612,Sales,27,71493.0,4.0,4,Yes,7,2021,0
E06613,Operations,26,74099.0,2.42,0,No,5,2025,0
E06614,Marketing,48,66036.0,2.18,16,Yes,7,2020,0
E06615,Sales,37,65194.0,4.06,11,Yes,6,2025,0
E06616,Marketing,42,58434.0,3.1,17,No,6,2024,0
E06617,HR,34,55522.0,2.68,4,No,7,2022,1
E06618,Marketing,31,39002.0,3.55,13,No,6,2023,0
E06619,IT,42,75400.0,5.0,2,No,6,2018,0
E06620,Marketing,23,61238.0,2.89,1,Yes,6,2022,1
E06621,Finance,33,79278.0,2.99,1,No,6,2019,1
E06622,Operations,55,72547.0,2.57,4,No,0,2019,0
E06623,IT,25,106972.0,3.75,15,No,0,2018,0
E06624,Marketing,30,91791.0,3.15,3,No,0,2023,0
E06625,IT,21,90699.0,3.4,5,No,1,2018,0
E06626,Operations,36,81195.0,2.03,17,No,3,2021,0
E06627,Finance,40,86097.0,2.31,11,No,0,2026,0
E06628,Sales,24,78398.0,2.37,8,Yes,1,2026,0
E06629,IT,56,60441.0,3.28,17,No,5,2026,0
E06630,IT,32,79694.0,5.0,8,No,4,2023,0
E06631,HR,42,66894.0,4.33,15,Yes,6,2024,0
E06632,IT,59,48833.0,2.85,10,No,7,2024,0
E06633,Sales,52,60550.0,2.52,4,Yes,2,2026,0
E06634,IT,22,82496.0,2.89,16,No,4,2025,0
E06635,Sales,29,83623.0,3.76,2,No,7,2023,0
E06636,Operations,43,50375.0,2.71,17,Yes,1,2021,0
E06637,HR,46,49586.0,2.9,17,No,1,2025,0
E06638,IT,36,60417.0,2.66,3,No,7,2024,0
E06639,Sales,46,62310.0,2.69,12,No,6,2021,0
E06640,Operations,52,33906.0,2.71,3,No,3,2023,1
E06641,Finance,58,50974.0,3.57,15,No,0,2024,0
E06642,HR,44,35732.0,3.73,13,Yes,3,2022,1
E06643,Sales,56,60090.0,3.83,10,No,7,2018,0
E06644,Finance,24,41130.0,3.36,10,No,7,2019,0
E06645,Sales,32,82546.0,4.52,1,No,4,2018,0
E06646,Operations,47,79083.0,3.86,11,Yes,5,2019,0
E06647,Marketing,39,34043.0,4.54,10,No,3,2021,0
E06648,Operations,40,82676.0,4.54,5,No,1,2021,0
E06649,Operations,57,59127.0,4.44,12,No,1,2020,0
E06650,Sales,58,70254.0,2.93,15,Yes,4,2021,0
E06651,Operations,44,40422.0,2.81,4,No,4,2025,0
E06652,Operations,53,43541.0,4.2,10,Yes,1,2020,0
E06653,Sales,51,49371.0,3.1,1,Yes,0,2021,1
E06654,Operations,57,96315.0,3.17,15,Yes,1,2019,0
E06655,Operations,25,67192.0,3.56,15,Yes,3,2024,0
E06656,Operations,44,45552.0,3.4,2,No,6,2018,0
E06657,IT,57,65643.0,3.97,9,No,1,2021,0
E06658,Operations,43,69716.0,3.62,15,Yes,3,2021,0
E06659,Sales,56,47531.0,2.95,3,No,2,2019,0
E06660,Operations,54,36073.0,3.93,3,No,7,2019,0
E06661,Marketing,35,60831.0,3.13,17,No,2,2018,0
E06662,IT,25,76603.0,4.06,7,No,3,2023,0
E06663,Sales,36,29049.0,2.55,2,Yes,6,2024,0
E06664,Operations,29,69128.0,4.07,6,No,7,2021,0
E06665,Sales,21,68056.0,3.48,4,No,5,2022,0
E06666,Marketing,40,53317.0,2.94,10,Yes,4,2023,0
E06667,Operations,24,41415.0,3.42,12,No,1,2026,1
E06668,IT,56,60469.0,3.21,0,No,5,2025,0
E06669,Finance,40,57619.0,3.06,16,Yes,7,2020,0
E06670,HR,59,47336.0,1.62,15,Yes,1,2024,0
E06671,Marketing,43,70585.0,3.19,9,No,1,2018,0
E06672,IT,55,73098.0,2.97,13,No,6,2026,0
E06673,Sales,30,86560.0,2.65,7,No,4,2021,1
E06674,Sales,54,71498.0,3.13,8,Yes,6,2019,0
E06675,IT,28,44910.0,3.45,9,No,0,2020,0
E06676,IT,49,79792.0,4.3,12,No,0,2019,0
E06677,Finance,41,88715.0,3.8,2,No,3,2025,0
E06678,Operations,37,68344.0,3.15,14,No,5,2025,0
E06679,Sales,34,64559.0,2.42,9,No,6,2021,0
E06680,IT,47,88356.0,4.21,16,No,7,2024,0
E06681,Sales,48,49249.0,3.86,5,No,2,2023,0
E06682,IT,32,30207.0,2.77,0,No,5,2023,1
E06683,IT,28,43901.0,3.48,2,No,6,2023,0
E06684,Operations,55,116622.0,2.46,3,No,7,2019,0
E06685,Operations,32,78172.0,2.87,12,No,0,2026,0
E06686,Sales,22,70511.0,3.08,2,No,1,2023,0
E06687,Marketing,47,82378.0,3.85,4,No,4,2019,0
E06688,Marketing,29,28000.0,3.58,11,No,0,2024,0
E06689,Operations,59,71044.0,3.0,1,No,2,2022,0
E06690,Operations,21,69980.0,3.38,11,Yes,2,2018,0
E06691,Operations,21,63748.0,3.3,10,Yes,5,2018,0
E06692,Finance,36,74399.0,2.43,6,No,3,2019,0
E06693,Operations,38,33032.0,4.19,0,Yes,6,2025,0
E06694,IT,38,51408.0,3.45,13,No,7,2024,0
E06695,Sales,31,46203.0,3.52,2,Yes,2,2024,0
E06696,Finance,54,53446.0,3.61,16,Yes,2,2024,0
E06697,Operations,40,90920.0,3.13,3,No,7,2023,0
E06698,IT,34,90615.0,2.69,15,Yes,4,2022,0
E06699,Operations,39,44178.0,2.94,5,No,4,2018,0
E06700,Marketing,27,66189.0,3.24,6,No,3,2023,0
E06701,Operations,27,28000.0,3.48,17,No,0,2022,0
E06702,Sales,53,59484.0,3.31,14,No,3,2026,0
E06703,Operations,39,93667.0,4.37,3,No,7,2018,0
E06704,Finance,37,86832.0,3.4,13,Yes,4,2026,0
E06705,Finance,37,81142.0,3.12,7,No,0,2020,0
E06706,HR,34,38040.0,4.04,11,Yes,2,2018,1
E06707,Operations,40,81303.0,2.86,8,No,1,2024,0
E06708,Finance,24,60676.0,3.3,0,No,3,2018,0
E06709,HR,46,51822.0,3.8,4,Yes,3,2026,0
E06710,Sales,21,63200.0,3.13,17,No,2,2018,0
E06711,Sales,46,69273.0,3.41,14,No,1,2023,0
E06712,Marketing,56,84849.0,2.92,11,No,3,2026,0
E06713,HR,59,65354.0,4.23,2,No,5,2026,0
E06714,Finance,32,59887.0,3.27,2,No,7,2024,0
E06715,Operations,47,52771.0,3.3,0,Yes,2,2025,0
E06716,Sales,49,31790.0,3.42,3,No,2,2023,0
E06717,Finance,39,74993.0,3.26,5,No,5,2018,0
E06718,Operations,21,28000.0,2.87,15,No,5,2019,0
E06719,IT,36,80728.0,3.5,10,No,3,2025,1
E06720,Sales,29,57249.0,2.93,11,No,6,2023,0
E06721,Marketing,31,34852.0,3.31,1,No,4,2020,0
E06722,Operations,29,49166.0,2.92,2,Yes,3,2020,0
E06723,Operations,47,52342.0,3.38,11,Yes,7,2023,0
E06724,Finance,41,40825.0,2.62,2,No,7,2021,1
E06725,Marketing,31,71038.0,3.67,3,No,1,2026,0
E06726,Marketing,27,76578.0,3.51,1,No,5,2020,0
E06727,Operations,59,70400.0,2.82,10,No,5,2021,0
E06728,IT,45,71763.0,3.39,0,No,3,2024,0
E06729,IT,31,44114.0,4.0,8,Yes,1,2022,0
E06730,Sales,60,54107.0,3.7,3,No,2,2023,0
E06731,Operations,60,69929.0,2.49,3,Yes,3,2022,0
E06732,HR,48,88937.0,4.4,16,No,4,2018,0
E06733,Sales,58,53188.0,2.6,11,No,5,2020,0
E06734,Sales,33,28000.0,2.67,17,Yes,7,2022,0
E06735,Sales,40,78418.0,3.91,16,No,0,2026,0
E06736,IT,55,87174.0,3.34,0,No,1,2018,0
E06737,Marketing,49,28000.0,2.6,11,Yes,5,2026,0
E06738,HR,45,68071.0,4.28,10,No,3,2024,0
E06739,Operations,27,73577.0,2.68,3,No,7,2024,0
E06740,Operations,57,47601.0,4.5,6,No,2,2019,0
E06741,IT,54,46780.0,2.82,8,No,3,2018,0
E06742,IT,25,58836.0,2.45,7,No,5,2023,0
E06743,Finance,22,68247.0,3.74,6,No,1,2020,0
E06744,Finance,29,53188.0,4.18,2,Yes,3,2021,0
E06745,IT,40,64511.0,4.08,4,No,5,2019,0
E06746,IT,26,58822.0,2.9,15,Yes,4,2025,0
E06747,IT,50,62787.0,3.06,17,No,1,2018,0
E06748,Operations,33,54117.0,3.3,14,No,7,2023,0
E06749,IT,51,63457.0,4.5,15,No,2,2024,0
E06750,Operations,54,52949.0,4.54,7,No,3,2024,0
E06751,Marketing,34,76561.0,4.39,13,No,7,2025,0
E06752,Sales,35,82664.0,3.02,7,Yes,1,2019,0
E06753,HR,34,47054.0,2.37,1,No,2,2025,0
E06754,Sales,23,93826.0,3.03,3,No,2,2025,0
E06755,Sales,21,69914.0,3.1,2,Yes,1,2023,0
E06756,Operations,51,75676.0,4.43,8,No,7,2026,0
E06757,Marketing,22,68680.0,2.84,6,Yes,0,2024,0
E06758,Sales,55,82125.0,2.93,11,Yes,4,2023,0
E06759,HR,27,63168.0,3.61,16,Yes,7,2026,0
E06760,Sales,24,51903.0,3.92,16,No,6,2026,0
E06761,Finance,37,84569.0,4.96,8,No,7,2020,0
E06762,Sales,29,79376.0,4.66,13,No,4,2026,0
E06763,Sales,29,52407.0,3.83,8,No,2,2020,0
E06764,Sales,59,52177.0,1.68,2,No,1,2019,0
E06765,Marketing,58,67398.0,3.48,2,Yes,6,2025,0
E06766,Operations,32,84784.0,2.09,0,No,6,2026,1
E06767,Sales,31,104487.0,2.78,11,No,2,2019,0
E06768,Sales,60,61197.0,4.32,3,No,6,2018,1
E06769,Marketing,41,51597.0,2.76,8,Yes,0,2021,0
E06770,Operations,35,67178.0,2.59,3,Yes,3,2018,0
E06771,IT,60,72315.0,3.99,6,Yes,3,2020,0
E06772,Sales,54,60217.0,3.06,5,Yes,1,2021,0
E06773,Marketing,27,75472.0,3.58,9,No,6,2021,0
E06774,HR,30,97906.0,4.12,6,No,5,2024,0
E06775,Finance,21,34997.0,3.0,16,No,2,2023,1
E06776,Operations,27,79632.0,4.06,1,No,6,2026,0
E06777,IT,55,61527.0,3.15,12,No,0,2018,0
E06778,Operations,45,43004.0,4.24,7,No,3,2025,0
E06779,Marketing,54,41139.0,2.48,16,No,3,2024,0
E06780,Sales,35,64465.0,1.89,8,Yes,1,2019,0
E06781,Operations,45,55009.0,3.79,11,Yes,2,2020,0
E06782,IT,39,76680.0,3.92,2,No,2,2021,0
E06783,IT,48,100488.0,2.96,10,No,0,2024,0
E06784,Sales,39,74495.0,3.08,1,No,1,2024,0
E06785,Sales,60,95260.0,3.8,14,No,3,2021,0
E06786,Marketing,39,49916.0,3.85,9,Yes,1,2023,0
E06787,HR,54,47645.0,5.0,17,No,2,2022,0
E06788,Operations,28,54429.0,3.22,4,Yes,7,2018,0
E06789,IT,48,66475.0,2.74,9,No,7,2026,0
E06790,Finance,45,43910.0,2.58,4,Yes,5,2019,0
E06791,Finance,49,69800.0,5.0,10,Yes,3,2022,0
E06792,IT,38,64306.0,4.06,15,No,0,2019,0
E06793,Finance,48,55479.0,3.66,12,Yes,7,2019,0
E06794,Sales,38,67565.0,3.75,11,No,6,2023,0
E06795,Sales,25,65685.0,3.84,11,Yes,2,2018,0
E06796,Marketing,31,78609.0,3.39,6,No,0,2023,0
E06797,Marketing,49,28000.0,4.21,0,No,4,2025,0
E06798,Finance,37,37065.0,3.14,12,No,6,2020,0
E06799,Marketing,45,78658.0,3.42,17,Yes,1,2020,0
E06800,Operations,50,64470.0,2.49,6,No,6,2023,1
E06801,Operations,23,63677.0,1.7,0,No,0,2026,0
E06802,Marketing,46,61848.0,3.91,13,No,5,2022,1
E06803,Operations,26,55127.0,2.45,8,Yes,7,2021,0
E06804,IT,46,29281.0,3.91,0,No,5,2021,0
E06805,Finance,38,58381.0,3.63,6,No,4,2019,0
E06806,Sales,32,66481.0,4.23,17,Yes,6,2023,0
E06807,Sales,54,54672.0,3.59,8,No,7,2025,0
E06808,IT,49,61078.0,2.33,2,No,2,2020,0
E06809,Operations,39,51164.0,3.19,8,No,0,2020,0
E06810,HR,34,102925.0,4.18,1,No,6,2020,0
E06811,Finance,60,60769.0,3.32,5,Yes,7,2021,0
E06812,IT,31,55945.0,2.59,10,No,1,2025,0
E06813,HR,29,59722.0,3.85,4,No,5,2025,0
E06814,HR,54,84810.0,2.32,11,Yes,5,2025,0
E06815,IT,29,90220.0,3.8,7,No,0,2025,0
E06816,HR,54,36811.0,3.02,5,No,3,2018,0
E06817,IT,49,76177.0,3.32,10,No,5,2018,0
E06818,Operations,25,85101.0,2.8,16,No,4,2018,0
E06819,IT,37,71847.0,2.85,6,No,0,2020,0
E06820,Operations,42,58443.0,4.57,15,Yes,0,2022,1
E06821,IT,49,62297.0,3.24,14,No,1,2022,0
E06822,IT,52,68348.0,2.88,15,No,4,2020,0
E06823,Finance,43,52971.0,3.12,13,Yes,4,2026,0
E06824,Marketing,48,59356.0,1.0,11,No,2,2024,0
E06825,HR,48,84459.0,3.18,4,No,7,2026,0
E06826,Finance,27,105132.0,3.85,13,Yes,0,2018,0
E06827,Operations,59,69397.0,3.48,15,No,0,2018,1
E06828,Marketing,37,77340.0,3.97,5,Yes,1,2019,1
E06829,IT,24,81039.0,4.05,14,No,6,2019,0
E06830,IT,55,40343.0,2.42,4,No,0,2022,0
E06831,IT,59,83721.0,4.19,3,No,2,2021,0
E06832,Operations,30,73505.0,4.51,11,No,4,2026,0
E06833,Operations,48,42860.0,3.06,1,No,3,2025,0
E06834,Operations,36,73341.0,4.76,8,No,1,2023,0
E06835,Sales,30,36867.0,3.8,3,No,5,2023,0
E06836,Sales,26,67502.0,4.05,14,Yes,2,2019,1
E06837,Finance,26,84466.0,2.56,11,No,1,2026,0
E06838,Marketing,60,77233.0,2.91,12,No,1,2018,0
E06839,Operations,24,50415.0,3.03,2,No,6,2022,0
E06840,Sales,29,73148.0,3.48,6,Yes,6,2025,0
E06841,Sales,37,77829.0,1.96,17,No,7,2026,0
E06842,IT,57,45760.0,3.07,1,No,5,2026,0
E06843,IT,32,74906.0,3.82,7,No,5,2019,0
E06844,Marketing,30,74317.0,3.85,11,No,7,2018,0
E06845,Sales,57,31200.0,2.73,12,No,2,2026,0
E06846,IT,35,54998.0,2.58,7,No,0,2018,1
E06847,IT,58,58453.0,3.91,0,Yes,0,2023,0
E06848,Sales,57,49362.0,3.94,10,No,5,2024,0
E06849,Marketing,60,51514.0,3.72,11,No,5,2019,0
E06850,Sales,52,59358.0,3.5,3,Yes,3,2023,0
E06851,Sales,34,69269.0,2.43,3,Yes,6,2024,1
E06852,Operations,60,85904.0,2.93,1,Yes,7,2022,0
E06853,Operations,41,85427.0,2.88,12,Yes,7,2023,0
E06854,Sales,52,96172.0,4.56,2,No,1,2022,0
E06855,Sales,50,55221.0,2.21,10,No,6,2026,0
E06856,IT,59,122422.0,2.64,7,No,4,2022,0
E06857,Marketing,48,86501.0,4.4,4,No,7,2019,0
E06858,Sales,39,63720.0,4.36,11,No,5,2022,0
E06859,HR,41,44639.0,3.42,5,No,4,2024,0
E06860,HR,45,75671.0,3.24,17,Yes,7,2026,0
E06861,HR,27,48581.0,3.45,7,No,4,2026,0
E06862,Marketing,37,72953.0,4.02,10,No,3,2018,0
E06863,Finance,39,96695.0,2.88,3,No,4,2020,0
E06864,Operations,37,68711.0,2.51,5,No,2,2022,0
E06865,IT,32,69103.0,3.34,1,No,3,2023,0
E06866,IT,58,66891.0,3.11,1,Yes,7,2021,0
E06867,IT,54,70673.0,3.36,9,No,1,2024,0
E06868,Sales,32,86958.0,2.78,3,No,7,2020,0
E06869,Finance,47,57819.0,4.71,10,No,6,2025,0
E06870,Marketing,44,41637.0,2.26,11,No,3,2018,0
E06871,Sales,48,80098.0,4.06,10,No,0,2019,0
E06872,Operations,37,41958.0,3.68,1,No,1,2020,1
E06873,Marketing,36,69166.0,3.44,15,No,5,2026,0
E06874,IT,47,59029.0,2.5,13,Yes,0,2020,0
E06875,Finance,41,37862.0,3.34,11,No,6,2019,1
E06876,Marketing,29,68342.0,3.24,11,No,0,2019,0
E06877,Sales,57,70206.0,4.38,15,Yes,0,2023,0
E06878,Marketing,38,72782.0,4.06,16,Yes,3,2023,0
E06879,Operations,27,58343.0,4.27,11,Yes,0,2024,0
E06880,Sales,53,58496.0,3.46,1,No,7,2026,1
E06881,Operations,34,84785.0,4.14,12,No,7,2021,0
E06882,Marketing,26,66067.0,2.2,11,No,7,2021,1
E06883,Marketing,21,70627.0,4.01,16,No,2,2019,0
E06884,HR,33,40406.0,2.26,13,No,6,2024,0
E06885,IT,57,73249.0,3.42,15,Yes,3,2025,0
E06886,IT,42,47674.0,4.51,8,No,2,2026,0
E06887,Operations,59,55863.0,1.73,8,No,0,2022,0
E06888,HR,37,67421.0,2.93,15,No,6,2026,0
E06889,Operations,25,97014.0,3.23,16,No,6,2023,0
E06890,Marketing,35,54557.0,2.18,4,No,0,2019,0
E06891,Operations,22,49825.0,3.29,5,No,4,2019,1
E06892,Marketing,54,117985.0,3.29,1,Yes,5,2026,1
E06893,IT,30,74996.0,3.56,15,Yes,1,2024,1
E06894,IT,50,64224.0,2.71,9,No,0,2018,0
E06895,Finance,40,68538.0,2.82,14,No,6,2021,0
E06896,Marketing,22,64489.0,3.82,14,No,0,2023,0
E06897,Operations,48,76659.0,2.0,3,No,2,2026,0
E06898,IT,33,100847.0,2.76,3,No,2,2019,0
E06899,Operations,22,62756.0,5.0,12,No,6,2020,0
E06900,Finance,41,42238.0,3.49,7,No,1,2019,0
E06901,Marketing,22,83865.0,4.24,1,No,2,2026,0
E06902,Sales,28,62479.0,3.41,4,Yes,5,2022,1
E06903,Operations,33,55342.0,3.04,11,No,4,2020,0
E06904,Sales,26,28000.0,3.2,6,No,1,2023,0
E06905,Sales,31,76824.0,3.0,4,No,3,2019,0
E06906,Sales,38,58347.0,3.01,0,No,0,2020,0
E06907,IT,38,67783.0,4.1,12,Yes,6,2020,0
E06908,HR,40,83826.0,3.76,2,No,6,2022,0
E06909,Operations,45,79514.0,4.71,15,No,0,2020,0
E06910,HR,50,64802.0,2.67,5,No,5,2026,0
E06911,IT,59,63662.0,4.2,5,No,5,2025,0
E06912,Operations,52,58523.0,4.27,14,No,7,2020,0
E06913,Marketing,44,89841.0,2.96,14,No,3,2019,0
E06914,Sales,30,66084.0,3.07,7,No,4,2026,0
E06915,HR,28,53397.0,3.17,10,Yes,4,2020,1
E06916,Sales,51,78019.0,3.52,17,Yes,2,2020,0
E06917,Sales,37,45158.0,4.02,16,No,1,2021,0
E06918,Marketing,26,53754.0,4.86,6,No,1,2018,0
E06919,IT,52,73916.0,1.28,8,Yes,2,2019,0
E06920,Sales,35,78049.0,4.68,17,No,0,2021,0
E06921,Marketing,52,83796.0,3.79,12,Yes,0,2019,0
E06922,Marketing,24,63070.0,3.76,11,No,6,2026,0
E06923,IT,28,55892.0,3.42,12,No,6,2018,0
E06924,Operations,43,65605.0,3.02,4,No,1,2024,0
E06925,Sales,25,90211.0,2.17,12,No,5,2022,0
E06926,IT,29,76171.0,4.03,10,No,5,2020,0
E06927,Finance,52,90741.0,3.21,14,No,2,2018,0
E06928,Sales,56,55210.0,4.02,14,No,6,2020,0
E06929,Marketing,57,59465.0,3.12,9,No,4,2022,0
E06930,Marketing,35,90931.0,2.5,9,No,5,2018,0
E06931,Finance,30,53549.0,4.5,15,No,7,2024,0
E06932,Sales,25,68835.0,4.21,12,Yes,2,2020,0
E06933,HR,52,46811.0,2.98,0,No,0,2023,0
E06934,Marketing,41,57329.0,2.09,1,Yes,2,2023,0
E06935,Sales,56,94370.0,3.43,5,No,7,2019,0
E06936,Operations,41,43869.0,2.04,5,No,4,2023,0
E06937,Marketing,31,71860.0,2.64,8,Yes,5,2020,0
E06938,Sales,43,49965.0,2.92,2,No,1,2018,0
E06939,Finance,44,94272.0,3.42,15,No,4,2026,0
E06940,Operations,41,87776.0,3.93,12,No,4,2018,0
E06941,IT,54,72553.0,3.99,8,No,2,2024,0
E06942,Operations,53,82595.0,3.67,7,Yes,5,2018,0
E06943,Marketing,21,28000.0,4.15,8,No,2,2019,0
E06944,Sales,56,71423.0,3.2,1,No,4,2022,0
E06945,Finance,28,58136.0,2.98,11,Yes,0,2018,0
E06946,Sales,40,44732.0,4.24,12,Yes,5,2021,0
E06947,Sales,37,42999.0,3.62,3,No,7,2025,0
E06948,IT,37,56209.0,2.88,0,No,5,2021,0
E06949,IT,53,91492.0,3.36,12,No,5,2023,0
E06950,Marketing,60,44801.0,2.69,14,No,7,2022,0
E06951,Operations,23,68385.0,3.81,12,Yes,5,2023,0
E06952,IT,25,32312.0,2.72,4,No,1,2023,0
E06953,Sales,55,106272.0,3.44,15,Yes,2,2019,0
E06954,IT,59,81949.0,3.42,13,Yes,3,2022,0
E06955,Operations,51,49297.0,4.15,9,No,3,2021,0
E06956,HR,25,56933.0,2.77,2,No,0,2025,0
E06957,Sales,60,100937.0,2.14,7,Yes,0,2024,1
E06958,Operations,49,93302.0,4.23,13,No,0,2020,0
E06959,IT,52,41265.0,3.82,5,No,7,2020,0
E06960,Sales,25,92514.0,4.86,6,No,0,2019,0
E06961,HR,29,68040.0,4.09,15,No,7,2020,0
E06962,Sales,25,75399.0,3.64,6,No,2,2020,0
E06963,HR,46,73939.0,3.53,3,No,6,2018,0
E06964,IT,31,37095.0,4.46,14,No,7,2024,0
E06965,IT,42,67816.0,3.59,14,No,4,2021,0
E06966,Sales,54,62511.0,3.67,10,No,6,2022,0
E06967,IT,29,57401.0,3.21,9,Yes,0,2025,0
E06968,HR,39,74373.0,4.25,3,No,3,2023,0
E06969,HR,27,79959.0,4.19,16,Yes,3,2023,1
E06970,Sales,46,63808.0,3.07,10,Yes,5,2026,0
E06971,Sales,49,43675.0,2.72,6,Yes,3,2026,0
E06972,Sales,27,64879.0,3.3,15,No,6,2021,0
E06973,Finance,50,95404.0,3.1,14,No,4,2020,0
E06974,Finance,39,45785.0,2.37,16,Yes,2,2023,0
E06975,Operations,27,29135.0,2.84,16,No,5,2021,0
E06976,Operations,55,105286.0,2.95,1,Yes,3,2018,0
E06977,Sales,37,77183.0,2.94,16,No,6,2019,0
E06978,Operations,57,49831.0,3.89,1,No,3,2021,0
E06979,Sales,50,53401.0,3.27,3,No,2,2019,0
E06980,Marketing,27,43328.0,3.87,4,Yes,2,2023,0
E06981,Marketing,55,103899.0,4.72,3,No,3,2020,0
E06982,Operations,34,95446.0,3.74,1,No,4,2024,1
E06983,Operations,58,53488.0,4.37,10,No,6,2020,0
E06984,Marketing,30,56574.0,4.06,1,No,5,2021,0
E06985,Sales,51,85546.0,3.97,14,No,6,2026,0
E06986,Sales,32,73697.0,5.0,10,No,1,2019,0
E06987,Finance,40,51679.0,3.85,7,No,5,2026,0
E06988,Operations,60,64952.0,3.72,16,Yes,5,2021,0
E06989,Finance,22,64150.0,3.16,0,No,5,2024,0
E06990,Finance,27,29490.0,3.66,17,Yes,4,2023,0
E06991,Marketing,41,54031.0,2.53,4,No,1,2018,0
E06992,Operations,59,56559.0,2.98,3,Yes,4,2025,0
E06993,Operations,54,61217.0,3.99,13,No,1,2019,0
E06994,Sales,50,44292.0,4.05,8,No,7,2021,0
E06995,Operations,42,87116.0,3.55,8,No,1,2022,0
E06996,IT,36,80558.0,2.3,3,Yes,3,2025,0
E06997,Operations,26,53863.0,2.78,16,No,0,2023,1
E06998,IT,34,91724.0,4.04,13,No,7,2020,0
E06999,IT,45,68077.0,3.27,7,No,1,2024,0
E07000,Finance,35,73899.0,4.25,8,No,4,2018,0
E07001,Finance,59,78530.0,2.89,10,No,7,2021,0
E07002,Operations,30,73708.0,2.63,14,No,6,2026,0
E07003,Sales,55,73826.0,2.41,14,No,4,2019,0
E07004,Sales,33,68002.0,4.17,13,Yes,6,2020,1
E07005,Finance,48,57844.0,4.22,1,No,2,2018,1
E07006,Finance,41,51508.0,2.42,9,No,2,2026,0
E07007,IT,52,46632.0,3.17,11,No,7,2025,0
E07008,Operations,44,35880.0,3.36,10,No,1,2021,0
E07009,Operations,55,88473.0,2.87,12,No,3,2024,0
E07010,Operations,53,74432.0,4.11,4,No,4,2025,0
E07011,Sales,36,83289.0,4.69,17,No,6,2021,0
E07012,HR,47,87880.0,3.27,15,No,7,2019,0
E07013,Finance,31,79782.0,4.32,14,No,1,2018,0
E07014,HR,57,39061.0,3.12,4,Yes,0,2020,0
E07015,HR,29,43963.0,3.78,2,No,6,2019,0
E07016,Sales,22,72041.0,4.2,3,Yes,1,2025,0
E07017,Marketing,24,73259.0,4.77,6,Yes,5,2019,0
E07018,Marketing,31,62509.0,3.67,8,No,4,2018,0
E07019,Finance,46,57293.0,3.67,7,No,1,2018,0
E07020,Operations,22,78808.0,4.06,9,No,0,2019,0
E07021,Sales,36,88505.0,4.13,3,No,6,2018,0
E07022,Sales,34,47808.0,2.67,8,No,6,2022,1
E07023,Operations,55,63826.0,4.07,1,No,4,2025,0
E07024,HR,28,67295.0,3.48,16,Yes,3,2021,1
E07025,Marketing,44,61775.0,3.83,1,Yes,0,2024,0
E07026,Operations,46,64107.0,2.14,2,No,7,2022,0
E07027,Sales,53,84152.0,3.01,7,Yes,4,2024,0
E07028,Sales,24,70292.0,4.1,14,No,1,2020,0
E07029,Operations,57,57481.0,2.89,14,No,2,2022,0
E07030,Sales,53,78034.0,4.99,7,No,2,2025,0
E07031,IT,23,63378.0,3.18,11,Yes,0,2026,1
E07032,Sales,42,74595.0,2.89,13,No,2,2021,0
E07033,IT,34,62796.0,3.47,13,No,7,2018,0
E07034,HR,48,43352.0,3.81,7,No,2,2026,0
E07035,Sales,51,59281.0,4.07,0,Yes,3,2022,1
E07036,Finance,40,55849.0,3.39,8,No,2,2026,0
E07037,Sales,51,71223.0,2.97,13,No,3,2022,0
E07038,Marketing,43,61584.0,4.73,12,Yes,5,2021,0
E07039,Finance,33,30187.0,2.82,3,Yes,6,2018,0
E07040,Operations,52,67218.0,4.24,1,Yes,5,2021,0
E07041,HR,52,88060.0,2.81,17,No,6,2018,0
E07042,Finance,37,51640.0,3.23,3,No,6,2018,0
E07043,Operations,31,73447.0,2.74,16,No,0,2024,0
E07044,Marketing,48,72476.0,2.46,1,Yes,6,2022,0
E07045,HR,28,75832.0,3.48,16,No,3,2022,0
E07046,Sales,45,90543.0,3.35,4,No,0,2025,0
E07047,Marketing,36,87978.0,4.34,13,No,5,2024,0
E07048,Operations,21,83176.0,3.47,1,No,5,2022,0
E07049,Finance,29,55590.0,4.48,9,No,6,2021,0
E07050,Finance,44,78925.0,3.98,10,Yes,7,2023,1
E07051,HR,55,41806.0,4.13,6,Yes,7,2022,0
E07052,IT,44,61857.0,4.55,8,No,1,2025,0
E07053,IT,50,38270.0,2.87,11,No,1,2019,0
E07054,HR,60,39959.0,2.27,17,No,7,2018,0
E07055,Sales,45,76096.0,3.4,2,No,0,2022,0
E07056,Finance,28,49720.0,2.17,12,No,7,2025,0
E07057,Finance,36,48255.0,3.36,8,No,0,2026,0
E07058,IT,58,80423.0,2.45,12,No,5,2022,0
E07059,HR,30,41230.0,3.91,12,No,6,2025,0
E07060,Finance,56,52955.0,4.21,13,Yes,1,2018,0
E07061,IT,42,43684.0,4.52,5,Yes,4,2023,1
E07062,Finance,57,46660.0,3.59,0,No,1,2018,0
E07063,Sales,30,43725.0,5.0,3,Yes,7,2024,0
E07064,Operations,28,73237.0,3.01,15,No,6,2019,0
E07065,Sales,39,57184.0,3.51,11,Yes,6,2023,0
E07066,Finance,32,46395.0,3.43,1,No,2,2022,0
E07067,Marketing,31,63481.0,4.46,1,No,4,2026,0
E07068,Sales,35,54864.0,2.83,9,No,0,2021,0
E07069,Sales,52,33380.0,2.39,4,No,7,2024,0
E07070,Marketing,55,46362.0,2.88,2,No,4,2019,0
E07071,IT,34,71012.0,2.7,1,No,4,2023,1
E07072,HR,22,69468.0,3.83,17,No,5,2019,0
E07073,HR,40,71768.0,3.03,4,Yes,0,2024,0
E07074,Marketing,29,80802.0,3.45,7,No,5,2023,1
E07075,Operations,47,90399.0,2.85,17,Yes,6,2020,0
E07076,Finance,28,41192.0,2.33,0,Yes,6,2021,1
E07077,Marketing,25,46625.0,2.99,1,No,5,2019,0
E07078,Marketing,22,50042.0,5.0,11,Yes,1,2022,0
E07079,Sales,42,61836.0,2.4,7,No,1,2026,0
E07080,Sales,44,79398.0,3.53,2,No,5,2022,0
E07081,Finance,48,50601.0,3.67,10,Yes,7,2025,0
E07082,Finance,40,70029.0,3.19,12,No,5,2022,0
E07083,IT,25,75385.0,3.2,4,No,4,2019,1
E07084,Marketing,43,51088.0,3.64,4,No,1,2021,0
E07085,Marketing,30,65419.0,3.34,11,No,6,2023,0
E07086,Operations,26,74669.0,2.86,16,No,5,2019,0
E07087,Operations,43,52998.0,3.68,1,Yes,1,2026,1
E07088,IT,50,100577.0,3.39,9,No,4,2018,0
E07089,Operations,22,67103.0,2.97,2,No,4,2025,0
E07090,Sales,45,68778.0,3.67,1,Yes,7,2020,1
E07091,Marketing,25,68117.0,3.92,16,No,3,2025,0
E07092,Finance,57,67538.0,2.96,10,Yes,6,2026,0
E07093,Operations,53,71456.0,1.95,17,No,1,2019,0
E07094,Finance,36,75344.0,3.48,14,No,3,2018,0
E07095,Operations,27,64847.0,3.07,8,No,3,2022,0
E07096,Marketing,37,40219.0,3.94,15,No,1,2018,0
E07097,Marketing,43,93101.0,2.66,3,Yes,2,2019,0
E07098,Marketing,55,54290.0,3.6,10,No,1,2024,0
E07099,HR,49,78781.0,3.67,13,No,0,2019,0
E07100,IT,22,35786.0,3.19,13,No,3,2023,0
E07101,Marketing,26,87928.0,4.05,2,Yes,4,2020,0
E07102,Sales,59,92941.0,3.86,12,No,3,2026,0
E07103,Operations,28,57663.0,5.0,6,No,0,2018,0
E07104,IT,22,89018.0,3.38,10,Yes,4,2020,0
E07105,Sales,45,54027.0,3.19,1,No,6,2026,0
E07106,IT,37,80157.0,3.22,0,No,2,2019,0
E07107,IT,24,91402.0,4.48,8,Yes,5,2023,0
E07108,Marketing,33,38317.0,3.16,4,No,6,2019,0
E07109,IT,50,79249.0,2.97,5,No,2,2025,0
E07110,IT,60,71691.0,2.3,11,No,3,2018,0
E07111,Operations,47,48994.0,4.5,3,No,6,2025,0
E07112,Sales,37,80326.0,3.02,12,No,4,2024,0
E07113,Operations,31,60700.0,4.04,12,No,1,2025,0
E07114,Marketing,53,42437.0,3.92,1,No,4,2025,0
E07115,IT,21,116049.0,2.48,12,Yes,0,2019,0
E07116,Marketing,57,91808.0,3.65,14,Yes,3,2022,0
E07117,IT,33,45419.0,3.66,14,No,4,2018,0
E07118,IT,22,59780.0,2.47,0,No,6,2020,0
E07119,IT,36,73306.0,2.61,12,No,5,2024,0
E07120,Finance,34,48506.0,2.59,12,No,6,2018,0
E07121,IT,38,67209.0,2.69,12,No,0,2021,0
E07122,Sales,29,55497.0,1.7,15,Yes,5,2025,1
E07123,Finance,26,67103.0,3.6,12,Yes,1,2021,0
E07124,Operations,52,75635.0,3.75,5,No,6,2021,0
E07125,IT,59,64630.0,3.7,5,No,0,2020,0
E07126,Finance,37,67269.0,4.07,14,No,0,2023,0
E07127,Marketing,43,62485.0,3.62,7,No,0,2022,0
E07128,Sales,40,49953.0,3.2,5,Yes,6,2024,0
E07129,Marketing,49,45782.0,1.52,5,No,5,2019,0
E07130,HR,55,54574.0,5.0,1,No,0,2019,0
E07131,Sales,60,56162.0,3.09,13,No,6,2024,0
E07132,Finance,48,67608.0,2.23,14,No,2,2025,0
E07133,Operations,55,71631.0,3.61,8,Yes,3,2021,0
E07134,Finance,45,80300.0,3.02,11,No,2,2019,0
E07135,IT,29,87179.0,3.86,4,No,1,2020,0
E07136,Operations,57,56977.0,3.66,8,No,7,2022,0
E07137,Marketing,50,51793.0,4.26,8,No,4,2020,0
E07138,Marketing,23,55912.0,3.09,16,No,7,2022,0
E07139,Sales,53,76849.0,3.29,1,No,6,2022,0
E07140,Marketing,30,79999.0,2.97,8,No,3,2022,0
E07141,Finance,31,63647.0,3.37,7,No,2,2024,0
E07142,Sales,53,74142.0,5.0,16,No,0,2020,0
E07143,IT,36,57061.0,3.63,12,Yes,2,2023,0
E07144,Finance,28,98547.0,3.04,12,No,2,2023,0
E07145,IT,31,77297.0,2.45,15,Yes,7,2021,0
E07146,Sales,27,84769.0,2.71,7,Yes,7,2024,0
E07147,Operations,21,50143.0,3.21,9,No,6,2026,0
E07148,IT,21,96819.0,2.8,2,No,4,2019,0
E07149,Operations,42,56360.0,2.91,6,No,0,2022,0
E07150,Marketing,57,94937.0,3.32,14,Yes,0,2020,0
E07151,Sales,56,64025.0,2.7,15,Yes,0,2020,0
E07152,Operations,41,64670.0,2.99,3,Yes,4,2024,0
E07153,Marketing,58,44124.0,4.36,0,No,2,2019,0
E07154,Operations,35,60400.0,3.69,13,No,4,2020,0
E07155,Sales,22,61998.0,3.64,9,No,3,2022,0
E07156,Sales,35,48277.0,2.33,1,No,0,2021,0
E07157,Finance,41,74657.0,3.65,3,Yes,3,2023,0
E07158,Marketing,47,70522.0,3.32,2,Yes,0,2019,1
E07159,HR,21,50738.0,3.66,0,No,1,2024,0
E07160,Sales,25,57651.0,2.95,1,Yes,4,2020,0
E07161,Sales,55,70729.0,3.88,9,No,7,2018,0
E07162,Operations,32,58414.0,4.55,14,No,3,2020,0
E07163,IT,40,63882.0,2.82,17,Yes,0,2020,0
E07164,Operations,34,38463.0,3.8,13,Yes,2,2020,0
E07165,Finance,36,69148.0,2.81,3,No,5,2018,0
E07166,Operations,55,50462.0,3.41,6,No,4,2026,0
E07167,IT,59,58358.0,2.24,5,No,7,2024,0
E07168,Operations,53,61831.0,2.99,14,No,5,2022,0
E07169,IT,54,77053.0,3.83,2,No,2,2026,0
E07170,Finance,41,62190.0,4.1,9,No,4,2023,0
E07171,Sales,21,114404.0,4.55,7,No,5,2026,0
E07172,IT,25,59908.0,3.14,3,Yes,3,2026,0
E07173,Marketing,56,36872.0,3.62,11,Yes,7,2020,0
E07174,Sales,40,81501.0,2.53,17,Yes,0,2022,0
E07175,Operations,35,65014.0,3.7,17,Yes,6,2026,0
E07176,Sales,57,42353.0,3.4,2,No,2,2024,0
E07177,Operations,39,69502.0,3.78,0,Yes,7,2026,0
E07178,Marketing,41,57812.0,2.12,2,No,3,2025,0
E07179,Finance,51,45955.0,2.69,0,No,0,2020,1
E07180,Operations,44,56306.0,3.04,9,No,1,2019,0
E07181,IT,55,70807.0,3.45,5,No,5,2020,0
E07182,Operations,50,42120.0,3.53,10,Yes,1,2025,0
E07183,Sales,23,80338.0,1.78,12,No,7,2022,0
E07184,IT,21,73774.0,4.51,2,Yes,3,2022,0
E07185,Sales,24,28000.0,2.4,3,No,2,2025,0
E07186,Finance,60,68976.0,3.17,14,Yes,5,2022,0
E07187,HR,54,58650.0,3.72,8,Yes,5,2026,0
E07188,Marketing,52,70946.0,3.39,8,No,1,2023,0
E07189,Operations,38,72154.0,3.96,3,No,3,2026,0
E07190,Marketing,38,69333.0,4.72,16,Yes,4,2025,0
E07191,Sales,58,53992.0,3.0,7,No,4,2025,0
E07192,IT,26,38902.0,2.79,14,No,5,2024,0
E07193,Sales,43,90990.0,4.06,16,No,3,2023,0
E07194,Finance,48,46734.0,3.14,11,Yes,6,2021,0
E07195,Marketing,23,72710.0,3.39,4,No,1,2026,0
E07196,Operations,38,64458.0,3.56,8,Yes,5,2018,0
E07197,Sales,41,50612.0,3.03,7,No,4,2024,0
E07198,Operations,40,79012.0,2.79,3,No,7,2024,0
E07199,Sales,36,66010.0,3.28,10,No,7,2026,0
E07200,Operations,41,46696.0,3.08,17,No,1,2023,0
E07201,Operations,29,94176.0,3.16,1,No,7,2022,0
E07202,Sales,50,91696.0,4.13,15,No,0,2019,0
E07203,Sales,29,80177.0,3.09,17,Yes,1,2023,0
E07204,Sales,24,85302.0,2.41,6,No,6,2019,0
E07205,Operations,41,89624.0,3.25,4,No,0,2020,0
E07206,IT,60,28000.0,2.86,15,No,5,2024,0
E07207,Operations,31,76025.0,4.06,4,No,4,2024,0
E07208,HR,28,97842.0,4.4,4,Yes,1,2020,0
E07209,IT,25,88062.0,3.25,7,No,6,2020,1
E07210,Finance,29,64588.0,3.22,3,No,4,2025,0
E07211,IT,44,76697.0,3.55,17,No,5,2020,0
E07212,Operations,49,86607.0,3.53,2,No,5,2019,0
E07213,Marketing,43,82254.0,3.16,1,Yes,5,2024,1
E07214,HR,52,88622.0,3.42,0,No,0,2026,0
E07215,Finance,48,29602.0,3.14,12,No,6,2023,0
E07216,Sales,47,77512.0,2.88,8,No,1,2023,0
E07217,Finance,49,85441.0,3.78,0,No,5,2025,0
E07218,Marketing,59,73541.0,3.34,15,Yes,2,2021,0
E07219,Operations,49,65181.0,3.49,0,Yes,7,2023,0
E07220,Operations,37,64144.0,2.86,6,No,5,2023,1
E07221,Sales,44,59305.0,2.19,4,Yes,6,2024,0
E07222,Finance,33,53712.0,3.0,8,No,1,2022,0
E07223,IT,44,40476.0,2.39,6,Yes,1,2024,0
E07224,Sales,45,52106.0,2.85,14,No,7,2021,0
E07225,Operations,43,74552.0,3.84,7,No,5,2020,0
E07226,Sales,52,80263.0,3.71,11,No,4,2019,0
E07227,Sales,51,47235.0,4.15,11,No,3,2025,0
E07228,Sales,33,75972.0,2.92,9,Yes,6,2020,0
E07229,IT,56,81355.0,3.6,3,Yes,1,2018,1
E07230,Marketing,55,78298.0,4.59,16,No,6,2018,0
E07231,Sales,33,41158.0,3.52,12,No,3,2019,0
E07232,HR,25,51436.0,3.72,14,No,0,2026,0
E07233,IT,46,77351.0,3.5,16,No,7,2024,0
E07234,Sales,34,87280.0,2.75,10,Yes,2,2024,0
E07235,Operations,49,67256.0,3.64,8,No,5,2026,0
E07236,Sales,49,74945.0,1.8,2,No,4,2026,0
E07237,Sales,25,42213.0,3.26,1,No,7,2022,0
E07238,HR,37,40159.0,3.74,15,No,5,2025,1
E07239,Operations,32,56020.0,3.26,9,No,0,2018,0
E07240,Sales,36,46528.0,3.58,12,No,6,2019,0
E07241,Operations,42,87437.0,3.25,7,Yes,4,2021,1
E07242,IT,46,54939.0,4.04,1,No,5,2018,0
E07243,Finance,58,74097.0,3.19,17,No,5,2026,0
E07244,Sales,31,72283.0,1.41,2,Yes,6,2022,1
E07245,IT,55,72776.0,2.82,5,No,2,2024,0
E07246,Marketing,57,47951.0,3.35,8,No,7,2023,0
E07247,Operations,33,34673.0,3.83,1,No,1,2018,0
E07248,Finance,60,50153.0,2.13,4,Yes,1,2026,0
E07249,Sales,53,63129.0,3.3,9,Yes,4,2021,0
E07250,Operations,38,33370.0,2.94,13,No,5,2021,0
E07251,IT,41,33089.0,3.15,5,Yes,1,2020,0
E07252,HR,38,74380.0,3.06,5,No,3,2020,0
E07253,Finance,55,70990.0,3.01,7,No,5,2024,0
E07254,Marketing,53,65135.0,3.72,7,No,3,2020,0
E07255,Operations,47,60169.0,3.94,2,No,5,2021,0
E07256,IT,47,28000.0,2.82,4,No,3,2025,0
E07257,HR,44,64860.0,4.16,15,No,4,2018,0
E07258,Sales,37,57875.0,2.72,0,Yes,3,2018,0
E07259,HR,54,63687.0,2.92,10,Yes,7,2023,0
E07260,Marketing,54,28000.0,2.22,14,No,5,2019,0
E07261,Operations,38,87936.0,3.57,4,Yes,0,2020,0
E07262,Operations,24,79594.0,2.95,8,Yes,7,2021,0
E07263,Finance,54,64014.0,3.94,16,No,6,2021,0
E07264,Finance,37,58235.0,2.63,5,No,5,2022,0
E07265,Sales,48,42737.0,3.92,6,No,4,2022,0
E07266,Finance,55,65270.0,1.99,14,Yes,4,2025,0
E07267,Marketing,33,98024.0,3.33,5,No,1,2024,1
E07268,Sales,37,107503.0,4.48,11,No,2,2019,0
E07269,IT,58,59065.0,4.37,0,No,1,2019,0
E07270,Sales,44,57762.0,4.29,15,Yes,3,2023,0
E07271,Sales,56,84768.0,3.25,11,No,1,2025,0
E07272,Marketing,22,51000.0,2.97,0,Yes,3,2020,1
E07273,Operations,47,54902.0,2.91,14,Yes,4,2020,0
E07274,Finance,53,47277.0,3.55,1,No,3,2025,1
E07275,Operations,56,49920.0,4.98,4,No,0,2022,0
E07276,HR,22,111125.0,4.28,1,No,3,2022,0
E07277,Finance,26,67244.0,3.29,8,No,3,2026,0
E07278,Finance,40,66700.0,3.3,11,No,4,2023,0
E07279,Sales,52,95836.0,2.53,3,Yes,5,2021,0
E07280,IT,47,87464.0,2.48,9,No,0,2020,0
E07281,IT,27,59859.0,3.88,17,Yes,4,2019,0
E07282,Sales,26,40130.0,3.21,2,Yes,5,2021,0
E07283,Operations,44,66638.0,3.84,1,No,4,2025,0
E07284,Operations,55,80303.0,3.49,7,No,6,2026,0
E07285,Marketing,45,80547.0,3.2,14,No,6,2024,0
E07286,Finance,39,71222.0,3.38,10,Yes,2,2018,0
E07287,Operations,59,67683.0,4.28,11,Yes,4,2021,0
E07288,Operations,43,66276.0,3.98,5,No,0,2026,0
E07289,IT,53,80862.0,3.68,5,No,2,2021,0
E07290,Operations,32,52064.0,3.88,8,No,7,2026,0
E07291,Sales,54,65791.0,4.32,10,No,0,2024,0
E07292,Sales,24,35928.0,4.03,8,Yes,0,2019,0
E07293,IT,55,85432.0,5.0,3,Yes,4,2020,1
E07294,Operations,31,54916.0,1.86,5,No,4,2021,0
E07295,IT,60,54635.0,3.48,3,Yes,2,2022,1
E07296,Marketing,32,48599.0,3.5,17,No,1,2021,0
E07297,IT,54,42931.0,3.16,1,No,4,2021,0
E07298,Operations,38,55967.0,2.89,13,No,4,2025,0
E07299,HR,49,82844.0,3.02,1,Yes,0,2019,0
E07300,Marketing,33,61087.0,3.57,6,No,3,2019,0
E07301,IT,41,81109.0,4.19,17,No,3,2024,1
E07302,Sales,30,63855.0,4.16,6,No,5,2022,0
E07303,Marketing,29,95378.0,3.1,0,Yes,2,2025,0
E07304,Marketing,23,68267.0,3.29,14,No,0,2020,0
E07305,Operations,28,54141.0,4.4,0,No,1,2020,0
E07306,IT,42,60719.0,2.94,7,No,3,2019,0
E07307,Sales,39,41154.0,1.54,9,No,2,2025,0
E07308,Sales,40,85356.0,1.67,7,Yes,1,2023,0
E07309,Sales,28,59645.0,3.62,4,Yes,0,2021,0
E07310,Finance,26,75811.0,3.28,0,Yes,3,2019,0
E07311,Operations,21,88145.0,4.48,15,No,5,2018,0
E07312,Sales,33,45833.0,2.31,17,No,0,2025,0
E07313,Sales,54,55195.0,3.19,8,No,1,2023,0
E07314,Operations,45,57709.0,4.02,2,No,1,2018,0
E07315,Operations,25,82355.0,4.15,14,Yes,1,2021,0
E07316,IT,26,72370.0,3.96,11,No,3,2020,0
E07317,IT,35,97065.0,3.83,15,Yes,3,2025,0
E07318,Sales,44,56278.0,4.11,8,No,3,2023,0
E07319,Finance,38,43169.0,3.19,15,Yes,6,2023,0
E07320,HR,57,66927.0,4.19,2,No,1,2018,0
E07321,Operations,51,28000.0,3.59,4,No,6,2019,1
E07322,Operations,24,47210.0,3.06,16,No,1,2025,0
E07323,IT,23,79352.0,3.51,10,No,3,2018,0
E07324,IT,39,80644.0,3.53,3,Yes,4,2021,0
E07325,Finance,25,47335.0,2.85,13,Yes,2,2018,0
E07326,IT,42,86159.0,2.33,9,No,3,2023,0
E07327,IT,35,55238.0,3.2,6,No,1,2018,0
E07328,IT,45,59479.0,2.0,7,No,4,2024,0
E07329,Operations,30,69255.0,3.28,8,No,5,2021,0
E07330,Operations,29,44653.0,3.61,6,No,4,2019,0
E07331,Marketing,50,81204.0,3.57,11,No,1,2020,0
E07332,Operations,29,69474.0,4.35,10,No,0,2023,0
E07333,Sales,42,71593.0,2.93,11,No,1,2021,0
E07334,Sales,49,45612.0,2.71,12,No,2,2020,0
E07335,Finance,26,118058.0,4.25,0,No,3,2022,0
E07336,Sales,31,83011.0,4.28,7,No,7,2022,0
E07337,Operations,30,73792.0,3.63,0,Yes,6,2023,1
E07338,IT,23,70578.0,4.5,17,No,2,2026,0
E07339,Operations,28,83765.0,1.47,6,No,7,2024,0
E07340,Marketing,27,49813.0,2.81,0,No,4,2018,0
E07341,Sales,55,77269.0,4.46,16,No,1,2020,0
E07342,Operations,36,41788.0,3.99,1,Yes,5,2026,0
E07343,IT,37,65333.0,4.37,8,No,0,2023,0
E07344,Operations,58,116371.0,3.55,8,Yes,7,2026,0
E07345,Operations,23,52945.0,3.37,14,Yes,0,2019,0
E07346,Operations,48,68784.0,3.91,7,No,4,2022,0
E07347,Operations,46,78009.0,3.33,6,No,4,2019,1
E07348,Finance,40,107166.0,2.7,7,No,2,2018,0
E07349,HR,55,68212.0,2.95,6,No,4,2026,0
E07350,Marketing,21,68610.0,3.06,10,No,3,2020,0
E07351,Operations,52,92375.0,2.79,14,Yes,0,2019,1
E07352,Operations,30,99458.0,3.23,14,No,5,2021,0
E07353,Operations,30,71255.0,3.42,0,Yes,1,2018,1
E07354,Operations,36,69804.0,3.28,12,No,6,2021,0
E07355,Operations,42,56006.0,4.17,3,No,2,2023,0
E07356,IT,23,72897.0,3.01,16,No,7,2026,0
E07357,Operations,59,52929.0,3.86,4,Yes,3,2018,0
E07358,Operations,32,49748.0,4.08,17,No,0,2025,0
E07359,Operations,60,64381.0,2.78,15,Yes,6,2024,0
E07360,Operations,30,42488.0,3.68,1,No,7,2023,0
E07361,IT,40,92976.0,2.75,3,No,4,2024,0
E07362,Operations,57,66261.0,3.11,10,No,0,2023,0
E07363,HR,39,38601.0,4.32,2,No,1,2018,0
E07364,HR,30,84925.0,3.71,5,No,4,2018,0
E07365,Operations,53,66670.0,3.55,4,Yes,3,2025,0
E07366,Finance,54,76921.0,2.73,4,No,4,2024,0
E07367,IT,35,51013.0,3.42,0,No,1,2022,1
E07368,Operations,26,48991.0,4.01,10,Yes,2,2022,0
E07369,Operations,24,82466.0,3.56,8,No,0,2019,0
E07370,Marketing,41,76581.0,3.18,7,No,5,2025,0
E07371,Sales,47,32660.0,3.66,1,No,4,2020,0
E07372,Operations,29,75750.0,2.37,16,No,4,2020,0
E07373,Operations,36,77297.0,3.7,11,No,0,2022,0
E07374,Sales,43,64035.0,2.93,9,No,7,2023,0
E07375,Sales,28,68857.0,3.6,4,No,6,2020,0
E07376,Sales,29,49689.0,3.59,2,No,2,2025,0
E07377,Marketing,40,82122.0,2.82,5,No,7,2019,0
E07378,Operations,48,42750.0,4.65,17,Yes,0,2023,0
E07379,Sales,51,47439.0,3.88,3,No,7,2026,0
E07380,Finance,36,60504.0,2.92,9,Yes,2,2021,0
E07381,Finance,25,65169.0,3.04,9,No,3,2022,0
E07382,Operations,35,42501.0,2.8,14,No,1,2018,0
E07383,HR,43,67198.0,3.85,7,No,4,2024,0
E07384,IT,56,73232.0,3.61,7,Yes,1,2018,0
E07385,Finance,45,60021.0,3.66,8,No,3,2019,0
E07386,Operations,36,69458.0,4.52,10,No,2,2022,0
E07387,Operations,56,69697.0,2.72,10,Yes,3,2026,0
E07388,Operations,41,71138.0,3.37,15,No,1,2022,0
E07389,Sales,51,69266.0,4.0,5,No,6,2023,0
E07390,Sales,29,89894.0,2.39,9,No,3,2019,0
E07391,Finance,58,68777.0,3.8,13,No,1,2021,0
E07392,Finance,60,67298.0,3.4,12,Yes,6,2019,1
E07393,IT,22,62639.0,3.4,14,No,6,2023,0
E07394,Sales,35,48735.0,3.46,15,No,5,2022,0
E07395,Sales,47,63071.0,2.48,14,No,3,2018,0
E07396,IT,39,42141.0,3.83,13,No,4,2026,0
E07397,Sales,30,63664.0,2.04,3,No,3,2024,0
E07398,Sales,51,69214.0,3.24,17,No,0,2023,0
E07399,Sales,53,89190.0,2.85,4,No,5,2020,0
E07400,Marketing,40,28017.0,3.52,5,No,5,2019,0
E07401,Marketing,30,69673.0,3.97,17,No,7,2023,0
E07402,Marketing,36,77766.0,2.35,12,No,5,2026,0
E07403,IT,45,56363.0,3.74,13,Yes,1,2018,0
E07404,Sales,23,75661.0,3.82,1,Yes,3,2021,1
E07405,Sales,37,49399.0,2.56,14,Yes,2,2020,0
E07406,IT,22,43671.0,3.11,9,Yes,5,2026,0
E07407,IT,38,90048.0,2.95,15,Yes,1,2019,1
E07408,Operations,60,32611.0,4.0,8,No,1,2022,0
E07409,Marketing,52,96927.0,3.56,10,No,5,2024,0
E07410,IT,57,88392.0,2.8,2,Yes,3,2022,0
E07411,HR,40,75621.0,3.78,6,No,4,2024,0
E07412,IT,34,67528.0,3.33,13,No,1,2024,0
E07413,Sales,53,53787.0,4.22,11,Yes,3,2019,0
E07414,Finance,23,52853.0,4.46,12,No,4,2021,0
E07415,Operations,35,77070.0,2.84,3,No,0,2018,0
E07416,Operations,56,81277.0,3.59,10,No,3,2022,0
E07417,IT,35,74427.0,4.15,6,No,0,2026,0
E07418,Sales,24,57969.0,3.25,11,No,7,2025,0
E07419,Marketing,30,64727.0,4.05,2,No,5,2022,0
E07420,Operations,25,72114.0,2.0,12,No,6,2025,1
E07421,Sales,36,86579.0,3.39,17,Yes,6,2018,0
E07422,Sales,47,103246.0,3.36,11,No,4,2026,0
E07423,Marketing,30,60209.0,4.36,16,No,4,2024,0
E07424,HR,50,93629.0,2.17,4,Yes,0,2026,0
E07425,Operations,23,44757.0,3.92,5,No,5,2019,0
E07426,IT,49,80352.0,4.08,6,No,0,2020,0
E07427,Sales,41,60415.0,4.86,2,No,0,2018,0
E07428,IT,45,68714.0,3.94,17,Yes,6,2018,0
E07429,IT,30,105716.0,3.1,16,No,2,2020,1
E07430,IT,55,69025.0,3.69,2,No,6,2018,0
E07431,Marketing,21,50908.0,3.28,0,No,6,2022,0
E07432,Operations,48,66593.0,4.31,16,No,7,2021,0
E07433,Marketing,55,78129.0,2.53,6,Yes,6,2026,0
E07434,Operations,43,50904.0,3.22,15,No,4,2019,0
E07435,Sales,51,75827.0,3.01,8,No,7,2018,0
E07436,Operations,57,66398.0,3.16,11,No,0,2018,0
E07437,IT,39,80155.0,3.27,11,Yes,3,2026,0
E07438,IT,41,74826.0,3.86,8,No,4,2026,0
E07439,Finance,49,50319.0,4.41,0,No,4,2026,0
E07440,Marketing,55,58444.0,3.05,1,No,5,2025,0
E07441,Marketing,52,46137.0,2.62,10,No,5,2026,0
E07442,Finance,37,66940.0,2.9,7,No,3,2026,0
E07443,Sales,36,84339.0,4.26,16,No,6,2021,0
E07444,Operations,40,49255.0,3.44,10,Yes,6,2022,0
E07445,Sales,54,64445.0,3.09,17,No,0,2025,0
E07446,IT,27,73734.0,2.84,13,No,5,2020,0
E07447,IT,54,54278.0,3.6,7,Yes,6,2021,0
E07448,Marketing,35,42282.0,3.26,4,No,5,2018,1
E07449,Marketing,52,43079.0,2.01,1,No,7,2018,0
E07450,Sales,39,69588.0,3.68,7,No,4,2025,0
E07451,Operations,58,71520.0,3.64,3,Yes,5,2020,0
E07452,Marketing,28,50609.0,2.82,11,Yes,0,2021,0
E07453,Finance,21,102010.0,2.42,2,No,7,2018,0
E07454,IT,53,59293.0,3.74,16,No,0,2023,0
E07455,Sales,36,57243.0,3.12,11,No,0,2023,0
E07456,Finance,42,80921.0,2.92,8,No,3,2020,0
E07457,Operations,56,93399.0,3.26,6,No,7,2023,0
E07458,Finance,43,73614.0,2.44,14,Yes,5,2022,0
E07459,Operations,56,53077.0,4.28,11,No,0,2024,0
E07460,IT,25,90228.0,3.25,8,No,4,2019,0
E07461,IT,59,68392.0,2.9,5,No,2,2026,0
E07462,Sales,54,50089.0,3.31,14,No,2,2021,0
E07463,Sales,56,48846.0,2.89,0,No,4,2022,0
E07464,Sales,34,103353.0,2.78,16,Yes,6,2023,0
E07465,IT,47,91304.0,4.6,8,No,1,2019,1
E07466,IT,44,68096.0,3.06,12,No,0,2026,0
E07467,Marketing,29,50730.0,2.88,1,No,3,2020,0
E07468,Operations,50,57826.0,3.68,10,No,2,2025,0
E07469,Operations,28,47922.0,2.99,2,Yes,2,2026,0
E07470,Operations,48,50212.0,3.54,17,Yes,5,2024,0
E07471,Sales,30,64748.0,2.09,4,No,5,2020,0
E07472,IT,46,70998.0,3.28,16,No,0,2026,0
E07473,HR,44,45228.0,3.87,13,Yes,0,2026,1
E07474,Sales,29,93973.0,1.72,5,No,7,2019,0
E07475,HR,57,76127.0,3.13,2,No,0,2023,0
E07476,Marketing,27,60695.0,3.91,4,No,2,2026,0
E07477,Operations,21,67076.0,3.87,0,No,6,2019,0
E07478,Sales,52,94722.0,3.9,13,No,7,2018,0
E07479,Finance,52,52209.0,3.08,13,No,4,2024,1
E07480,Marketing,37,75466.0,2.82,3,No,2,2019,0
E07481,Operations,37,46539.0,3.35,9,No,0,2018,0
E07482,Marketing,35,74027.0,3.58,16,Yes,0,2019,0
E07483,Marketing,50,50200.0,2.56,12,Yes,3,2018,0
E07484,Operations,54,68004.0,2.99,9,No,0,2026,0
E07485,Sales,55,51303.0,3.12,9,No,2,2023,0
E07486,Sales,29,94203.0,4.12,13,Yes,3,2019,0
E07487,Sales,46,66172.0,4.34,16,No,1,2021,0
E07488,Marketing,58,65016.0,3.15,11,Yes,2,2022,0
E07489,Marketing,55,65385.0,3.52,1,Yes,0,2022,0
E07490,Operations,45,61790.0,3.1,3,Yes,3,2021,0
E07491,HR,41,119814.0,2.85,9,No,6,2019,0
E07492,IT,28,71647.0,3.55,16,No,1,2021,0
E07493,HR,23,62457.0,4.31,5,Yes,1,2026,0
E07494,Marketing,37,53157.0,2.56,14,No,3,2019,1
E07495,Sales,45,66231.0,3.53,10,No,4,2018,0
E07496,IT,59,94298.0,3.99,6,No,1,2024,0
E07497,IT,21,30811.0,4.5,14,Yes,6,2020,0
E07498,HR,34,76654.0,4.68,9,No,5,2021,1
E07499,Operations,53,82399.0,2.47,14,Yes,0,2021,0
E07500,Finance,39,37338.0,4.16,0,No,1,2025,1
E07501,Finance,45,46548.0,3.84,7,No,2,2024,0
E07502,Sales,41,61523.0,2.25,13,No,3,2020,0
E07503,IT,38,42641.0,3.03,6,No,1,2020,0
E07504,Sales,45,73300.0,4.5,6,No,7,2022,0
E07505,Sales,31,32713.0,2.67,13,No,4,2024,0
E07506,IT,33,71411.0,2.88,12,No,0,2019,0
E07507,IT,42,67203.0,4.02,2,No,2,2020,0
E07508,Sales,56,64513.0,2.54,5,No,2,2018,0
E07509,Finance,49,72812.0,3.65,15,Yes,3,2023,0
E07510,Sales,41,56754.0,3.96,11,No,4,2021,0
E07511,Finance,57,61632.0,4.41,11,Yes,4,2022,0
E07512,IT,31,49126.0,3.78,7,No,2,2022,0
E07513,Marketing,50,67524.0,4.42,4,No,3,2025,0
E07514,Operations,49,33082.0,3.29,2,Yes,7,2024,0
E07515,Operations,44,84017.0,2.51,4,No,7,2023,0
E07516,Finance,42,49714.0,4.35,8,Yes,3,2021,0
E07517,Sales,43,47814.0,3.67,4,No,2,2024,0
E07518,Finance,42,43107.0,3.69,13,Yes,5,2022,0
E07519,Sales,30,99965.0,3.86,6,No,3,2019,0
E07520,HR,22,61703.0,3.65,16,No,4,2022,0
E07521,Marketing,30,70505.0,3.71,17,No,5,2025,0
E07522,IT,50,65617.0,3.04,15,No,7,2023,0
E07523,IT,33,53384.0,1.97,12,No,0,2018,0
E07524,Sales,28,78621.0,2.76,4,No,2,2020,0
E07525,IT,42,52141.0,2.73,15,Yes,2,2022,1
E07526,IT,41,61227.0,3.8,1,Yes,1,2024,0
E07527,Operations,24,57933.0,3.19,2,No,5,2021,1
E07528,Sales,43,69601.0,3.0,8,No,4,2026,0
E07529,Sales,50,66665.0,2.77,11,No,3,2026,0
E07530,Sales,60,61886.0,3.91,3,No,3,2024,0
E07531,HR,57,70694.0,3.66,2,No,7,2018,0
E07532,IT,47,79841.0,3.67,11,No,5,2024,0
E07533,Finance,33,28800.0,3.35,2,No,6,2021,0
E07534,Sales,53,79290.0,2.63,0,No,2,2018,0
E07535,Finance,45,76621.0,3.97,17,Yes,7,2022,0
E07536,Operations,38,50327.0,3.46,12,No,1,2023,0
E07537,Operations,23,81336.0,3.22,11,No,4,2021,0
E07538,Sales,24,85645.0,3.29,9,No,5,2026,0
E07539,Operations,58,63426.0,3.01,11,No,4,2018,0
E07540,IT,59,72733.0,3.55,16,No,7,2025,0
E07541,Operations,56,64364.0,3.01,6,No,4,2018,0
E07542,Finance,54,81235.0,3.31,0,No,1,2020,1
E07543,HR,60,73087.0,4.04,1,No,6,2021,1
E07544,Operations,42,65254.0,3.11,16,No,5,2024,0
E07545,IT,39,55484.0,3.99,17,Yes,1,2018,0
E07546,Marketing,59,67491.0,3.02,13,No,4,2025,0
E07547,IT,44,87111.0,2.82,12,No,4,2021,0
E07548,Sales,29,68018.0,3.67,15,Yes,0,2019,0
E07549,Operations,53,63211.0,3.13,11,Yes,2,2025,0
E07550,Marketing,59,28525.0,3.96,11,No,7,2019,0
E07551,Operations,46,68483.0,3.05,6,No,6,2025,0
E07552,HR,24,52794.0,3.21,12,Yes,1,2019,0
E07553,Marketing,44,64756.0,4.5,6,Yes,7,2024,0
E07554,Operations,27,43552.0,4.07,15,No,6,2023,0
E07555,Finance,39,42155.0,3.06,16,No,0,2022,0
E07556,Finance,22,78963.0,3.8,3,Yes,0,2018,0
E07557,Finance,49,82195.0,3.71,11,No,7,2018,0
E07558,HR,42,75413.0,3.5,4,Yes,2,2021,1
E07559,HR,40,74906.0,2.35,6,Yes,3,2018,0
E07560,Marketing,35,59702.0,3.68,6,No,4,2018,0
E07561,Sales,41,86329.0,3.83,9,No,2,2020,0
E07562,Marketing,22,36731.0,3.24,1,No,7,2020,0
E07563,IT,41,82008.0,3.35,4,No,6,2018,0
E07564,Marketing,58,68126.0,4.56,12,No,7,2026,0
E07565,Sales,60,95965.0,4.54,5,No,1,2021,0
E07566,Sales,33,70016.0,3.78,15,No,4,2018,0
E07567,IT,47,45081.0,3.07,0,Yes,6,2022,1
E07568,Marketing,32,61211.0,3.9,10,Yes,3,2018,1
E07569,IT,37,98023.0,1.85,0,No,0,2024,0
E07570,Operations,30,90427.0,3.0,13,No,4,2025,0
E07571,IT,41,34524.0,1.85,5,No,2,2019,0
E07572,Operations,41,63944.0,3.26,5,No,5,2019,0
E07573,Operations,39,57364.0,3.2,6,No,5,2018,0
E07574,Sales,22,75171.0,3.72,12,No,3,2025,0
E07575,Marketing,54,47989.0,3.19,8,No,2,2020,0
E07576,IT,35,74160.0,3.09,16,No,7,2020,0
E07577,Finance,36,69097.0,2.74,6,No,0,2026,0
E07578,Sales,39,41570.0,3.49,6,No,1,2020,0
E07579,IT,31,80298.0,3.75,3,No,7,2023,0
E07580,Sales,28,67181.0,3.61,5,Yes,6,2022,0
E07581,Operations,44,54691.0,3.23,0,No,5,2022,0
E07582,Operations,23,50607.0,4.22,11,No,4,2026,0
E07583,Sales,31,67787.0,3.39,17,Yes,0,2025,0
E07584,HR,47,50004.0,4.07,6,No,7,2018,0
E07585,Sales,25,60349.0,3.78,4,Yes,3,2023,0
E07586,Marketing,33,35397.0,1.89,15,No,2,2024,0
E07587,Sales,26,61484.0,2.35,14,No,3,2026,1
E07588,Sales,22,84264.0,3.28,8,No,6,2019,0
E07589,IT,40,81954.0,3.45,15,No,7,2022,0
E07590,Marketing,34,82079.0,3.48,14,No,6,2020,0
E07591,Sales,21,51107.0,4.07,2,No,1,2019,0
E07592,Marketing,23,60664.0,2.62,16,No,5,2022,0
E07593,Sales,59,43581.0,3.23,0,No,5,2023,0
E07594,Operations,33,68907.0,3.08,4,Yes,7,2021,1
E07595,Marketing,35,51730.0,3.08,12,Yes,1,2024,0
E07596,IT,58,59405.0,3.09,3,No,1,2022,0
E07597,Sales,50,69002.0,4.24,12,Yes,6,2021,0
E07598,Sales,50,58293.0,2.54,0,No,1,2024,0
E07599,HR,52,75220.0,4.1,11,Yes,6,2022,0
E07600,Marketing,56,67290.0,3.2,3,No,7,2025,0
E07601,Sales,22,81845.0,3.84,3,Yes,6,2025,0
E07602,Sales,44,56959.0,2.59,3,No,1,2019,0
E07603,IT,24,58144.0,4.09,2,No,7,2021,0
E07604,Operations,36,90281.0,3.39,6,No,6,2025,0
E07605,Sales,56,46783.0,3.83,15,Yes,3,2026,0
E07606,Sales,48,70622.0,4.24,10,Yes,5,2022,0
E07607,Sales,22,58603.0,2.94,3,Yes,6,2021,0
E07608,IT,46,35362.0,3.96,13,Yes,3,2023,0
E07609,Operations,33,47129.0,2.53,1,No,6,2019,0
E07610,Operations,53,76717.0,3.39,14,No,4,2021,0
E07611,IT,25,66880.0,3.63,3,No,6,2026,0
E07612,IT,58,73126.0,3.28,0,No,6,2019,0
E07613,Marketing,53,82934.0,3.17,9,No,7,2025,0
E07614,Operations,60,81219.0,4.02,13,Yes,2,2026,0
E07615,Finance,39,72291.0,4.62,1,No,7,2019,1
E07616,Sales,45,37970.0,1.0,6,No,3,2018,0
E07617,IT,37,67401.0,4.06,14,No,3,2019,0
E07618,Marketing,33,76307.0,2.85,14,No,5,2026,0
E07619,Operations,32,72431.0,3.02,1,No,5,2024,0
E07620,Sales,32,57594.0,4.68,9,No,7,2025,0
E07621,Operations,42,78487.0,3.22,3,Yes,3,2023,0
E07622,HR,24,55348.0,4.38,9,No,5,2026,0
E07623,IT,54,64484.0,2.92,12,No,3,2019,0
E07624,IT,26,62589.0,2.35,16,No,2,2025,0
E07625,Operations,38,37037.0,3.93,3,Yes,1,2020,0
E07626,Marketing,47,68254.0,3.83,15,Yes,1,2021,1
E07627,Operations,32,89644.0,3.72,10,Yes,7,2025,0
E07628,Operations,60,28987.0,3.02,12,No,0,2025,0
E07629,Operations,49,63810.0,3.23,14,No,4,2018,0
E07630,IT,46,58469.0,3.09,12,Yes,5,2024,0
E07631,Operations,37,69428.0,3.62,12,No,3,2021,0
E07632,Sales,31,54281.0,4.45,16,Yes,5,2024,0
E07633,Finance,44,67888.0,3.07,1,No,5,2025,0
E07634,IT,22,44013.0,4.27,1,Yes,3,2018,0
E07635,HR,44,66509.0,3.5,17,No,2,2018,0
E07636,Sales,52,59454.0,4.15,4,Yes,7,2024,0
E07637,Sales,22,49993.0,2.74,11,No,1,2025,0
E07638,Sales,33,44545.0,2.99,14,No,6,2025,0
E07639,IT,57,102435.0,3.04,3,No,2,2026,0
E07640,Marketing,23,90178.0,4.08,8,No,0,2018,0
E07641,Finance,25,62726.0,2.94,0,No,0,2023,0
E07642,HR,42,63856.0,2.72,8,No,7,2021,0
E07643,Sales,25,83826.0,2.88,4,No,0,2022,0
E07644,HR,31,88948.0,3.98,5,No,1,2023,0
E07645,HR,54,66487.0,3.79,10,Yes,1,2022,0
E07646,HR,29,53954.0,3.73,10,No,0,2021,0
E07647,Marketing,46,44456.0,2.22,9,Yes,6,2021,1
E07648,Finance,24,66163.0,3.92,14,No,5,2019,0
E07649,Sales,35,61239.0,3.92,16,No,7,2018,0
E07650,Operations,31,72314.0,3.04,12,No,4,2023,0
E07651,Marketing,39,67568.0,2.63,7,No,3,2024,1
E07652,IT,21,67703.0,3.13,4,No,4,2024,0
E07653,Sales,37,53544.0,3.49,9,No,0,2025,0
E07654,Sales,52,62694.0,3.71,6,No,6,2022,0
E07655,Operations,39,62014.0,3.54,13,No,1,2019,0
E07656,Sales,40,79820.0,3.41,1,Yes,3,2021,0
E07657,Marketing,30,28000.0,4.21,13,Yes,2,2024,0
E07658,Marketing,44,105369.0,3.59,11,No,2,2019,0
E07659,Operations,44,90924.0,2.41,17,No,2,2026,0
E07660,IT,49,53345.0,3.97,13,No,0,2023,0
E07661,HR,53,39570.0,4.48,14,Yes,1,2021,0
E07662,Sales,21,92012.0,3.67,2,No,4,2026,0
E07663,HR,37,67985.0,3.25,17,No,1,2026,0
E07664,IT,39,94987.0,2.58,15,No,2,2024,0
E07665,Marketing,32,58298.0,3.02,17,No,3,2021,0
E07666,IT,55,51382.0,4.14,17,No,0,2025,0
E07667,Sales,59,84078.0,2.73,16,No,4,2023,1
E07668,Sales,22,55560.0,4.29,17,Yes,4,2023,0
E07669,Operations,37,47579.0,3.29,1,No,0,2019,1
E07670,Marketing,55,62730.0,2.57,1,No,3,2019,0
E07671,Finance,36,28000.0,3.16,6,No,0,2021,0
E07672,IT,56,50409.0,2.97,4,No,6,2026,0
E07673,Operations,38,78785.0,3.82,4,No,2,2020,0
E07674,Operations,38,76227.0,2.78,10,No,6,2019,0
E07675,Finance,22,38342.0,3.88,2,Yes,2,2020,0
E07676,IT,42,97059.0,4.98,13,No,1,2025,0
E07677,Operations,21,85719.0,3.75,5,No,6,2019,0
E07678,Sales,29,57933.0,4.35,10,No,0,2025,0
E07679,Operations,34,67156.0,3.44,5,No,5,2022,1
E07680,Sales,36,61766.0,3.0,5,No,4,2021,0
E07681,Sales,45,80702.0,3.51,16,No,5,2026,0
E07682,IT,53,59995.0,2.37,17,No,0,2022,0
E07683,Finance,21,77509.0,2.94,0,No,4,2018,0
E07684,Finance,33,103828.0,3.37,12,Yes,4,2019,0
E07685,Sales,33,67528.0,3.78,8,No,5,2019,0
E07686,IT,51,75632.0,3.16,11,No,5,2020,0
E07687,Sales,27,65643.0,3.32,2,No,1,2019,0
E07688,Operations,58,81794.0,4.23,15,No,7,2022,0
E07689,Sales,29,78025.0,3.84,5,No,5,2025,0
E07690,IT,53,77939.0,2.91,13,No,7,2024,0
E07691,Marketing,39,113290.0,3.71,10,Yes,1,2019,1
E07692,Finance,21,77728.0,2.95,11,No,2,2022,0
E07693,Sales,25,30378.0,3.12,5,No,2,2022,0
E07694,Marketing,58,66684.0,2.97,15,No,7,2023,0
E07695,Operations,45,94648.0,3.12,4,No,5,2024,0
E07696,Marketing,34,71859.0,2.32,13,No,6,2026,0
E07697,Sales,51,50579.0,3.68,16,No,4,2018,0
E07698,Operations,57,54885.0,3.88,11,No,3,2026,0
E07699,Operations,44,28000.0,3.14,0,No,4,2018,0
E07700,Marketing,32,75893.0,3.0,8,No,0,2024,0
E07701,HR,36,40591.0,3.14,10,No,7,2019,0
E07702,Sales,42,50851.0,2.63,8,No,5,2026,0
E07703,Operations,54,57714.0,2.45,12,No,3,2026,0
E07704,Sales,38,110055.0,2.77,3,Yes,3,2020,0
E07705,Sales,38,73384.0,2.67,11,No,1,2024,0
E07706,IT,55,28100.0,3.33,4,No,4,2023,0
E07707,IT,23,81343.0,3.76,13,Yes,0,2024,0
E07708,IT,46,59345.0,3.32,15,No,5,2019,0
E07709,Operations,30,78902.0,2.67,13,No,3,2024,0
E07710,Operations,52,28000.0,3.24,2,No,0,2025,0
E07711,HR,46,75226.0,3.49,0,Yes,5,2022,0
E07712,Sales,52,80064.0,3.2,10,Yes,3,2026,0
E07713,Operations,44,64542.0,3.4,5,No,1,2020,0
E07714,IT,43,62309.0,3.07,0,Yes,3,2023,0
E07715,HR,46,28000.0,3.58,6,No,7,2019,0
E07716,Marketing,42,57509.0,4.08,5,No,4,2026,0
E07717,Finance,23,83033.0,4.26,3,No,1,2025,0
E07718,Finance,33,52342.0,3.25,9,Yes,7,2021,0
E07719,Sales,52,97286.0,2.53,10,No,7,2023,0
E07720,HR,21,71577.0,4.47,0,No,6,2019,0
E07721,Operations,51,44500.0,3.66,3,No,7,2023,0
E07722,IT,55,32078.0,2.88,2,No,5,2019,0
E07723,Sales,43,73542.0,2.9,0,Yes,4,2025,1
E07724,Operations,32,30934.0,3.47,4,No,1,2021,0
E07725,Marketing,27,63751.0,2.87,10,No,5,2024,0
E07726,Sales,60,64987.0,3.52,16,No,7,2024,0
E07727,Operations,55,47691.0,3.19,5,No,4,2022,0
E07728,Operations,36,65847.0,3.27,13,No,4,2018,0
E07729,HR,44,45822.0,3.05,2,No,2,2019,0
E07730,Sales,57,58027.0,4.01,3,Yes,5,2023,0
E07731,IT,24,76921.0,2.98,6,Yes,7,2023,1
E07732,Marketing,41,68593.0,3.15,2,No,6,2020,0
E07733,IT,26,76917.0,2.66,15,No,6,2023,0
E07734,Operations,43,42144.0,3.37,1,No,1,2023,0
E07735,Finance,33,73414.0,2.05,12,No,5,2018,1
E07736,IT,39,108048.0,3.44,1,No,0,2025,0
E07737,Finance,25,52921.0,4.94,10,Yes,3,2021,0
E07738,HR,28,71569.0,3.86,16,Yes,4,2022,0
E07739,Operations,55,64263.0,2.88,17,No,0,2025,0
E07740,Operations,45,67400.0,2.81,15,No,4,2023,0
E07741,IT,26,67197.0,3.72,4,No,1,2020,0
E07742,Operations,28,89373.0,2.46,11,No,3,2026,0
E07743,Sales,34,91400.0,4.92,8,No,3,2020,0
E07744,Operations,23,63553.0,3.88,13,Yes,0,2024,0
E07745,Sales,59,44504.0,2.62,1,No,7,2020,0
E07746,IT,35,75851.0,2.47,7,No,0,2025,0
E07747,HR,48,73490.0,4.09,12,Yes,1,2021,0
E07748,Operations,60,74390.0,4.47,7,Yes,4,2026,0
E07749,Sales,23,77122.0,3.15,12,Yes,3,2025,0
E07750,HR,40,101931.0,3.51,10,Yes,7,2018,0
E07751,Finance,50,76170.0,4.05,4,No,0,2020,0
E07752,IT,24,63427.0,2.03,3,Yes,0,2023,0
E07753,Marketing,59,89433.0,2.66,15,No,7,2018,0
E07754,Finance,49,67243.0,3.11,17,Yes,4,2021,0
E07755,Sales,42,37913.0,3.45,10,No,5,2021,0
E07756,Marketing,36,57674.0,3.23,15,No,7,2018,0
E07757,HR,43,92597.0,4.58,11,No,0,2023,0
E07758,IT,31,40415.0,2.84,11,No,4,2018,0
E07759,Operations,48,28000.0,2.57,2,No,4,2019,0
E07760,Finance,49,80610.0,3.96,7,Yes,6,2025,0
E07761,Sales,23,60677.0,3.63,11,No,0,2020,0
E07762,Finance,45,62214.0,3.98,10,No,2,2021,1
E07763,IT,23,75422.0,2.87,12,No,3,2024,0
E07764,IT,52,53805.0,3.56,8,No,5,2022,0
E07765,Sales,60,46232.0,3.8,11,Yes,5,2019,0
E07766,IT,53,62848.0,4.26,1,Yes,6,2023,0
E07767,Sales,39,75787.0,3.29,10,No,1,2019,0
E07768,Operations,26,82640.0,2.27,4,No,1,2023,0
E07769,Marketing,35,76309.0,3.34,0,No,6,2025,1
E07770,Sales,38,42200.0,3.62,8,No,4,2023,0
E07771,Marketing,41,57870.0,3.97,11,No,0,2025,0
E07772,Sales,53,50300.0,2.81,12,No,4,2024,0
E07773,Finance,27,66425.0,2.79,1,Yes,5,2025,1
E07774,IT,46,49840.0,3.93,4,No,1,2022,0
E07775,Operations,34,69979.0,3.55,12,Yes,6,2021,0
E07776,HR,51,67576.0,3.82,3,Yes,7,2021,0
E07777,Sales,60,69651.0,3.48,10,No,4,2023,0
E07778,Operations,29,72831.0,2.35,5,No,7,2026,0
E07779,Sales,29,28165.0,4.09,14,No,4,2025,0
E07780,Operations,55,86592.0,2.69,8,Yes,0,2021,0
E07781,IT,34,84220.0,3.11,6,No,4,2020,0
E07782,Sales,25,55033.0,2.42,5,Yes,2,2021,0
E07783,Sales,24,57922.0,3.05,0,No,7,2023,0
E07784,IT,50,44194.0,3.2,13,No,1,2021,0
E07785,Operations,40,102177.0,3.75,13,Yes,0,2022,0
E07786,IT,59,77369.0,1.0,7,Yes,1,2020,1
E07787,IT,43,90274.0,3.02,2,Yes,4,2026,0
E07788,IT,48,98619.0,3.32,10,Yes,7,2018,1
E07789,Finance,31,83456.0,3.66,15,Yes,6,2025,0
E07790,Operations,59,65137.0,3.02,11,No,6,2018,0
E07791,Sales,44,77519.0,3.49,17,Yes,1,2023,0
E07792,IT,31,71669.0,2.39,4,No,4,2025,0
E07793,Sales,23,97677.0,3.71,1,Yes,7,2025,0
E07794,Operations,33,84524.0,4.08,4,No,6,2026,1
E07795,Finance,58,72026.0,3.5,0,No,2,2018,0
E07796,Operations,24,68784.0,4.24,15,No,1,2019,0
E07797,IT,41,46349.0,4.59,13,No,7,2018,0
E07798,Sales,36,43590.0,4.75,0,No,6,2025,0
E07799,IT,59,71906.0,3.68,15,No,0,2026,0
E07800,Operations,21,82491.0,3.51,4,No,1,2021,0
E07801,Operations,41,70685.0,4.41,7,Yes,6,2022,0
E07802,Sales,50,48071.0,3.84,6,No,6,2026,0
E07803,Marketing,52,63616.0,4.68,5,No,0,2025,0
E07804,IT,29,59844.0,2.8,5,No,0,2024,0
E07805,Operations,35,64946.0,4.08,7,No,0,2022,0
E07806,IT,58,73874.0,4.27,13,No,1,2018,0
E07807,IT,43,55795.0,3.46,4,No,1,2023,0
E07808,Operations,37,86739.0,3.26,10,No,0,2022,0
E07809,Sales,43,57732.0,3.19,13,No,4,2025,0
E07810,Marketing,31,39624.0,3.77,12,Yes,3,2026,0
E07811,Operations,59,74251.0,3.54,3,No,3,2026,0
E07812,Sales,32,79318.0,2.72,13,No,1,2020,0
E07813,Finance,52,51521.0,2.25,9,No,7,2023,0
E07814,Operations,34,66812.0,3.19,8,No,4,2026,0
E07815,Marketing,39,70360.0,3.17,16,No,0,2022,0
E07816,IT,32,72935.0,3.82,16,Yes,4,2019,0
E07817,IT,25,78173.0,3.1,2,No,1,2018,0
E07818,Marketing,31,107386.0,4.23,8,Yes,0,2018,1
E07819,Finance,26,64059.0,2.75,9,No,3,2020,0
E07820,Finance,22,69988.0,3.42,4,No,7,2019,0
E07821,Sales,40,62194.0,4.27,16,No,0,2020,0
E07822,Operations,49,68094.0,2.54,12,No,1,2019,0
E07823,Marketing,45,57754.0,4.37,8,Yes,7,2026,0
E07824,Finance,24,64265.0,3.87,12,No,2,2025,0
E07825,Sales,56,29724.0,4.49,15,Yes,7,2022,1
E07826,IT,41,66087.0,3.92,16,No,1,2019,0
E07827,Marketing,57,57650.0,3.95,7,No,5,2022,0
E07828,Sales,37,51996.0,3.61,9,No,4,2020,0
E07829,Finance,30,70331.0,2.38,14,No,4,2026,0
E07830,Sales,37,28000.0,2.26,15,No,1,2020,0
E07831,Marketing,49,61240.0,2.72,15,No,5,2020,0
E07832,IT,49,75436.0,2.83,14,No,2,2023,0
E07833,Operations,53,90535.0,3.21,5,Yes,5,2024,0
E07834,Operations,33,97464.0,2.82,9,Yes,5,2026,1
E07835,Sales,38,55735.0,4.21,1,No,7,2022,1
E07836,Operations,52,72081.0,3.02,5,No,2,2022,0
E07837,IT,44,29545.0,3.01,3,Yes,0,2023,0
E07838,Marketing,37,78999.0,3.78,9,No,7,2026,0
E07839,Operations,43,58957.0,3.36,16,No,1,2024,0
E07840,Marketing,60,67586.0,3.95,8,No,3,2021,0
E07841,Operations,44,83597.0,3.99,12,No,4,2023,0
E07842,Operations,21,80974.0,3.02,7,No,4,2023,0
E07843,Finance,25,28000.0,4.66,4,No,3,2020,0
E07844,Marketing,27,51972.0,3.47,8,No,0,2018,0
E07845,Marketing,57,65938.0,3.64,13,Yes,1,2023,0
E07846,Operations,28,36800.0,3.17,7,Yes,2,2019,0
E07847,HR,31,85188.0,3.65,5,No,7,2023,0
E07848,Sales,55,79042.0,2.42,15,Yes,4,2022,1
E07849,IT,25,55167.0,4.15,12,No,0,2025,0
E07850,IT,27,28000.0,2.79,0,No,1,2026,0
E07851,Sales,27,80955.0,3.4,12,No,7,2024,0
E07852,Marketing,27,62412.0,2.86,7,No,0,2022,0
E07853,Sales,38,75516.0,4.31,12,No,0,2020,0
E07854,Sales,25,64890.0,3.02,1,No,7,2021,0
E07855,Sales,33,41241.0,3.43,8,Yes,6,2020,0
E07856,Operations,24,60994.0,3.34,17,Yes,0,2018,0
E07857,Operations,26,38102.0,3.89,6,No,6,2022,0
E07858,Sales,38,51997.0,3.0,8,Yes,0,2026,0
E07859,HR,58,71561.0,3.77,9,Yes,4,2025,1
E07860,Operations,22,36447.0,3.21,12,No,6,2021,0
E07861,IT,25,70590.0,3.8,17,Yes,1,2026,0
E07862,IT,35,28452.0,3.05,13,No,3,2025,0
E07863,Operations,40,87861.0,3.4,6,No,1,2018,1
E07864,Sales,56,46641.0,3.32,12,No,4,2019,0
E07865,Sales,30,78996.0,3.67,9,No,3,2018,0
E07866,IT,49,44621.0,2.77,1,No,5,2026,0
E07867,IT,25,82641.0,3.77,17,No,2,2020,0
E07868,Sales,26,31037.0,2.12,12,No,3,2019,0
E07869,Marketing,26,59483.0,2.68,6,No,7,2022,0
E07870,Sales,49,52696.0,3.18,15,No,7,2024,0
E07871,IT,42,42829.0,2.9,10,Yes,3,2019,1
E07872,Sales,38,53987.0,3.68,8,No,1,2022,0
E07873,IT,54,62304.0,4.88,17,No,2,2018,1
E07874,Sales,57,52394.0,3.72,7,No,2,2026,0
E07875,Sales,48,85033.0,3.73,15,No,3,2018,0
E07876,Marketing,31,74187.0,2.85,2,No,2,2023,0
E07877,Operations,49,90322.0,4.05,16,Yes,2,2025,0
E07878,IT,52,46805.0,2.55,10,No,5,2023,1
E07879,Operations,52,70719.0,3.3,5,No,1,2024,0
E07880,Sales,54,70914.0,3.0,12,No,2,2025,0
E07881,Operations,46,67510.0,2.29,8,Yes,0,2018,0
E07882,Finance,59,28000.0,4.41,7,No,5,2021,0
E07883,IT,21,58133.0,3.26,15,No,1,2024,1
E07884,IT,58,28000.0,3.14,2,No,2,2025,1
E07885,Marketing,21,33391.0,2.32,7,No,7,2021,0
E07886,Sales,37,85307.0,2.8,5,No,0,2025,0
E07887,IT,44,54644.0,4.02,11,No,1,2018,0
E07888,Finance,55,77974.0,3.25,16,No,1,2022,0
E07889,Sales,24,58816.0,4.49,4,No,4,2026,0
E07890,Operations,25,83933.0,2.74,11,Yes,3,2021,0
E07891,Operations,42,79814.0,5.0,2,No,6,2026,0
E07892,Finance,48,62780.0,2.93,14,No,1,2022,0
E07893,IT,28,61210.0,3.75,5,Yes,6,2021,0
E07894,Marketing,31,58563.0,2.04,5,No,2,2023,0
E07895,IT,35,89322.0,3.11,13,No,2,2024,0
E07896,Operations,26,76749.0,3.7,17,Yes,0,2021,0
E07897,Sales,21,65267.0,4.26,10,Yes,6,2026,0
E07898,Operations,21,67644.0,2.85,12,No,3,2018,0
E07899,IT,52,73320.0,4.19,11,No,1,2019,0
E07900,Finance,50,43615.0,3.94,3,No,2,2020,0
E07901,Operations,56,55271.0,3.5,2,Yes,5,2019,0
E07902,Sales,36,79109.0,2.78,1,No,6,2021,0
E07903,HR,26,75875.0,2.5,16,No,6,2024,0
E07904,IT,51,62922.0,4.62,15,No,4,2021,0
E07905,HR,38,44250.0,3.6,12,No,1,2018,0
E07906,Sales,25,100054.0,3.33,9,No,3,2024,0
E07907,Marketing,53,65805.0,4.12,13,No,7,2024,0
E07908,Marketing,35,87047.0,4.03,4,No,2,2021,0
E07909,Operations,48,78617.0,2.94,7,No,3,2019,0
E07910,Sales,52,69003.0,2.58,2,No,7,2024,0
E07911,Sales,60,97030.0,3.69,0,No,6,2018,0
E07912,Finance,60,71156.0,2.87,9,No,3,2022,0
E07913,Operations,50,112480.0,4.82,16,No,2,2022,0
E07914,HR,58,75460.0,2.48,8,No,7,2026,0
E07915,Marketing,22,78645.0,4.1,11,No,2,2021,0
E07916,Sales,36,75700.0,4.7,17,Yes,7,2025,0
E07917,Sales,54,72506.0,3.79,6,No,1,2026,0
E07918,HR,40,81411.0,2.3,8,No,2,2018,0
E07919,IT,50,77598.0,1.79,15,No,4,2018,0
E07920,Operations,32,87624.0,3.15,0,No,6,2025,0
E07921,IT,22,50227.0,4.26,4,Yes,5,2023,0
E07922,Operations,42,58816.0,4.12,10,No,5,2023,0
E07923,Sales,42,62112.0,3.73,9,No,6,2023,0
E07924,Marketing,24,70689.0,4.17,5,No,5,2022,0
E07925,Sales,46,108360.0,3.21,13,No,4,2023,0
E07926,Sales,35,70702.0,2.43,0,Yes,7,2026,0
E07927,Finance,41,66627.0,4.29,14,Yes,4,2019,0
E07928,Operations,54,67255.0,3.62,15,Yes,7,2019,0
E07929,Sales,52,86708.0,3.03,8,No,4,2026,0
E07930,Sales,32,74880.0,4.15,2,Yes,7,2024,0
E07931,Operations,49,39242.0,4.05,13,No,2,2022,0
E07932,Finance,42,32893.0,3.66,7,Yes,7,2021,0
E07933,Operations,53,74660.0,4.1,12,Yes,6,2018,0
E07934,Marketing,24,35581.0,4.47,7,No,7,2022,0
E07935,IT,36,84651.0,4.61,16,No,1,2023,0
E07936,IT,25,68820.0,4.31,3,Yes,7,2025,0
E07937,Sales,32,57281.0,4.27,3,Yes,1,2018,0
E07938,Sales,37,88513.0,2.72,17,No,6,2026,0
E07939,IT,51,96451.0,3.1,1,No,2,2019,0
E07940,Sales,55,71585.0,3.77,13,Yes,6,2021,1
E07941,Sales,29,55396.0,3.61,13,No,1,2025,0
E07942,Operations,28,71896.0,4.34,3,No,7,2023,0
E07943,Finance,55,59139.0,3.47,3,No,2,2024,0
E07944,Operations,52,73263.0,3.35,4,No,5,2024,0
E07945,Sales,49,40974.0,3.0,17,No,3,2018,0
E07946,HR,21,64305.0,3.64,9,No,6,2019,0
E07947,Operations,60,55535.0,3.43,15,No,4,2022,0
E07948,HR,53,72551.0,3.83,2,Yes,5,2018,0
E07949,IT,50,63175.0,4.05,8,Yes,2,2026,0
E07950,Sales,45,37003.0,3.74,7,No,3,2021,1
E07951,Sales,50,75257.0,2.87,12,No,0,2026,0
E07952,Marketing,53,73067.0,3.6,2,Yes,3,2024,0
E07953,IT,40,65504.0,3.03,8,No,6,2018,0
E07954,Sales,48,68019.0,3.99,5,Yes,5,2020,0
E07955,Marketing,55,40869.0,3.86,11,No,4,2018,0
E07956,Sales,54,78468.0,3.58,1,No,1,2020,0
E07957,IT,57,56593.0,1.62,13,No,7,2025,0
E07958,Sales,27,50442.0,3.98,12,No,1,2018,0
E07959,Sales,39,57861.0,3.79,14,No,4,2026,0
E07960,Finance,40,72942.0,4.19,2,No,3,2025,0
E07961,Sales,28,50258.0,3.84,8,No,6,2024,0
E07962,HR,60,78799.0,3.18,13,No,4,2026,0
E07963,Finance,27,80728.0,2.89,13,No,2,2019,0
E07964,Finance,56,72486.0,4.32,1,No,3,2018,0
E07965,Operations,46,70850.0,4.1,12,No,0,2019,0
E07966,Sales,55,72721.0,3.92,12,No,1,2021,0
E07967,IT,41,84121.0,3.71,4,Yes,7,2021,0
E07968,IT,60,88086.0,2.25,3,No,1,2023,0
E07969,IT,21,48929.0,2.74,15,No,5,2019,0
E07970,IT,31,96488.0,3.63,3,Yes,3,2018,0
E07971,IT,28,66187.0,2.13,15,No,4,2020,1
E07972,HR,27,66202.0,3.28,8,No,0,2020,0
E07973,Sales,59,77459.0,2.09,13,Yes,7,2024,0
E07974,Operations,53,44974.0,1.94,11,Yes,2,2025,0
E07975,HR,60,77143.0,4.04,2,Yes,3,2019,0
E07976,Marketing,55,70277.0,3.35,3,No,5,2023,0
E07977,HR,50,70824.0,3.69,1,Yes,4,2019,0
E07978,Operations,44,54358.0,3.58,16,Yes,2,2020,0
E07979,Marketing,46,71303.0,3.95,13,No,6,2025,0
E07980,Operations,25,85705.0,3.92,6,No,0,2018,0
E07981,Sales,47,66473.0,3.3,0,No,2,2021,0
E07982,Operations,37,67589.0,4.42,6,No,7,2024,0
E07983,Sales,55,57092.0,3.73,16,No,4,2024,0
E07984,Sales,26,70001.0,3.05,11,No,6,2024,0
E07985,Finance,49,36149.0,3.78,14,Yes,5,2024,0
E07986,Operations,29,65026.0,4.52,4,No,7,2020,0
E07987,IT,57,79905.0,4.45,11,No,4,2021,0
E07988,Operations,24,92196.0,2.28,13,No,2,2020,0
E07989,Sales,38,83506.0,3.93,0,Yes,7,2019,0
E07990,Marketing,50,84771.0,3.96,10,No,4,2018,0
E07991,HR,29,41004.0,4.99,12,No,7,2022,1
E07992,Operations,57,67904.0,3.3,11,Yes,0,2021,1
E07993,Marketing,22,62627.0,3.44,8,No,2,2022,0
E07994,Marketing,22,71751.0,2.98,11,No,7,2018,0
E07995,IT,41,79992.0,4.25,16,No,5,2022,0
E07996,IT,24,65075.0,3.69,6,No,2,2026,0
E07997,Operations,41,68231.0,3.28,17,No,4,2024,0
E07998,IT,60,56249.0,3.09,4,No,0,2021,0
E07999,Marketing,35,62074.0,2.16,14,No,4,2024,0
E08000,Operations,42,62349.0,3.66,1,No,6,2026,0
E08001,IT,25,95438.0,2.99,5,Yes,6,2019,0
E08002,Marketing,25,57529.0,3.43,9,No,6,2023,0
E08003,HR,30,79869.0,2.98,11,No,5,2018,0
E08004,Operations,22,59901.0,4.64,9,No,1,2025,0
E08005,Operations,29,57932.0,1.79,1,No,6,2020,0
E08006,Sales,50,76593.0,4.35,3,Yes,2,2019,0
E08007,Sales,56,71579.0,3.31,3,No,3,2018,1
E08008,IT,43,72946.0,3.45,16,No,7,2022,0
E08009,Marketing,55,53330.0,2.48,15,No,3,2019,0
E08010,Sales,28,28000.0,2.6,5,No,2,2023,0
E08011,Sales,29,48826.0,2.75,6,No,0,2018,0
E08012,Operations,25,59682.0,4.17,10,Yes,7,2023,0
E08013,Sales,29,70634.0,3.44,7,No,7,2020,0
E08014,Sales,50,54117.0,3.99,3,Yes,4,2021,1
E08015,Operations,49,66849.0,3.06,15,No,0,2021,0
E08016,Marketing,33,28000.0,2.56,8,No,5,2021,0
E08017,Operations,57,87315.0,4.44,15,No,4,2026,0
E08018,Sales,60,46399.0,4.08,13,No,5,2020,0
E08019,Sales,30,66169.0,3.5,9,No,4,2022,0
E08020,IT,59,61017.0,3.61,16,No,5,2023,0
E08021,Operations,54,50156.0,4.13,14,No,2,2024,0
E08022,HR,35,89744.0,2.19,0,Yes,2,2022,0
E08023,HR,53,74927.0,3.18,1,Yes,6,2021,0
E08024,Operations,26,55302.0,3.61,11,No,7,2020,0
E08025,Finance,56,87237.0,3.87,15,No,1,2019,0
E08026,Operations,40,54609.0,3.0,8,Yes,0,2021,1
E08027,IT,22,101740.0,2.92,6,No,1,2026,0
E08028,Finance,22,68835.0,2.33,9,No,0,2023,1
E08029,Sales,36,72478.0,3.0,5,Yes,0,2023,0
E08030,Sales,58,76219.0,3.71,6,No,7,2025,0
E08031,Operations,29,31098.0,2.76,8,Yes,6,2020,0
E08032,Operations,52,35361.0,3.32,17,No,2,2025,0
E08033,Marketing,29,71363.0,4.05,10,No,2,2026,1
E08034,IT,25,84057.0,4.14,7,Yes,3,2025,1
E08035,IT,45,81215.0,3.83,9,Yes,4,2026,0
E08036,Sales,38,74823.0,2.78,1,No,7,2025,0
E08037,Operations,32,81686.0,3.73,4,No,3,2025,0
E08038,Sales,40,49358.0,4.11,2,No,5,2020,0
E08039,Sales,40,74581.0,3.66,1,No,0,2023,0
E08040,HR,57,56918.0,2.69,16,Yes,3,2021,0
E08041,Marketing,47,28000.0,3.92,10,Yes,4,2025,0
E08042,Sales,53,28000.0,4.36,4,No,7,2023,0
E08043,Marketing,28,87138.0,4.35,5,No,0,2025,0
E08044,Sales,22,87959.0,3.96,17,No,2,2023,0
E08045,IT,57,56584.0,2.36,4,Yes,3,2025,0
E08046,IT,52,40491.0,2.67,14,No,3,2019,0
E08047,Operations,51,72317.0,3.78,0,No,2,2022,0
E08048,Marketing,52,80775.0,2.97,0,Yes,1,2025,0
E08049,Sales,22,50002.0,3.76,16,Yes,0,2018,0
E08050,IT,30,59124.0,2.6,14,No,5,2026,0
E08051,HR,28,63490.0,2.59,3,No,1,2019,0
E08052,Operations,48,62187.0,2.39,0,No,2,2019,0
E08053,HR,31,71547.0,1.93,3,No,0,2020,0
E08054,Finance,25,72002.0,3.4,5,Yes,3,2026,0
E08055,Finance,24,35804.0,3.59,14,No,4,2025,0
E08056,Operations,40,89353.0,2.76,15,No,2,2019,0
E08057,Finance,50,57073.0,3.68,10,No,2,2022,0
E08058,IT,56,52951.0,4.35,13,No,6,2022,0
E08059,Marketing,42,52988.0,3.74,9,No,1,2026,0
E08060,Sales,21,67522.0,2.93,14,No,1,2019,0
E08061,Sales,56,52495.0,2.78,14,Yes,3,2025,0
E08062,Finance,57,48815.0,3.97,11,No,2,2020,1
E08063,IT,41,75214.0,2.85,2,No,1,2023,1
E08064,Marketing,27,41045.0,3.31,2,No,2,2021,0
E08065,IT,38,78348.0,2.46,0,No,3,2025,1
E08066,Operations,23,103974.0,3.81,15,No,4,2026,0
E08067,Operations,26,76680.0,3.62,7,No,5,2021,0
E08068,Operations,24,84489.0,3.57,17,No,0,2024,0
E08069,IT,49,59910.0,1.91,2,No,1,2023,1
E08070,HR,41,81735.0,5.0,8,No,3,2023,0
E08071,HR,52,90761.0,3.99,16,Yes,3,2019,0
E08072,Marketing,51,57924.0,3.31,2,Yes,2,2026,0
E08073,IT,47,74665.0,3.71,3,Yes,3,2019,1
E08074,IT,31,62003.0,3.1,0,No,3,2026,0
E08075,HR,44,41438.0,3.09,8,Yes,7,2019,0
E08076,Sales,24,74282.0,3.58,7,No,3,2020,0
E08077,Sales,45,79444.0,3.55,12,No,5,2019,0
E08078,Operations,32,81308.0,3.28,16,No,1,2025,0
E08079,Sales,32,51736.0,3.62,13,No,7,2019,0
E08080,Operations,45,83965.0,3.32,8,No,0,2024,0
E08081,Sales,53,85775.0,2.58,1,No,0,2025,1
E08082,IT,45,76758.0,2.36,7,Yes,7,2020,0
E08083,HR,38,74685.0,3.71,17,No,4,2021,0
E08084,IT,35,35544.0,2.79,13,No,3,2020,1
E08085,Marketing,43,59771.0,3.1,13,No,2,2018,0
E08086,Operations,39,63228.0,2.77,1,No,5,2024,0
E08087,Sales,34,47818.0,3.31,3,No,6,2026,0
E08088,HR,38,77239.0,4.13,1,Yes,6,2019,0
E08089,Finance,48,59071.0,2.82,3,No,2,2021,0
E08090,HR,44,67070.0,3.21,16,Yes,0,2023,0
E08091,Sales,35,82503.0,4.0,8,No,0,2025,0
E08092,Sales,31,77321.0,3.83,7,No,5,2026,0
E08093,Operations,51,48804.0,4.87,8,Yes,3,2025,0
E08094,Marketing,21,72781.0,4.02,5,No,4,2023,0
E08095,IT,23,77068.0,3.06,14,Yes,5,2018,0
E08096,Operations,34,29361.0,2.74,4,No,1,2022,0
E08097,Operations,41,68609.0,3.25,7,Yes,2,2018,0
E08098,Operations,26,34748.0,4.07,0,Yes,1,2023,0
E08099,Sales,32,64155.0,3.48,12,Yes,4,2023,0
E08100,Finance,23,90285.0,3.86,2,No,3,2023,0
E08101,Sales,26,63414.0,2.76,8,Yes,7,2024,0
E08102,Sales,43,79926.0,4.36,6,No,5,2022,0
E08103,HR,59,69492.0,3.7,17,No,7,2020,0
E08104,Operations,32,91228.0,3.19,5,No,5,2023,0
E08105,HR,31,74569.0,4.11,12,No,1,2021,0
E08106,Sales,59,63314.0,3.28,9,No,4,2018,0
E08107,Sales,46,77510.0,3.73,17,No,5,2018,0
E08108,Operations,34,94329.0,4.09,14,No,1,2021,0
E08109,Finance,35,47286.0,3.34,17,No,0,2019,0
E08110,HR,43,49849.0,4.43,6,Yes,4,2021,1
E08111,Sales,31,66951.0,2.34,3,No,6,2019,0
E08112,Finance,56,73822.0,2.72,7,No,2,2021,0
E08113,Finance,49,99892.0,3.51,1,No,0,2023,0
E08114,Operations,58,55873.0,2.71,5,No,5,2026,0
E08115,Marketing,46,42739.0,3.79,0,Yes,1,2020,1
E08116,Operations,25,84774.0,3.35,8,Yes,3,2019,0
E08117,Finance,47,59181.0,2.53,2,No,2,2022,0
E08118,IT,31,102226.0,3.57,3,Yes,0,2018,1
E08119,Operations,42,81528.0,3.87,7,No,3,2022,0
E08120,Finance,47,56959.0,4.67,13,No,6,2018,0
E08121,Finance,46,46680.0,1.99,1,Yes,6,2025,0
E08122,Sales,30,37682.0,4.17,5,No,5,2025,0
E08123,Operations,28,85778.0,2.99,12,No,0,2025,0
E08124,IT,45,102433.0,4.53,8,No,7,2022,0
E08125,HR,32,70717.0,3.99,5,No,3,2020,0
E08126,Operations,24,79648.0,4.92,9,No,4,2024,1
E08127,Operations,41,53409.0,3.29,9,No,5,2019,0
E08128,Sales,38,52948.0,4.29,11,No,3,2025,0
E08129,Marketing,44,67811.0,3.39,8,No,4,2021,0
E08130,Sales,46,72201.0,3.9,16,Yes,5,2025,0
E08131,IT,47,70797.0,3.28,10,No,6,2020,0
E08132,Sales,22,53236.0,3.23,6,No,7,2018,0
E08133,HR,38,61519.0,3.34,16,No,2,2025,0
E08134,Finance,37,43025.0,3.87,6,No,7,2020,0
E08135,IT,22,41002.0,4.07,2,No,2,2020,0
E08136,Finance,35,55132.0,4.07,17,No,4,2023,0
E08137,Finance,59,43878.0,4.18,10,No,2,2019,0
E08138,Marketing,22,70714.0,3.6,6,No,4,2026,0
E08139,Marketing,52,83731.0,3.57,2,Yes,3,2022,0
E08140,IT,50,62087.0,2.9,2,No,6,2023,0
E08141,IT,25,70206.0,3.48,16,No,1,2021,0
E08142,Sales,47,72449.0,3.0,7,No,1,2020,0
E08143,HR,41,28000.0,4.08,12,Yes,3,2018,0
E08144,Sales,45,38890.0,2.47,12,No,3,2022,0
E08145,Sales,33,102068.0,3.03,6,Yes,1,2025,1
E08146,Sales,44,60680.0,3.19,12,Yes,5,2018,0
E08147,Operations,40,36154.0,3.02,3,Yes,2,2021,0
E08148,Operations,39,71676.0,4.31,14,No,2,2018,0
E08149,Sales,41,73704.0,4.28,4,No,3,2023,0
E08150,Operations,43,86753.0,3.47,8,No,1,2018,0
E08151,Sales,23,71746.0,3.15,8,No,4,2022,0
E08152,Sales,47,77398.0,4.04,8,Yes,1,2019,0
E08153,IT,49,43844.0,3.36,9,No,4,2022,0
E08154,Marketing,25,54215.0,3.5,3,No,3,2022,0
E08155,Sales,35,84189.0,4.13,16,No,4,2026,0
E08156,HR,54,67990.0,3.46,13,No,3,2023,0
E08157,HR,21,58170.0,4.11,11,Yes,0,2020,0
E08158,Sales,43,88697.0,3.21,0,No,4,2020,0
E08159,IT,36,63342.0,2.77,0,No,3,2020,0
E08160,Sales,39,81244.0,2.99,15,No,2,2020,0
E08161,Marketing,29,83742.0,4.01,9,No,4,2026,0
E08162,HR,31,63427.0,5.0,15,Yes,7,2025,1
E08163,Operations,46,62536.0,2.03,17,No,4,2019,0
E08164,Marketing,41,80896.0,3.02,7,Yes,7,2026,0
E08165,Marketing,53,28000.0,3.37,9,No,4,2020,0
E08166,IT,54,56480.0,3.61,6,No,7,2022,0
E08167,Sales,29,70516.0,3.31,1,No,7,2025,0
E08168,Sales,35,70986.0,4.88,12,No,7,2020,0
E08169,IT,47,39369.0,2.71,11,No,2,2026,0
E08170,HR,45,47995.0,3.34,7,No,0,2024,0
E08171,Sales,45,42159.0,2.94,15,No,0,2019,0
E08172,Operations,50,87963.0,3.49,1,No,0,2020,0
E08173,HR,51,71554.0,1.56,10,No,4,2018,0
E08174,Marketing,51,47701.0,4.42,17,No,2,2023,0
E08175,Finance,48,57868.0,3.58,12,No,5,2026,0
E08176,Finance,58,56910.0,3.27,15,No,3,2025,0
E08177,Marketing,41,76518.0,3.7,2,No,5,2025,0
E08178,Marketing,44,47026.0,3.96,4,Yes,1,2023,1
E08179,HR,24,62220.0,4.17,10,No,5,2024,0
E08180,HR,45,43950.0,3.26,0,No,6,2020,0
E08181,Sales,45,83637.0,3.31,14,No,7,2025,0
E08182,Operations,22,50901.0,2.16,15,No,4,2024,0
E08183,Sales,36,61661.0,1.98,9,No,6,2022,1
E08184,Operations,60,57088.0,4.4,9,No,1,2025,0
E08185,Sales,31,110266.0,3.33,3,No,0,2024,0
E08186,HR,25,53111.0,2.69,6,Yes,5,2020,1
E08187,IT,42,88705.0,3.69,12,Yes,5,2020,1
E08188,IT,22,71085.0,3.27,14,No,0,2022,0
E08189,Operations,24,77059.0,3.86,11,No,4,2024,0
E08190,IT,48,79821.0,3.23,9,Yes,4,2022,0
E08191,Sales,48,76336.0,3.98,12,Yes,5,2021,0
E08192,Finance,56,62005.0,2.93,6,No,5,2023,0
E08193,Marketing,33,44035.0,3.26,6,No,2,2023,0
E08194,Finance,39,51893.0,3.68,5,No,0,2024,0
E08195,HR,24,84723.0,3.54,17,No,6,2019,0
E08196,HR,49,76631.0,3.75,0,Yes,7,2023,0
E08197,Sales,54,58033.0,3.0,8,No,5,2023,0
E08198,Marketing,60,51698.0,2.9,11,No,2,2018,0
E08199,Marketing,23,84983.0,3.65,17,No,7,2026,0
E08200,Operations,43,71955.0,3.42,12,No,4,2025,0
E08201,Operations,28,78711.0,3.16,9,No,0,2019,0
E08202,Operations,42,59522.0,3.62,15,No,4,2021,0
E08203,Operations,31,60407.0,3.06,7,Yes,5,2026,0
E08204,Sales,38,59624.0,2.61,1,No,5,2023,0
E08205,Sales,40,73344.0,2.16,15,No,4,2024,0
E08206,Sales,36,58054.0,3.57,10,No,5,2023,0
E08207,Operations,28,44078.0,3.54,3,No,4,2019,1
E08208,Sales,39,67296.0,3.31,0,No,5,2023,0
E08209,HR,22,42355.0,2.85,9,No,1,2022,0
E08210,Finance,56,83581.0,4.52,8,No,2,2025,0
E08211,Sales,31,44878.0,3.7,7,Yes,5,2021,0
E08212,IT,45,64208.0,3.77,7,No,6,2025,0
E08213,Sales,24,66265.0,2.51,16,No,2,2019,0
E08214,Sales,60,65580.0,3.13,14,Yes,6,2026,0
E08215,Operations,24,92705.0,4.11,15,Yes,3,2020,0
E08216,Marketing,45,84760.0,3.29,8,No,4,2025,0
E08217,Sales,55,63926.0,2.95,3,No,1,2024,0
E08218,Operations,59,90858.0,2.38,2,No,2,2023,0
E08219,IT,58,82256.0,3.9,13,No,3,2022,0
E08220,Marketing,47,78322.0,3.42,11,Yes,2,2019,0
E08221,Finance,53,75534.0,3.77,15,Yes,3,2026,0
E08222,HR,28,58112.0,3.67,13,No,6,2020,0
E08223,IT,36,82110.0,3.49,8,No,2,2022,0
E08224,HR,54,64010.0,4.71,13,Yes,6,2023,0
E08225,Sales,59,44921.0,2.61,14,No,5,2018,0
E08226,Finance,49,62050.0,3.5,14,No,6,2024,0
E08227,Marketing,36,72939.0,3.81,17,Yes,6,2024,0
E08228,Operations,59,86688.0,3.21,5,Yes,5,2023,0
E08229,Operations,27,69391.0,4.42,3,Yes,7,2020,0
E08230,Sales,33,44182.0,3.05,5,No,6,2026,0
E08231,Sales,39,56724.0,3.28,0,Yes,3,2022,0
E08232,Marketing,42,89419.0,2.63,15,No,2,2019,0
E08233,Operations,31,29399.0,2.37,10,No,5,2021,0
E08234,Finance,39,65393.0,3.37,8,Yes,2,2021,0
E08235,Operations,40,61044.0,3.32,1,No,4,2026,0
E08236,Operations,35,53930.0,3.39,1,No,1,2022,0
E08237,Operations,27,71824.0,3.05,17,No,1,2022,0
E08238,IT,52,73045.0,3.89,7,No,1,2021,0
E08239,Operations,43,76592.0,3.82,8,Yes,0,2018,0
E08240,Marketing,34,56793.0,4.14,5,Yes,1,2025,1
E08241,Operations,42,58012.0,4.04,14,No,7,2021,0
E08242,IT,40,57785.0,3.54,9,No,7,2019,0
E08243,Operations,39,57314.0,2.9,14,No,2,2018,0
E08244,Finance,44,46417.0,2.95,3,No,6,2025,0
E08245,HR,22,59864.0,3.59,4,No,2,2025,0
E08246,HR,30,66260.0,3.12,17,Yes,6,2019,0
E08247,Operations,48,44503.0,2.62,0,No,4,2022,0
E08248,Marketing,41,48933.0,3.26,14,No,5,2018,0
E08249,IT,39,60886.0,4.06,8,No,3,2023,0
E08250,HR,21,47094.0,2.87,6,No,2,2021,0
E08251,Finance,23,82973.0,3.5,7,Yes,3,2024,1
E08252,Marketing,48,56353.0,3.79,5,No,0,2018,0
E08253,Sales,38,99543.0,3.24,0,No,0,2022,1
E08254,IT,54,94644.0,2.99,10,No,1,2024,0
E08255,IT,21,84962.0,4.19,11,No,4,2018,0
E08256,IT,51,92149.0,3.18,6,Yes,3,2021,0
E08257,Marketing,54,58980.0,3.42,16,Yes,1,2021,0
E08258,Marketing,21,52684.0,3.27,11,No,3,2018,0
E08259,Sales,21,76492.0,4.07,8,Yes,7,2026,0
E08260,Finance,33,47554.0,3.55,15,No,3,2022,0
E08261,HR,21,58315.0,4.29,14,Yes,6,2018,0
E08262,IT,41,86835.0,3.1,17,No,0,2023,0
E08263,Finance,37,55452.0,2.97,1,No,6,2024,1
E08264,Sales,48,43943.0,4.53,15,Yes,0,2024,0
E08265,Marketing,37,54496.0,3.04,11,No,0,2024,0
E08266,Marketing,48,71600.0,3.05,3,Yes,0,2019,0
E08267,Finance,44,82447.0,3.45,3,No,0,2018,0
E08268,IT,55,71114.0,3.64,7,No,1,2018,0
E08269,Marketing,22,59554.0,2.84,9,No,5,2023,0
E08270,IT,42,55944.0,4.49,7,No,3,2024,0
E08271,IT,21,66322.0,3.29,12,No,7,2019,0
E08272,IT,28,73757.0,3.7,13,No,3,2020,0
E08273,IT,21,57626.0,3.24,6,No,7,2019,1
E08274,HR,49,56118.0,3.52,0,No,0,2025,0
E08275,Finance,34,36931.0,4.48,15,Yes,7,2018,0
E08276,Sales,23,52332.0,2.5,14,Yes,1,2021,0
E08277,Sales,50,35372.0,3.29,8,Yes,7,2026,0
E08278,IT,60,89665.0,1.52,1,No,4,2021,0
E08279,Operations,37,46336.0,3.25,12,No,6,2023,0
E08280,Finance,50,60470.0,2.74,14,No,5,2026,0
E08281,HR,35,80802.0,2.91,7,No,7,2020,0
E08282,Sales,33,84138.0,3.49,0,No,4,2021,0
E08283,Operations,59,55925.0,2.45,6,Yes,6,2021,0
E08284,HR,58,28000.0,3.51,14,No,5,2020,0
E08285,Sales,35,64798.0,3.65,12,No,3,2025,0
E08286,Finance,57,63272.0,3.19,3,No,2,2018,1
E08287,IT,42,63785.0,2.75,10,No,0,2025,0
E08288,Operations,21,43877.0,3.69,15,No,4,2023,0
E08289,Marketing,41,54583.0,4.1,7,No,5,2018,0
E08290,Finance,42,92765.0,3.36,8,No,5,2018,0
E08291,IT,53,87047.0,3.27,0,Yes,5,2019,0
E08292,Finance,40,43442.0,3.54,12,No,5,2025,0
E08293,Operations,29,46844.0,3.54,12,No,2,2020,0
E08294,IT,34,37377.0,3.82,3,Yes,0,2026,0
E08295,Finance,32,46492.0,2.31,16,No,7,2022,0
E08296,Finance,42,62694.0,3.32,4,Yes,1,2021,0
E08297,Marketing,29,50696.0,3.5,1,No,3,2023,1
E08298,Marketing,48,76433.0,2.3,15,Yes,2,2018,0
E08299,Sales,41,80141.0,2.33,5,No,4,2018,1
E08300,Sales,48,64543.0,2.41,13,Yes,7,2018,0
E08301,Marketing,57,58731.0,5.0,16,No,5,2021,0
E08302,HR,43,70701.0,3.31,13,No,3,2023,0
E08303,Finance,57,45148.0,2.89,11,No,7,2021,0
E08304,Finance,25,115516.0,3.31,1,No,7,2023,0
E08305,HR,52,93108.0,3.59,11,No,2,2021,0
E08306,Finance,30,68376.0,4.12,2,No,5,2023,0
E08307,Sales,53,108119.0,4.31,5,No,3,2021,0
E08308,Operations,40,47791.0,3.39,11,No,4,2026,0
E08309,Marketing,35,94514.0,3.56,4,No,4,2019,0
E08310,Sales,55,28000.0,3.62,3,No,5,2023,0
E08311,Operations,57,64191.0,2.54,17,No,7,2019,0
E08312,Finance,53,61090.0,3.82,8,No,5,2024,0
E08313,Operations,33,73285.0,3.24,14,Yes,2,2023,0
E08314,Sales,40,54372.0,2.35,9,No,6,2021,0
E08315,Sales,26,53035.0,4.87,4,No,3,2024,0
E08316,Operations,35,72614.0,3.82,11,Yes,2,2025,0
E08317,Operations,49,64315.0,4.05,4,No,5,2023,0
E08318,Finance,30,50907.0,3.04,8,No,7,2018,0
E08319,Sales,23,49846.0,2.36,14,No,4,2023,0
E08320,Finance,59,60602.0,3.28,17,No,4,2022,0
E08321,Sales,48,72682.0,2.65,10,No,3,2025,0
E08322,Operations,49,81998.0,2.47,4,Yes,2,2024,0
E08323,Operations,30,96568.0,2.45,15,No,5,2020,0
E08324,Marketing,53,40026.0,3.45,3,No,4,2024,0
E08325,Sales,44,37976.0,4.05,4,Yes,2,2018,0
E08326,Operations,38,70193.0,3.69,15,Yes,7,2020,0
E08327,Sales,48,58547.0,3.21,8,Yes,1,2021,0
E08328,Finance,57,79316.0,3.98,11,Yes,6,2025,0
E08329,IT,37,65756.0,2.66,9,No,4,2019,0
E08330,Operations,37,65508.0,3.81,7,No,0,2018,0
E08331,Operations,32,58663.0,3.6,9,Yes,1,2020,0
E08332,Marketing,58,72873.0,3.93,10,No,6,2022,0
E08333,Marketing,33,78676.0,3.23,6,No,1,2022,0
E08334,IT,57,29603.0,3.42,11,No,6,2025,0
E08335,Finance,31,29494.0,2.21,3,No,3,2020,0
E08336,Finance,21,86629.0,3.75,13,No,6,2024,0
E08337,Finance,24,38889.0,4.26,3,No,4,2026,0
E08338,Operations,58,49357.0,2.88,14,Yes,0,2025,0
E08339,HR,43,97666.0,3.17,6,No,4,2020,0
E08340,Sales,24,71594.0,3.23,13,No,2,2018,0
E08341,IT,40,77886.0,1.95,2,No,5,2020,0
E08342,HR,48,33808.0,2.78,1,No,6,2025,0
E08343,Sales,40,82229.0,2.4,7,Yes,1,2019,0
E08344,Sales,35,77044.0,4.38,7,No,4,2025,0
E08345,HR,57,62753.0,2.12,3,No,7,2022,0
E08346,Operations,60,60789.0,1.93,4,No,1,2018,0
E08347,IT,28,66126.0,4.3,2,No,7,2026,0
E08348,IT,24,48104.0,2.53,10,No,7,2018,1
E08349,Marketing,25,74497.0,4.24,4,No,6,2026,0
E08350,Operations,48,88904.0,4.28,16,No,0,2025,0
E08351,Operations,53,107309.0,3.39,1,No,5,2020,0
E08352,Operations,42,98723.0,3.46,2,No,2,2019,0
E08353,Sales,47,66258.0,3.65,0,No,6,2020,0
E08354,Operations,23,85679.0,3.64,3,No,1,2021,0
E08355,Operations,26,91332.0,3.14,12,No,4,2020,0
E08356,Operations,26,64166.0,3.0,16,No,7,2022,0
E08357,Sales,48,52090.0,4.35,7,No,0,2018,0
E08358,IT,35,58442.0,2.49,10,No,3,2023,0
E08359,Finance,22,76023.0,2.24,12,No,7,2026,0
E08360,Finance,31,63883.0,3.07,6,Yes,6,2018,0
E08361,Marketing,52,65839.0,3.55,13,Yes,6,2019,0
E08362,Operations,29,63900.0,3.48,10,No,6,2024,0
E08363,Operations,54,48604.0,2.79,1,Yes,1,2020,0
E08364,Finance,22,60857.0,2.61,12,No,0,2022,0
E08365,Marketing,29,94385.0,4.35,9,No,7,2022,0
E08366,IT,52,28000.0,3.33,9,Yes,0,2026,0
E08367,Operations,35,46128.0,3.89,17,No,2,2026,0
E08368,Operations,40,47870.0,3.11,16,No,3,2024,0
E08369,Sales,29,51654.0,2.54,16,Yes,0,2023,0
E08370,IT,49,58324.0,3.32,7,No,5,2026,0
E08371,Operations,42,60970.0,3.57,6,No,4,2025,0
E08372,Operations,57,62063.0,3.58,16,No,7,2021,0
E08373,Marketing,44,53394.0,3.1,13,No,6,2023,0
E08374,Finance,28,68472.0,3.66,3,Yes,7,2023,0
E08375,Marketing,51,71082.0,3.12,9,No,2,2025,0
E08376,Operations,37,45092.0,3.82,16,No,4,2023,0
E08377,Sales,26,76267.0,4.15,8,No,5,2020,0
E08378,HR,45,43131.0,4.05,6,No,2,2025,1
E08379,IT,38,86692.0,2.85,9,No,1,2021,0
E08380,Marketing,51,69917.0,3.06,2,No,2,2020,0
E08381,Sales,51,107300.0,2.93,15,Yes,2,2018,0
E08382,HR,34,63791.0,3.63,4,No,1,2021,0
E08383,Operations,59,69637.0,3.86,12,Yes,5,2019,1
E08384,Sales,44,54839.0,3.64,1,No,2,2026,0
E08385,HR,45,94816.0,3.63,7,No,2,2023,0
E08386,Marketing,49,74008.0,2.93,10,No,3,2018,0
E08387,Marketing,56,99748.0,1.28,10,No,4,2018,0
E08388,Sales,55,40014.0,4.76,9,Yes,4,2018,0
E08389,Sales,28,64946.0,3.34,6,No,4,2018,0
E08390,HR,57,38981.0,3.78,2,No,1,2024,0
E08391,Sales,42,74561.0,2.91,7,No,5,2020,0
E08392,Operations,41,53122.0,2.48,15,No,1,2025,0
E08393,Operations,38,55729.0,4.29,15,No,7,2018,1
E08394,Sales,59,45680.0,3.66,12,No,3,2023,0
E08395,IT,28,65258.0,2.66,5,Yes,1,2024,0
E08396,IT,29,113273.0,2.72,17,No,7,2025,0
E08397,Sales,54,56132.0,3.26,10,No,0,2025,0
E08398,HR,55,69009.0,3.29,14,No,6,2020,0
E08399,Operations,27,77455.0,2.65,10,No,4,2019,0
E08400,HR,55,42546.0,4.31,15,No,2,2024,0
E08401,Operations,38,41221.0,4.41,5,No,7,2018,0
E08402,Operations,52,69098.0,2.78,6,Yes,2,2025,0
E08403,Marketing,45,67844.0,4.19,17,Yes,6,2024,0
E08404,Marketing,49,68652.0,3.02,17,Yes,2,2021,0
E08405,IT,21,46669.0,2.55,4,Yes,3,2019,0
E08406,IT,36,70735.0,3.5,4,No,2,2022,0
E08407,Finance,40,81126.0,3.25,3,No,1,2019,0
E08408,Finance,56,28000.0,3.18,1,No,7,2019,0
E08409,HR,28,67131.0,3.13,15,No,4,2019,0
E08410,Finance,21,56681.0,3.09,15,No,4,2023,0
E08411,IT,49,63635.0,2.84,12,No,0,2023,0
E08412,Finance,54,73548.0,4.02,12,No,2,2026,1
E08413,Sales,50,48100.0,4.54,15,No,3,2026,0
E08414,IT,52,60771.0,4.56,4,No,0,2019,0
E08415,Finance,23,39045.0,3.49,5,No,2,2025,0
E08416,Finance,21,41161.0,3.35,1,Yes,1,2019,1
E08417,Sales,30,92201.0,3.48,10,No,3,2018,0
E08418,IT,52,66498.0,3.91,5,No,4,2025,0
E08419,Operations,33,34864.0,4.44,3,No,5,2026,0
E08420,Operations,41,90823.0,2.95,17,Yes,4,2019,1
E08421,IT,47,28000.0,3.23,3,No,5,2020,0
E08422,Marketing,58,65870.0,3.97,11,No,7,2026,0
E08423,Operations,25,32583.0,3.45,0,No,2,2026,1
E08424,Sales,60,48823.0,4.82,2,No,3,2025,0
E08425,Sales,24,56633.0,3.23,10,No,7,2018,0
E08426,Marketing,25,101738.0,2.57,4,No,2,2019,0
E08427,IT,44,65121.0,2.95,16,No,0,2024,0
E08428,Sales,41,32296.0,3.01,11,No,1,2020,0
E08429,Finance,21,65138.0,3.16,8,Yes,7,2026,0
E08430,Finance,45,59160.0,2.26,8,Yes,2,2020,0
E08431,IT,42,63235.0,2.52,2,No,3,2018,0
E08432,Sales,45,66139.0,3.01,6,No,0,2019,0
E08433,Sales,23,53330.0,3.77,3,No,4,2026,0
E08434,Sales,50,44132.0,3.6,17,Yes,6,2026,0
E08435,Operations,35,59971.0,3.28,6,No,6,2023,0
E08436,IT,52,72399.0,2.99,5,No,6,2021,0
E08437,Operations,59,67284.0,3.35,11,Yes,7,2025,0
E08438,Finance,49,89435.0,3.61,0,Yes,4,2025,1
E08439,Marketing,55,78194.0,2.59,0,Yes,6,2026,0
E08440,Marketing,60,58498.0,2.69,10,No,1,2018,0
E08441,IT,33,69440.0,2.73,7,Yes,0,2018,0
E08442,Operations,22,51596.0,2.72,3,No,0,2022,1
E08443,Operations,51,87641.0,4.46,6,Yes,4,2022,0
E08444,Sales,48,64653.0,3.02,7,No,0,2025,0
E08445,IT,41,53700.0,3.35,5,No,1,2024,0
E08446,HR,49,85705.0,4.17,10,No,5,2025,0
E08447,Marketing,24,86238.0,3.67,0,No,7,2026,0
E08448,Marketing,52,46806.0,2.2,10,No,0,2019,0
E08449,Operations,58,89757.0,2.79,11,No,2,2024,0
E08450,IT,58,49243.0,3.13,11,No,2,2020,0
E08451,Sales,53,46985.0,3.65,6,No,7,2019,0
E08452,Sales,37,57330.0,3.29,14,No,5,2018,0
E08453,Sales,34,43339.0,3.47,3,No,2,2022,0
E08454,Sales,33,68930.0,4.27,5,No,4,2026,0
E08455,Operations,40,48453.0,3.27,16,No,1,2023,0
E08456,Marketing,58,67472.0,2.78,14,Yes,3,2020,0
E08457,IT,38,75041.0,4.67,11,No,1,2025,0
E08458,Finance,43,99027.0,2.26,1,Yes,2,2022,0
E08459,Sales,29,47993.0,4.02,11,No,4,2018,0
E08460,Marketing,26,96372.0,3.02,2,No,4,2019,0
E08461,Finance,36,60327.0,4.52,9,No,4,2021,0
E08462,IT,29,57840.0,3.53,9,No,6,2024,0
E08463,Marketing,43,94390.0,3.96,11,No,3,2019,0
E08464,Marketing,41,75853.0,3.68,12,No,6,2023,0
E08465,Operations,48,95603.0,2.92,9,No,5,2020,0
E08466,HR,56,64735.0,2.77,9,No,2,2021,0
E08467,Marketing,59,72308.0,3.74,2,No,6,2024,0
E08468,Sales,37,40552.0,2.64,14,No,3,2020,1
E08469,Marketing,25,62470.0,2.69,17,No,3,2026,0
E08470,IT,58,58060.0,3.6,0,Yes,2,2021,0
E08471,Operations,46,82793.0,2.53,6,No,1,2025,0
E08472,Finance,59,54517.0,3.59,0,Yes,1,2025,0
E08473,Sales,60,56842.0,3.58,9,Yes,1,2024,0
E08474,Sales,21,92465.0,3.45,13,No,5,2021,0
E08475,Finance,37,60684.0,2.83,14,No,4,2024,0
E08476,Sales,55,58122.0,3.55,8,No,6,2026,0
E08477,Sales,26,80020.0,3.08,8,No,0,2024,0
E08478,IT,54,50144.0,3.26,16,No,1,2024,0
E08479,Finance,44,53757.0,3.7,13,No,6,2019,0
E08480,Sales,25,62674.0,2.15,15,No,3,2022,0
E08481,Marketing,45,96404.0,3.8,4,No,3,2025,0
E08482,Sales,39,69021.0,3.06,12,Yes,7,2026,0
E08483,Operations,35,92831.0,3.45,6,No,5,2024,0
E08484,IT,31,47400.0,4.56,13,Yes,6,2021,0
E08485,IT,22,80313.0,3.03,11,Yes,5,2020,0
E08486,Operations,54,58952.0,3.11,13,No,6,2025,0
E08487,IT,33,60119.0,2.74,11,No,4,2021,0
E08488,Sales,56,64752.0,3.8,13,No,4,2019,0
E08489,Sales,23,99653.0,3.9,3,Yes,0,2018,0
E08490,Sales,44,47644.0,4.68,7,No,5,2022,0
E08491,Sales,37,32532.0,3.78,6,No,6,2022,0
E08492,IT,29,57235.0,3.56,7,No,6,2021,0
E08493,Sales,39,73672.0,2.94,6,Yes,1,2021,0
E08494,Sales,31,66302.0,3.6,1,No,7,2021,0
E08495,HR,47,67319.0,3.32,2,Yes,3,2020,0
E08496,Finance,50,63620.0,3.23,15,Yes,2,2021,0
E08497,Operations,40,80508.0,3.23,8,No,5,2021,0
E08498,Sales,45,86485.0,4.03,5,Yes,4,2025,1
E08499,Sales,35,92664.0,3.81,3,No,6,2022,0
E08500,Sales,49,55405.0,4.09,3,No,0,2025,0
E08501,IT,50,33523.0,3.44,2,No,6,2020,0
E08502,Sales,22,38040.0,3.46,1,Yes,4,2022,1
E08503,IT,44,44526.0,3.48,7,No,1,2019,0
E08504,Operations,50,56137.0,3.94,11,No,2,2019,0
E08505,Sales,30,50157.0,2.88,16,Yes,3,2025,0
E08506,Finance,55,62092.0,3.15,15,No,1,2026,0
E08507,Sales,28,94198.0,3.49,11,No,0,2020,0
E08508,Sales,45,78053.0,3.2,14,No,5,2021,0
E08509,Sales,60,44369.0,2.22,8,No,3,2019,0
E08510,IT,53,57319.0,2.74,6,No,6,2021,0
E08511,Marketing,35,28000.0,3.44,8,Yes,5,2020,1
E08512,Operations,44,62292.0,4.08,1,No,1,2024,0
E08513,Marketing,45,56897.0,2.17,5,No,0,2019,0
E08514,Sales,35,82616.0,3.93,11,Yes,6,2020,0
E08515,Operations,35,84014.0,3.91,11,No,2,2018,0
E08516,Operations,55,51481.0,3.02,9,No,3,2023,0
E08517,IT,60,67029.0,3.88,14,No,5,2022,0
E08518,Marketing,23,61046.0,4.01,8,No,0,2018,0
E08519,IT,30,89394.0,3.87,16,No,2,2023,0
E08520,Marketing,23,59420.0,1.71,17,No,4,2018,0
E08521,HR,39,70412.0,4.03,11,No,7,2024,0
E08522,Operations,59,95008.0,3.35,11,No,4,2021,1
E08523,Operations,50,74400.0,3.83,17,No,0,2024,0
E08524,Finance,30,59255.0,2.59,15,No,5,2024,0
E08525,HR,28,53783.0,3.1,0,Yes,5,2021,0
E08526,Operations,42,63840.0,3.79,17,Yes,4,2023,0
E08527,Marketing,59,71247.0,3.15,8,No,3,2022,0
E08528,IT,51,54158.0,4.44,9,No,6,2026,0
E08529,Sales,39,76455.0,3.23,16,No,5,2024,0
E08530,Operations,58,61072.0,3.23,3,No,1,2024,0
E08531,Operations,48,85250.0,4.38,5,No,6,2023,0
E08532,IT,24,55755.0,3.97,5,No,7,2018,0
E08533,Finance,39,83614.0,4.45,3,Yes,4,2023,0
E08534,IT,35,72180.0,2.89,11,No,5,2026,0
E08535,Operations,33,95807.0,2.92,11,No,0,2025,0
E08536,Sales,34,82113.0,3.71,0,No,3,2025,0
E08537,Operations,43,79139.0,2.63,1,Yes,4,2020,0
E08538,Marketing,42,30660.0,3.98,1,No,7,2022,0
E08539,Sales,48,30732.0,3.38,8,No,4,2026,0
E08540,Sales,27,35617.0,4.44,17,No,0,2018,0
E08541,Operations,49,69295.0,3.5,7,No,7,2020,0
E08542,IT,33,77837.0,3.68,8,Yes,6,2020,0
E08543,Marketing,50,52996.0,3.79,5,No,3,2026,0
E08544,Marketing,34,83366.0,3.4,16,Yes,5,2026,0
E08545,Marketing,29,67781.0,3.15,15,No,3,2018,0
E08546,IT,31,56469.0,1.71,5,No,2,2022,0
E08547,Operations,56,104847.0,3.22,3,No,0,2019,0
E08548,HR,22,59016.0,3.92,1,Yes,6,2020,0
E08549,Finance,51,79350.0,3.36,7,Yes,1,2023,0
E08550,IT,58,61367.0,4.06,3,No,0,2026,0
E08551,Marketing,39,84781.0,2.8,1,No,7,2025,0
E08552,IT,41,35985.0,2.46,3,Yes,3,2025,0
E08553,Operations,31,62121.0,3.09,8,No,6,2024,0
E08554,Operations,38,83360.0,3.39,12,No,4,2024,0
E08555,Marketing,32,53976.0,5.0,15,No,2,2025,0
E08556,IT,39,32830.0,4.14,4,No,3,2025,0
E08557,Finance,22,69457.0,3.46,0,No,4,2024,0
E08558,Finance,49,40568.0,2.65,6,No,3,2025,0
E08559,HR,53,55440.0,2.46,14,No,4,2019,0
E08560,Operations,21,28478.0,3.14,8,No,0,2026,1
E08561,Sales,43,41271.0,3.11,9,No,6,2024,0
E08562,IT,46,59367.0,2.55,9,No,5,2020,0
E08563,Operations,26,62140.0,4.51,2,Yes,7,2020,0
E08564,Operations,40,68989.0,3.6,10,Yes,6,2020,0
E08565,Operations,22,74274.0,4.06,5,Yes,0,2021,0
E08566,Finance,21,62168.0,4.43,3,No,1,2021,0
E08567,Sales,27,66181.0,2.61,17,Yes,4,2020,0
E08568,Operations,47,78813.0,3.75,6,No,7,2022,0
E08569,IT,21,60547.0,3.86,5,No,3,2026,0
E08570,Sales,28,60517.0,3.57,17,Yes,6,2023,0
E08571,Sales,40,75914.0,2.68,13,No,5,2018,0
E08572,IT,48,51968.0,4.04,10,No,2,2023,0
E08573,Operations,39,57323.0,3.78,17,No,0,2018,0
E08574,IT,39,61188.0,4.46,3,No,7,2022,1
E08575,Operations,46,70113.0,3.05,12,No,7,2026,0
E08576,Sales,47,68293.0,3.02,9,No,2,2024,0
E08577,Marketing,59,69247.0,2.69,12,No,0,2022,0
E08578,Operations,23,43879.0,2.8,17,No,7,2025,0
E08579,Marketing,32,98025.0,2.67,10,Yes,7,2024,0
E08580,Finance,22,40049.0,3.25,4,No,5,2024,0
E08581,Sales,57,72115.0,3.79,17,Yes,6,2019,0
E08582,HR,50,82563.0,3.09,7,Yes,1,2020,0
E08583,IT,59,79129.0,3.82,15,No,2,2021,0
E08584,IT,21,63839.0,3.41,9,No,7,2022,0
E08585,Finance,21,56578.0,2.17,4,Yes,6,2025,0
E08586,Finance,37,61880.0,1.68,2,No,0,2024,0
E08587,Marketing,35,75657.0,3.9,12,No,3,2023,0
E08588,HR,37,75433.0,3.5,1,Yes,7,2025,0
E08589,Operations,37,54013.0,5.0,9,No,0,2020,0
E08590,HR,41,69562.0,2.72,6,No,7,2022,0
E08591,IT,34,68172.0,3.0,6,No,1,2023,0
E08592,IT,56,46456.0,2.98,15,No,0,2022,0
E08593,Sales,30,111724.0,2.96,0,No,3,2023,0
E08594,Operations,42,74307.0,2.49,2,Yes,3,2022,1
E08595,IT,42,54097.0,3.71,1,Yes,5,2023,0
E08596,Marketing,28,107680.0,3.39,7,No,5,2021,0
E08597,Sales,38,39992.0,2.76,15,No,6,2023,1
E08598,Sales,36,66395.0,4.15,2,No,2,2018,0
E08599,Marketing,59,71307.0,2.82,3,No,2,2020,0
E08600,Operations,34,71581.0,3.6,0,No,1,2026,0
E08601,IT,48,63459.0,3.21,11,Yes,4,2018,0
E08602,IT,27,67563.0,2.81,3,No,4,2023,0
E08603,Sales,31,81028.0,3.67,8,Yes,1,2025,0
E08604,Operations,58,43459.0,4.72,6,No,6,2020,0
E08605,Sales,50,78459.0,3.47,6,No,5,2019,0
E08606,Operations,47,41291.0,3.17,14,Yes,5,2019,1
E08607,IT,24,81724.0,4.94,11,No,5,2026,0
E08608,Finance,51,65435.0,3.82,17,Yes,3,2021,0
E08609,IT,40,83565.0,3.34,17,No,7,2024,0
E08610,Finance,42,68450.0,3.67,3,No,7,2025,0
E08611,IT,25,76702.0,3.98,9,No,6,2025,0
E08612,IT,55,80788.0,3.09,8,No,2,2019,0
E08613,Marketing,45,65860.0,2.38,11,No,1,2021,1
E08614,Sales,57,88007.0,4.67,8,No,3,2023,0
E08615,Operations,38,53197.0,3.29,6,No,1,2021,0
E08616,Sales,21,28000.0,4.69,16,No,6,2018,0
E08617,Sales,25,60965.0,3.63,13,No,4,2024,0
E08618,Sales,42,69729.0,4.51,3,Yes,2,2018,0
E08619,Marketing,49,78233.0,3.31,8,No,2,2020,0
E08620,IT,21,57571.0,2.74,7,Yes,6,2024,0
E08621,Marketing,22,74950.0,3.94,2,Yes,5,2020,0
E08622,Marketing,41,70692.0,3.0,7,No,2,2019,0
E08623,Operations,57,75829.0,3.79,7,No,7,2025,0
E08624,Sales,49,39290.0,4.47,5,No,0,2018,0
E08625,Finance,23,74082.0,4.5,2,No,5,2024,0
E08626,Sales,44,45160.0,2.32,14,No,0,2022,0
E08627,Marketing,43,64091.0,4.86,15,Yes,1,2024,0
E08628,Sales,58,67353.0,3.27,2,No,7,2018,0
E08629,IT,59,62187.0,3.53,16,Yes,1,2020,0
E08630,Operations,49,71718.0,5.0,6,No,3,2025,0
E08631,Operations,31,49662.0,3.46,3,No,7,2022,0
E08632,IT,36,82050.0,3.12,12,No,6,2020,0
E08633,IT,35,53374.0,3.06,12,Yes,3,2026,0
E08634,Sales,45,82148.0,3.7,14,No,2,2024,0
E08635,Finance,40,80327.0,3.18,1,No,5,2018,0
E08636,IT,47,88135.0,3.54,2,Yes,4,2023,0
E08637,Operations,49,53041.0,1.37,0,No,6,2025,0
E08638,Marketing,22,76154.0,3.45,9,No,6,2026,0
E08639,Finance,29,64511.0,3.32,2,Yes,6,2020,0
E08640,HR,41,55104.0,4.26,5,No,5,2021,0
E08641,Sales,45,74405.0,4.12,9,No,6,2025,0
E08642,Operations,49,40670.0,3.02,2,No,4,2025,0
E08643,Finance,38,48422.0,3.89,5,No,4,2025,0
E08644,HR,42,28000.0,4.35,11,No,5,2021,0
E08645,Operations,60,96786.0,2.58,12,No,1,2018,0
E08646,IT,34,47220.0,1.89,6,No,2,2026,0
E08647,HR,52,52478.0,2.67,15,No,0,2023,0
E08648,IT,32,80224.0,3.23,17,Yes,2,2025,0
E08649,Sales,42,55954.0,4.36,3,No,5,2025,0
E08650,IT,52,40228.0,3.35,10,No,0,2019,0
E08651,Operations,59,50853.0,2.14,6,No,4,2020,0
E08652,Sales,40,94040.0,3.71,0,No,2,2020,0
E08653,Operations,23,62525.0,2.55,15,No,4,2018,0
E08654,IT,49,67427.0,3.33,13,Yes,2,2018,1
E08655,Sales,30,68815.0,3.79,1,No,4,2026,0
E08656,IT,21,55231.0,3.63,4,Yes,2,2020,0
E08657,Operations,60,64402.0,3.33,12,Yes,3,2022,0
E08658,Marketing,36,74891.0,3.12,2,No,3,2025,0
E08659,IT,54,37048.0,2.61,5,Yes,1,2018,0
E08660,IT,24,60448.0,2.54,1,No,7,2020,0
E08661,Sales,49,43826.0,4.3,3,No,6,2023,0
E08662,Sales,25,85059.0,2.71,9,No,6,2023,0
E08663,IT,52,67223.0,4.03,2,No,2,2025,0
E08664,Sales,35,34488.0,3.15,14,No,5,2023,0
E08665,IT,33,54169.0,4.04,11,No,6,2026,0
E08666,IT,39,66119.0,2.7,6,No,0,2020,1
E08667,IT,25,50147.0,3.73,0,No,6,2023,0
E08668,Marketing,45,67896.0,3.35,4,No,1,2023,0
E08669,Sales,54,109694.0,3.12,4,No,6,2022,0
E08670,IT,43,70166.0,2.92,3,No,2,2022,0
E08671,Operations,24,46507.0,2.75,8,No,7,2020,0
E08672,Sales,25,46125.0,2.95,4,Yes,6,2026,0
E08673,Operations,60,78034.0,4.07,3,No,1,2026,0
E08674,Finance,40,61487.0,4.51,14,No,3,2022,0
E08675,Sales,28,44472.0,3.5,1,Yes,6,2021,0
E08676,Operations,30,59332.0,3.34,2,No,2,2019,0
E08677,Marketing,38,92041.0,2.62,4,No,1,2020,1
E08678,Operations,30,95295.0,3.59,10,No,1,2024,0
E08679,IT,51,55291.0,1.0,12,No,5,2018,0
E08680,Operations,22,50939.0,3.13,0,Yes,7,2026,0
E08681,Operations,43,68408.0,3.64,5,No,6,2025,0
E08682,Marketing,38,53934.0,4.7,1,No,1,2024,0
E08683,Marketing,37,61994.0,3.62,16,No,1,2018,0
E08684,Sales,40,77336.0,3.54,15,No,5,2019,0
E08685,IT,21,55648.0,3.23,7,No,5,2019,0
E08686,Finance,50,36132.0,3.75,6,No,2,2021,1
E08687,Operations,41,62870.0,2.97,9,No,6,2018,0
E08688,Sales,56,81528.0,2.75,5,No,2,2025,0
E08689,Finance,49,61693.0,2.82,13,No,2,2020,0
E08690,Finance,36,101986.0,4.01,15,No,3,2022,0
E08691,Operations,60,63863.0,1.91,3,No,1,2018,0
E08692,IT,51,90852.0,4.41,13,No,3,2025,0
E08693,Operations,42,68635.0,3.44,11,No,1,2019,0
E08694,Operations,37,55794.0,4.48,1,Yes,7,2022,0
E08695,IT,57,83423.0,3.43,9,No,2,2020,0
E08696,IT,53,28000.0,2.94,4,No,4,2022,1
E08697,Operations,34,89962.0,3.33,16,Yes,4,2023,0
E08698,Marketing,44,63860.0,3.68,16,Yes,6,2021,0
E08699,Operations,30,69963.0,3.64,7,Yes,6,2021,0
E08700,Finance,41,80625.0,3.48,6,No,0,2019,0
E08701,Operations,58,42782.0,2.77,6,No,6,2024,0
E08702,IT,54,76614.0,3.76,8,No,1,2024,0
E08703,IT,45,83489.0,3.98,1,No,0,2024,0
E08704,HR,58,45955.0,3.31,1,Yes,2,2022,0
E08705,IT,46,35405.0,2.3,14,No,5,2023,0
E08706,Finance,34,93366.0,3.58,9,Yes,6,2018,0
E08707,Sales,46,67898.0,3.08,7,No,2,2019,0
E08708,Sales,46,52478.0,2.21,13,Yes,0,2020,0
E08709,IT,46,90324.0,3.05,6,Yes,2,2020,0
E08710,Marketing,22,58167.0,1.59,17,No,6,2018,0
E08711,Operations,33,68320.0,3.55,2,No,1,2019,0
E08712,IT,28,66883.0,2.54,13,Yes,1,2023,0
E08713,Operations,46,72039.0,3.28,4,No,7,2026,0
E08714,Marketing,21,90858.0,3.48,5,No,4,2023,0
E08715,IT,33,70939.0,2.43,5,Yes,1,2018,0
E08716,IT,32,93066.0,2.85,12,Yes,1,2018,0
E08717,Sales,50,60363.0,3.6,9,No,0,2019,0
E08718,Marketing,56,55822.0,3.87,10,Yes,3,2018,0
E08719,Operations,57,91492.0,4.39,0,No,0,2025,0
E08720,Finance,51,62640.0,3.81,9,No,5,2018,1
E08721,Marketing,23,67027.0,2.98,4,No,0,2025,0
E08722,IT,25,63933.0,3.43,4,No,7,2023,0
E08723,IT,32,62535.0,4.87,0,Yes,5,2026,0
E08724,Marketing,30,81560.0,2.58,5,No,7,2020,0
E08725,Marketing,42,56056.0,3.43,3,No,6,2023,0
E08726,Sales,58,104256.0,2.91,8,Yes,7,2021,0
E08727,Operations,48,67953.0,1.61,13,No,4,2024,0
E08728,HR,30,92822.0,3.72,5,No,5,2018,0
E08729,IT,36,58411.0,2.81,1,No,1,2023,0
E08730,IT,51,68978.0,3.55,9,No,5,2020,0
E08731,IT,27,48911.0,2.86,10,No,0,2018,0
E08732,Operations,29,65953.0,2.98,8,No,5,2026,0
E08733,Sales,49,52726.0,3.7,7,No,5,2018,0
E08734,Sales,32,57059.0,3.86,12,No,6,2019,0
E08735,Sales,37,37082.0,2.81,14,Yes,7,2019,0
E08736,Marketing,25,88616.0,4.17,4,No,1,2022,0
E08737,Sales,29,81555.0,1.93,6,No,4,2025,0
E08738,Sales,30,65112.0,4.03,15,No,1,2024,0
E08739,IT,39,78453.0,4.85,7,No,6,2023,0
E08740,HR,36,34474.0,3.8,14,No,2,2026,0
E08741,Finance,35,70974.0,2.46,12,No,7,2018,0
E08742,IT,46,53006.0,3.68,13,No,3,2021,0
E08743,Sales,32,99405.0,4.27,12,No,1,2026,0
E08744,Sales,53,83220.0,4.33,9,Yes,1,2021,0
E08745,IT,22,43600.0,2.43,7,No,4,2024,0
E08746,Sales,39,46761.0,3.43,5,No,2,2020,0
E08747,HR,46,28000.0,2.89,1,No,7,2018,0
E08748,Finance,26,34464.0,4.23,13,No,3,2021,0
E08749,Sales,59,39987.0,2.78,13,No,4,2024,0
E08750,Sales,28,28000.0,2.77,5,No,5,2025,0
E08751,Finance,47,86073.0,3.9,12,No,4,2019,0
E08752,Finance,28,75831.0,2.21,6,No,2,2018,0
E08753,IT,60,62942.0,3.8,5,No,4,2022,0
E08754,Sales,58,63112.0,3.79,5,No,1,2023,0
E08755,Operations,33,95972.0,4.25,6,Yes,7,2019,0
E08756,Operations,53,51241.0,1.9,7,No,0,2023,0
E08757,IT,43,54644.0,3.66,9,Yes,1,2018,0
E08758,Marketing,43,86562.0,2.51,1,No,0,2021,0
E08759,Marketing,44,70383.0,3.27,14,No,5,2025,0
E08760,Finance,33,83229.0,2.04,0,No,2,2023,0
E08761,Sales,22,36353.0,3.51,0,No,7,2018,0
E08762,HR,21,50563.0,3.02,11,No,1,2019,0
E08763,Operations,30,73427.0,2.91,14,No,4,2025,0
E08764,Operations,59,56747.0,2.89,16,Yes,2,2020,0
E08765,Marketing,28,55435.0,2.99,13,No,4,2022,0
E08766,Operations,54,90220.0,4.57,16,No,6,2023,0
E08767,Sales,51,74200.0,4.17,4,No,2,2024,0
E08768,IT,60,58575.0,4.71,17,No,0,2023,0
E08769,Marketing,56,51962.0,3.45,17,Yes,4,2021,0
E08770,Finance,28,50484.0,4.43,7,No,1,2018,0
E08771,IT,30,72198.0,3.03,15,No,4,2024,0
E08772,Finance,24,73014.0,2.37,16,Yes,4,2019,0
E08773,Sales,34,61830.0,4.69,15,No,6,2024,0
E08774,Marketing,27,74534.0,2.38,17,Yes,7,2018,0
E08775,Finance,46,92208.0,3.5,8,Yes,3,2018,0
E08776,Marketing,44,80193.0,4.34,5,No,4,2024,0
E08777,Sales,40,47962.0,1.72,13,No,3,2026,0
E08778,Finance,39,87011.0,3.51,7,Yes,0,2025,0
E08779,Sales,27,32399.0,3.97,7,Yes,3,2018,0
E08780,IT,31,33073.0,2.98,9,No,7,2018,0
E08781,Operations,50,72517.0,3.57,4,Yes,5,2024,0
E08782,Finance,31,51306.0,3.12,14,Yes,0,2018,0
E08783,Marketing,29,74046.0,4.48,10,No,3,2022,0
E08784,IT,38,62705.0,5.0,5,No,4,2024,0
E08785,Marketing,52,74465.0,4.62,17,No,1,2021,0
E08786,Finance,26,76671.0,2.95,3,No,6,2018,0
E08787,Sales,33,28000.0,3.84,8,Yes,7,2019,0
E08788,IT,31,55248.0,3.95,14,No,2,2021,0
E08789,Finance,43,79251.0,2.05,0,Yes,1,2026,1
E08790,Sales,52,60998.0,2.51,13,No,2,2020,0
E08791,Finance,53,80231.0,3.76,3,Yes,3,2021,0
E08792,Operations,30,60011.0,2.34,10,No,5,2021,0
E08793,HR,53,31837.0,3.65,3,Yes,1,2025,0
E08794,HR,57,72273.0,3.57,9,No,6,2024,0
E08795,HR,53,58187.0,2.9,16,No,4,2020,0
E08796,Sales,22,35103.0,4.76,2,No,3,2021,0
E08797,Finance,27,79928.0,3.61,3,No,6,2026,0
E08798,Sales,56,74192.0,3.96,8,No,3,2024,0
E08799,IT,31,46225.0,2.96,15,No,6,2022,0
E08800,Sales,45,34472.0,2.66,11,No,2,2023,0
E08801,Sales,22,86553.0,3.22,11,No,2,2023,0
E08802,Sales,44,81026.0,4.25,12,No,6,2025,0
E08803,Marketing,43,60728.0,3.55,11,No,4,2026,0
E08804,Operations,34,53684.0,3.46,14,No,2,2026,0
E08805,Operations,42,59408.0,4.31,9,Yes,3,2019,0
E08806,Operations,26,61466.0,3.01,6,No,4,2018,0
E08807,IT,37,91433.0,4.16,16,No,2,2022,1
E08808,Finance,58,84000.0,3.37,10,No,2,2018,0
E08809,Sales,34,56438.0,2.37,4,Yes,0,2024,1
E08810,Marketing,28,28000.0,2.83,0,No,4,2020,0
E08811,Finance,21,95769.0,3.23,6,No,5,2025,1
E08812,IT,42,38629.0,3.85,13,No,1,2019,0
E08813,Operations,49,30677.0,4.36,6,No,5,2023,0
E08814,HR,35,69438.0,3.31,6,No,3,2023,0
E08815,IT,44,76705.0,2.99,14,No,0,2022,0
E08816,IT,30,73820.0,4.08,10,No,3,2024,0
E08817,Sales,42,44268.0,3.77,0,No,5,2025,0
E08818,Finance,49,78582.0,3.32,4,Yes,6,2020,0
E08819,Operations,24,81323.0,2.89,12,No,5,2023,0
E08820,Sales,42,53645.0,4.15,8,Yes,5,2026,0
E08821,HR,52,35618.0,4.37,10,No,7,2020,1
E08822,HR,21,55031.0,2.61,14,No,4,2018,0
E08823,IT,41,66941.0,3.08,6,No,2,2026,0
E08824,Sales,30,64037.0,2.55,14,No,1,2022,0
E08825,Finance,40,28000.0,4.6,13,Yes,6,2024,0
E08826,Sales,34,28000.0,4.04,15,Yes,0,2018,1
E08827,Operations,28,50313.0,3.61,4,No,0,2020,0
E08828,Sales,50,63776.0,3.08,9,No,0,2022,0
E08829,HR,27,88534.0,2.41,15,No,3,2025,1
E08830,Operations,53,30813.0,4.54,13,Yes,2,2022,0
E08831,IT,28,34352.0,1.68,3,No,4,2022,0
E08832,Operations,29,66899.0,3.57,15,Yes,2,2018,1
E08833,Finance,51,80748.0,3.67,16,No,3,2026,0
E08834,Marketing,31,69438.0,4.26,13,No,2,2019,0
E08835,Operations,56,42810.0,3.46,2,No,6,2018,0
E08836,Finance,34,70919.0,4.02,6,No,2,2024,0
E08837,Operations,50,57802.0,3.36,7,No,0,2021,0
E08838,IT,47,94085.0,2.8,2,Yes,3,2021,0
E08839,HR,59,89719.0,2.89,10,No,4,2026,0
E08840,Marketing,41,46234.0,3.85,9,No,6,2026,0
E08841,IT,27,106234.0,3.44,12,No,3,2020,0
E08842,Sales,39,54509.0,3.81,3,Yes,4,2018,0
E08843,Operations,32,38615.0,3.39,11,No,0,2021,0
E08844,Operations,30,57986.0,3.02,16,No,3,2023,0
E08845,HR,37,35155.0,2.49,15,No,5,2018,1
E08846,IT,52,77877.0,3.78,9,No,3,2023,0
E08847,Marketing,38,56105.0,4.04,0,No,3,2020,1
E08848,Operations,58,85326.0,3.28,17,No,7,2024,0
E08849,IT,48,54150.0,4.22,16,No,5,2018,0
E08850,HR,33,47617.0,4.13,7,No,2,2019,0
E08851,Sales,27,37084.0,3.99,1,No,1,2025,0
E08852,IT,28,83107.0,4.51,1,No,2,2021,0
E08853,HR,21,58213.0,3.91,4,Yes,2,2020,0
E08854,HR,43,72951.0,2.85,7,Yes,7,2019,1
E08855,Operations,47,61607.0,3.4,12,No,7,2022,0
E08856,HR,39,66167.0,2.52,4,No,5,2018,0
E08857,IT,46,56742.0,3.28,9,No,6,2020,0
E08858,Finance,43,66476.0,2.06,0,No,6,2018,1
E08859,IT,36,73352.0,2.57,1,No,2,2018,0
E08860,Marketing,54,70598.0,3.01,3,Yes,5,2024,1
E08861,Sales,30,86177.0,3.69,11,Yes,1,2019,1
E08862,Sales,48,37786.0,3.41,9,No,7,2019,1
E08863,Operations,59,86548.0,3.16,12,No,2,2026,0
E08864,Finance,41,43217.0,4.07,7,No,4,2023,0
E08865,Operations,35,67877.0,3.15,16,Yes,6,2018,0
E08866,Sales,44,63765.0,2.37,5,No,0,2019,0
E08867,Sales,31,92652.0,4.5,16,Yes,1,2026,0
E08868,Marketing,40,67924.0,3.55,1,Yes,0,2024,1
E08869,IT,23,49209.0,3.21,11,Yes,1,2022,0
E08870,Finance,44,111538.0,4.35,1,Yes,1,2022,0
E08871,HR,23,43218.0,3.74,9,Yes,7,2026,0
E08872,Sales,34,87744.0,3.22,5,No,3,2021,0
E08873,Operations,50,76046.0,2.98,5,No,3,2019,0
E08874,Finance,56,61823.0,2.52,10,No,1,2022,0
E08875,Operations,23,70470.0,2.82,15,No,2,2018,0
E08876,IT,45,66305.0,3.5,17,No,5,2026,0
E08877,IT,24,71852.0,4.44,11,No,2,2022,0
E08878,Sales,23,53357.0,4.54,1,No,5,2018,0
E08879,Sales,58,95347.0,3.34,11,Yes,7,2025,0
E08880,Sales,55,95537.0,2.95,11,No,1,2023,0
E08881,Operations,44,52190.0,4.31,2,No,0,2021,0
E08882,Marketing,32,82099.0,3.46,6,No,4,2019,0
E08883,Marketing,42,37736.0,2.97,10,No,0,2019,0
E08884,Operations,42,72269.0,2.66,1,No,7,2024,0
E08885,IT,31,59610.0,3.12,4,No,5,2018,0
E08886,Operations,36,75772.0,1.81,6,No,0,2025,0
E08887,IT,37,70669.0,3.37,16,No,5,2021,0
E08888,Operations,51,74763.0,2.92,12,No,3,2025,0
E08889,IT,48,44219.0,2.64,9,No,1,2022,0
E08890,Marketing,24,77102.0,3.08,17,No,4,2024,0
E08891,HR,41,69032.0,3.41,1,Yes,6,2026,0
E08892,Sales,53,108994.0,3.82,1,No,6,2020,0
E08893,Sales,24,54665.0,3.79,1,Yes,0,2026,0
E08894,Sales,23,50792.0,3.54,8,No,2,2026,0
E08895,Operations,46,76896.0,3.48,9,Yes,4,2019,0
E08896,HR,25,73945.0,4.53,9,No,4,2023,0
E08897,Sales,59,43696.0,3.72,15,No,5,2020,0
E08898,IT,36,77261.0,3.08,2,No,4,2026,0
E08899,Operations,54,49582.0,3.69,11,No,2,2023,0
E08900,Sales,43,82328.0,2.45,3,No,1,2021,0
E08901,Operations,21,45452.0,3.53,6,No,4,2018,0
E08902,Operations,41,93002.0,3.94,11,No,0,2019,0
E08903,Operations,26,69913.0,2.59,6,No,7,2025,0
E08904,HR,35,37679.0,3.6,14,Yes,4,2022,0
E08905,Operations,55,52159.0,2.75,7,No,1,2026,0
E08906,HR,58,61576.0,3.51,3,No,2,2021,0
E08907,Marketing,57,53629.0,3.24,15,No,5,2020,0
E08908,Operations,38,66055.0,3.98,13,No,7,2023,0
E08909,HR,22,76940.0,3.23,5,Yes,5,2023,0
E08910,HR,34,52888.0,1.89,1,Yes,0,2018,0
E08911,Operations,35,77154.0,4.29,0,Yes,7,2024,0
E08912,HR,22,81088.0,3.83,5,Yes,2,2019,0
E08913,Sales,37,85344.0,3.38,16,No,6,2026,0
E08914,Marketing,58,44688.0,3.42,9,No,5,2021,0
E08915,Operations,52,71498.0,3.26,4,No,6,2020,0
E08916,Marketing,46,54910.0,3.74,7,No,7,2021,0
E08917,Operations,26,57476.0,3.85,1,No,4,2021,0
E08918,Operations,24,69749.0,4.06,13,No,3,2018,0
E08919,IT,53,69775.0,3.13,14,No,5,2026,0
E08920,Marketing,58,37249.0,1.93,9,No,2,2022,0
E08921,IT,52,58983.0,3.67,11,Yes,1,2023,0
E08922,HR,30,56377.0,2.78,13,No,4,2022,0
E08923,Sales,59,67807.0,1.85,0,Yes,7,2026,1
E08924,IT,23,77297.0,3.69,14,No,6,2024,0
E08925,Finance,59,73159.0,3.94,2,No,5,2020,0
E08926,Operations,47,60858.0,4.73,12,No,6,2019,0
E08927,Finance,42,47025.0,2.35,14,Yes,6,2022,0
E08928,Marketing,45,70480.0,2.64,15,Yes,5,2026,0
E08929,Operations,29,70746.0,3.25,15,No,3,2020,0
E08930,IT,57,57238.0,3.33,6,No,0,2025,0
E08931,Sales,41,28000.0,3.16,1,Yes,6,2023,0
E08932,Operations,58,59006.0,3.93,9,Yes,5,2018,0
E08933,Operations,38,32195.0,2.29,10,No,7,2026,0
E08934,IT,60,42983.0,2.99,2,No,0,2026,1
E08935,IT,24,81721.0,4.15,6,Yes,1,2021,0
E08936,Operations,43,52468.0,3.27,1,No,6,2018,0
E08937,IT,37,54295.0,4.61,0,No,2,2020,0
E08938,Sales,26,54651.0,2.69,9,Yes,4,2024,1
E08939,Operations,28,93173.0,4.1,12,No,5,2019,0
E08940,Operations,43,69379.0,3.82,1,Yes,7,2024,0
E08941,Operations,26,48904.0,2.78,4,No,5,2026,0
E08942,IT,24,74217.0,3.48,6,No,0,2020,0
E08943,Marketing,30,52287.0,3.95,3,No,7,2023,0
E08944,IT,51,101598.0,3.99,17,No,6,2019,0
E08945,HR,33,48278.0,3.59,15,No,3,2026,0
E08946,Operations,49,81310.0,2.48,13,No,5,2019,0
E08947,HR,57,82804.0,2.34,10,No,5,2019,0
E08948,Sales,59,62949.0,4.26,10,Yes,4,2024,0
E08949,Finance,36,80770.0,3.05,5,No,7,2019,0
E08950,Operations,54,69025.0,3.62,15,No,2,2024,0
E08951,IT,26,63405.0,3.57,8,No,1,2021,0
E08952,IT,27,58644.0,3.29,3,No,2,2020,0
E08953,Sales,51,46964.0,4.18,3,Yes,2,2026,0
E08954,Operations,29,65111.0,3.59,0,No,7,2022,0
E08955,Sales,52,98586.0,3.4,11,No,1,2024,0
E08956,Finance,55,83825.0,4.1,3,No,0,2025,0
E08957,IT,22,88746.0,2.73,3,No,6,2026,0
E08958,Operations,50,68241.0,3.79,7,No,0,2019,0
E08959,Marketing,22,60701.0,4.98,4,No,4,2026,0
E08960,Sales,31,31151.0,2.86,16,No,5,2024,0
E08961,Operations,51,69888.0,4.12,13,No,3,2020,0
E08962,Operations,31,73491.0,3.33,8,No,5,2020,0
E08963,Marketing,45,57531.0,4.2,14,No,1,2023,0
E08964,IT,57,49512.0,2.94,3,No,6,2023,1
E08965,Operations,48,47498.0,2.63,2,No,6,2020,0
E08966,Operations,53,65123.0,3.2,6,Yes,2,2022,0
E08967,Marketing,57,70038.0,2.88,16,No,6,2025,0
E08968,Finance,26,55488.0,4.15,17,Yes,4,2023,1
E08969,Finance,49,74224.0,3.33,2,No,5,2019,0
E08970,Finance,33,69998.0,2.41,7,No,7,2024,0
E08971,Marketing,37,71448.0,2.43,9,No,6,2018,0
E08972,IT,58,125306.0,2.3,11,Yes,6,2025,1
E08973,IT,25,68725.0,4.27,0,No,5,2023,0
E08974,IT,24,78488.0,2.51,16,No,7,2022,0
E08975,Sales,48,66333.0,3.53,5,Yes,4,2024,1
E08976,Operations,29,67016.0,3.05,17,Yes,7,2019,0
E08977,Operations,39,46392.0,2.77,6,No,2,2020,0
E08978,Operations,47,68493.0,3.48,7,No,7,2018,0
E08979,Sales,30,72975.0,3.42,1,No,5,2020,0
E08980,Finance,54,49640.0,3.39,8,Yes,7,2026,0
E08981,Operations,53,57084.0,4.64,5,No,4,2022,0
E08982,Operations,50,69174.0,4.16,5,No,2,2023,0
E08983,Marketing,26,67503.0,3.18,0,No,7,2020,0
E08984,Finance,38,64527.0,2.89,12,Yes,3,2023,0
E08985,IT,54,71430.0,3.04,8,Yes,4,2019,0
E08986,Finance,30,102771.0,2.56,9,No,3,2026,0
E08987,Finance,47,85679.0,3.5,0,Yes,2,2020,1
E08988,IT,58,28000.0,2.18,2,No,3,2026,0
E08989,Operations,32,76648.0,2.94,0,No,3,2022,0
E08990,Sales,32,69929.0,2.42,1,No,6,2019,0
E08991,Operations,58,87473.0,2.92,14,Yes,7,2021,0
E08992,Operations,21,28000.0,3.18,12,No,7,2023,0
E08993,Operations,31,58399.0,2.57,14,No,0,2024,1
E08994,Marketing,24,37971.0,3.35,17,Yes,0,2025,0
E08995,IT,47,73092.0,4.36,8,No,1,2019,0
E08996,Finance,22,73280.0,4.67,8,Yes,4,2026,0
E08997,Marketing,37,77389.0,3.03,4,Yes,0,2022,0
E08998,Operations,58,44026.0,2.88,0,No,6,2018,0
E08999,Operations,49,54507.0,3.93,12,Yes,6,2026,0
E09000,Sales,31,58335.0,2.67,6,No,5,2023,0
E09001,IT,25,50385.0,2.81,5,No,0,2018,0
E09002,IT,37,60881.0,3.79,8,No,4,2020,0
E09003,Sales,32,64723.0,3.44,12,No,4,2026,0
E09004,Finance,59,63617.0,4.0,1,No,5,2024,0
E09005,HR,58,47045.0,3.58,3,Yes,5,2020,0
E09006,Sales,30,64675.0,4.3,9,No,7,2024,0
E09007,Finance,42,97583.0,3.35,11,No,5,2019,0
E09008,Operations,28,57265.0,4.09,13,No,4,2019,0
E09009,IT,43,93681.0,4.14,16,Yes,1,2019,0
E09010,Marketing,31,67808.0,4.23,17,No,4,2024,0
E09011,Marketing,55,50789.0,3.34,5,Yes,6,2026,0
E09012,Finance,21,47234.0,3.58,9,Yes,7,2023,0
E09013,Operations,39,69073.0,2.9,16,No,7,2023,0
E09014,Operations,43,57573.0,4.17,8,Yes,4,2020,0
E09015,Marketing,24,60599.0,3.69,15,No,6,2020,0
E09016,Finance,25,47645.0,3.4,7,Yes,6,2025,1
E09017,Operations,43,47558.0,3.08,6,No,1,2025,0
E09018,Finance,47,64850.0,5.0,15,No,5,2022,0
E09019,Operations,39,34897.0,4.23,9,No,7,2018,0
E09020,Operations,60,58755.0,3.29,16,No,6,2021,0
E09021,Marketing,57,98859.0,4.33,2,No,2,2023,0
E09022,Operations,36,80625.0,3.96,17,No,2,2024,0
E09023,IT,34,71919.0,4.05,17,No,1,2021,0
E09024,Operations,26,89401.0,3.19,6,No,7,2025,0
E09025,Operations,42,45816.0,3.51,12,No,6,2021,0
E09026,IT,36,33117.0,3.3,2,No,6,2025,0
E09027,Finance,27,72641.0,1.83,5,No,6,2018,0
E09028,IT,32,49922.0,4.11,5,No,5,2019,0
E09029,Sales,29,62150.0,3.53,13,No,7,2023,0
E09030,Finance,36,57456.0,3.82,2,No,1,2022,0
E09031,IT,58,63252.0,2.79,16,No,6,2019,0
E09032,IT,58,28000.0,3.24,13,No,3,2019,0
E09033,HR,57,52371.0,2.19,0,No,3,2020,0
E09034,Sales,30,43502.0,4.32,4,Yes,0,2023,0
E09035,IT,52,72335.0,3.47,5,Yes,6,2018,0
E09036,IT,46,72866.0,2.89,5,Yes,6,2025,0
E09037,IT,48,64651.0,3.78,14,No,6,2021,0
E09038,IT,24,82630.0,2.63,16,No,0,2022,1
E09039,Sales,36,72080.0,4.57,7,Yes,3,2023,0
E09040,HR,37,110002.0,2.97,5,No,7,2018,0
E09041,IT,43,62282.0,2.59,7,Yes,6,2022,1
E09042,Finance,27,77635.0,3.66,4,Yes,5,2021,0
E09043,Sales,28,70892.0,3.33,1,Yes,3,2021,1
E09044,Sales,25,68161.0,3.19,17,No,2,2022,0
E09045,Operations,38,76894.0,3.13,13,No,6,2019,0
E09046,Finance,48,61658.0,4.24,10,No,0,2018,0
E09047,Sales,37,106077.0,3.26,2,No,3,2020,0
E09048,Operations,33,59027.0,3.6,11,No,5,2018,0
E09049,Operations,24,89568.0,2.54,10,No,5,2018,0
E09050,Sales,28,92437.0,3.32,16,No,7,2019,0
E09051,IT,39,41928.0,4.01,4,Yes,3,2024,0
E09052,Operations,29,61201.0,3.81,2,No,1,2021,0
E09053,IT,25,53277.0,3.76,9,No,4,2025,0
E09054,Finance,41,64005.0,3.41,9,No,2,2026,0
E09055,Finance,27,87352.0,3.74,8,No,1,2020,0
E09056,Sales,43,54383.0,3.76,1,No,4,2025,0
E09057,IT,29,50134.0,4.51,6,No,6,2022,0
E09058,Marketing,23,56585.0,3.74,4,No,2,2024,0
E09059,HR,22,85315.0,3.12,7,No,4,2021,0
E09060,Operations,38,88085.0,4.31,10,No,1,2022,0
E09061,Operations,46,49090.0,3.03,4,No,6,2025,0
E09062,Operations,59,64731.0,3.07,6,No,2,2021,0
E09063,IT,41,94294.0,3.28,11,No,6,2019,0
E09064,IT,36,55459.0,3.59,13,No,0,2025,0
E09065,HR,54,47574.0,3.8,10,No,5,2019,0
E09066,Sales,44,71498.0,3.2,7,No,2,2022,0
E09067,IT,23,29405.0,2.07,9,No,2,2023,1
E09068,Marketing,54,45758.0,3.52,15,Yes,2,2019,0
E09069,Sales,28,91813.0,4.21,8,Yes,3,2018,0
E09070,IT,55,28000.0,1.95,15,No,0,2023,0
E09071,Operations,53,91826.0,2.45,4,No,4,2026,0
E09072,Marketing,29,65220.0,3.72,10,Yes,0,2019,0
E09073,HR,57,65542.0,3.16,14,No,5,2023,0
E09074,Sales,23,47051.0,3.33,5,No,5,2026,0
E09075,IT,52,46017.0,2.59,6,Yes,0,2026,0
E09076,IT,25,33195.0,1.62,9,Yes,4,2019,0
E09077,Marketing,30,66850.0,2.73,0,Yes,6,2022,1
E09078,Operations,23,87219.0,2.87,0,No,5,2018,0
E09079,Operations,21,69599.0,2.66,17,Yes,0,2021,0
E09080,IT,21,51519.0,4.66,15,No,0,2018,0
E09081,HR,28,54078.0,4.02,12,Yes,3,2024,0
E09082,Sales,56,80214.0,3.98,9,Yes,6,2018,0
E09083,Operations,23,81508.0,2.71,15,Yes,6,2026,0
E09084,HR,22,40696.0,3.73,16,No,2,2020,0
E09085,Finance,29,51166.0,4.04,13,No,7,2020,0
E09086,Operations,34,79830.0,2.99,11,No,5,2023,0
E09087,IT,54,54429.0,3.17,12,No,0,2019,0
E09088,HR,31,28000.0,4.62,8,Yes,1,2026,0
E09089,IT,36,58414.0,2.99,12,No,5,2018,0
E09090,Sales,54,64075.0,3.22,17,No,1,2025,0
E09091,Operations,49,47069.0,4.26,10,No,2,2018,0
E09092,Sales,40,70196.0,3.25,10,Yes,3,2023,0
E09093,Sales,24,104400.0,2.44,15,Yes,0,2020,1
E09094,IT,30,53239.0,3.17,15,No,2,2026,0
E09095,Finance,59,60636.0,3.58,6,No,0,2024,0
E09096,Finance,40,60779.0,2.29,10,No,0,2020,1
E09097,Operations,23,47826.0,3.38,9,Yes,5,2020,0
E09098,Marketing,23,47973.0,2.58,12,No,0,2018,0
E09099,Operations,41,90777.0,3.67,15,No,1,2022,0
E09100,Sales,27,55578.0,1.79,5,No,3,2024,0
E09101,Sales,49,48252.0,3.11,6,Yes,7,2021,0
E09102,Operations,47,74764.0,3.05,1,No,3,2025,0
E09103,Operations,57,84238.0,3.25,10,No,7,2019,0
E09104,Marketing,38,51514.0,3.46,11,No,4,2018,0
E09105,Sales,23,86508.0,3.13,10,No,6,2022,0
E09106,IT,43,63417.0,4.73,15,No,4,2019,0
E09107,Marketing,36,84405.0,3.39,0,No,5,2026,0
E09108,Marketing,56,82033.0,4.11,2,No,5,2020,0
E09109,IT,56,56737.0,3.65,14,Yes,2,2026,0
E09110,Operations,43,43665.0,4.07,7,Yes,7,2025,0
E09111,Finance,52,55550.0,3.39,12,Yes,0,2024,0
E09112,Sales,21,40946.0,2.93,6,No,1,2019,0
E09113,Operations,56,85805.0,1.56,5,No,5,2024,0
E09114,Sales,25,71880.0,2.96,14,No,1,2019,0
E09115,HR,56,42472.0,3.87,16,No,1,2018,0
E09116,Sales,27,72328.0,3.15,9,Yes,7,2020,0
E09117,Sales,46,34956.0,3.48,14,Yes,6,2022,0
E09118,Sales,26,48573.0,4.48,14,No,7,2026,0
E09119,IT,49,73213.0,2.89,6,No,0,2019,0
E09120,Marketing,21,59125.0,3.91,9,No,2,2020,0
E09121,Sales,53,73785.0,4.42,9,Yes,1,2019,0
E09122,IT,44,28000.0,3.8,9,Yes,6,2018,0
E09123,HR,22,99120.0,2.71,1,No,7,2023,0
E09124,Finance,30,57953.0,3.92,12,Yes,2,2018,0
E09125,Operations,52,51989.0,3.07,10,No,2,2023,0
E09126,Sales,36,77238.0,2.63,14,Yes,5,2020,1
E09127,IT,57,33818.0,1.23,16,No,1,2021,1
E09128,IT,54,37102.0,4.14,14,Yes,6,2023,0
E09129,Marketing,44,84421.0,2.23,6,No,0,2023,1
E09130,Sales,41,90170.0,3.43,3,No,6,2025,0
E09131,Finance,34,68877.0,3.29,15,Yes,0,2023,1
E09132,Sales,36,73940.0,2.82,13,No,0,2023,0
E09133,IT,57,41616.0,3.8,13,No,3,2023,0
E09134,HR,38,30720.0,3.37,5,Yes,0,2024,0
E09135,IT,53,66817.0,3.4,17,No,6,2018,0
E09136,Sales,54,87592.0,3.39,11,Yes,3,2019,0
E09137,Sales,27,55492.0,4.22,11,Yes,4,2026,0
E09138,Sales,41,61208.0,4.71,0,Yes,4,2025,0
E09139,IT,25,92397.0,4.21,4,No,4,2018,0
E09140,Operations,53,76759.0,3.64,14,No,4,2023,0
E09141,Operations,51,55868.0,3.95,7,Yes,0,2020,0
E09142,IT,47,85308.0,4.57,4,No,4,2024,0
E09143,IT,50,46550.0,3.15,16,No,4,2024,0
E09144,IT,25,75160.0,3.71,0,Yes,3,2026,0
E09145,Sales,32,52115.0,4.23,13,No,1,2022,0
E09146,IT,47,61811.0,2.97,16,No,7,2020,0
E09147,Operations,49,53002.0,2.75,4,Yes,1,2025,0
E09148,IT,45,81159.0,3.43,0,No,1,2026,0
E09149,Operations,34,64807.0,1.89,3,No,7,2023,0
E09150,Operations,26,44343.0,2.44,10,No,0,2018,0
E09151,Operations,30,33466.0,2.21,14,No,3,2018,0
E09152,IT,47,28000.0,2.85,5,No,6,2021,1
E09153,Finance,21,60452.0,3.27,16,Yes,2,2024,0
E09154,Operations,44,64632.0,4.12,9,No,6,2022,0
E09155,Sales,35,55244.0,2.94,10,No,7,2022,0
E09156,Operations,21,78662.0,4.39,11,No,6,2018,0
E09157,Finance,40,39699.0,2.52,17,No,4,2023,0
E09158,Operations,28,60688.0,3.69,9,No,2,2026,0
E09159,Marketing,42,113095.0,3.65,17,Yes,3,2026,0
E09160,Operations,36,28000.0,2.76,9,No,3,2026,0
E09161,HR,52,46278.0,3.89,16,No,6,2021,0
E09162,Sales,38,33532.0,5.0,16,Yes,6,2023,0
E09163,Operations,47,85617.0,3.12,6,Yes,7,2020,0
E09164,Operations,60,46509.0,3.78,11,No,4,2022,0
E09165,Sales,51,87855.0,3.47,2,No,6,2025,0
E09166,Operations,40,51249.0,4.75,4,No,3,2025,0
E09167,HR,46,71238.0,3.16,15,No,2,2021,0
E09168,Finance,37,82141.0,3.72,17,No,4,2021,0
E09169,HR,22,62128.0,2.75,8,No,2,2026,0
E09170,Sales,31,59479.0,2.87,0,No,5,2021,0
E09171,HR,21,82049.0,3.62,6,No,1,2019,0
E09172,Sales,48,48953.0,3.18,17,Yes,2,2019,0
E09173,Sales,31,66681.0,2.8,9,No,3,2022,0
E09174,Marketing,52,119586.0,2.86,4,No,5,2021,0
E09175,Operations,24,59280.0,3.79,5,Yes,7,2023,1
E09176,Finance,34,57815.0,3.74,6,Yes,5,2018,0
E09177,Sales,25,55513.0,3.12,3,Yes,4,2018,0
E09178,IT,35,57397.0,3.88,17,No,0,2019,0
E09179,Sales,31,50148.0,3.24,10,Yes,5,2020,0
E09180,Finance,44,112371.0,4.35,15,No,0,2022,0
E09181,IT,60,67845.0,3.3,3,No,6,2018,1
E09182,Operations,22,56046.0,3.56,3,No,6,2026,0
E09183,Marketing,24,56919.0,1.54,16,No,1,2021,0
E09184,Finance,35,42994.0,2.79,2,No,1,2021,0
E09185,IT,23,53301.0,3.48,9,No,1,2026,0
E09186,IT,32,43968.0,3.36,6,No,0,2024,0
E09187,HR,25,58104.0,3.09,12,Yes,5,2025,0
E09188,HR,56,46742.0,3.75,16,Yes,2,2020,0
E09189,HR,21,40521.0,3.27,4,No,2,2026,0
E09190,Finance,54,42216.0,3.07,6,No,4,2019,0
E09191,Finance,29,69034.0,3.87,6,No,2,2025,0
E09192,Finance,45,54958.0,3.4,15,No,1,2023,0
E09193,Sales,31,53396.0,3.09,9,No,1,2019,0
E09194,Marketing,51,64176.0,4.21,15,No,3,2021,0
E09195,Sales,34,38171.0,3.85,2,No,2,2019,0
E09196,Operations,45,61809.0,4.34,17,No,5,2023,0
E09197,Finance,51,28150.0,1.83,14,No,2,2026,0
E09198,Marketing,43,89702.0,4.54,15,No,1,2021,0
E09199,IT,24,108800.0,3.22,5,No,7,2022,0
E09200,Operations,46,81486.0,3.69,0,Yes,4,2023,0
E09201,Operations,50,81613.0,3.05,17,No,1,2021,0
E09202,Marketing,44,60702.0,3.08,13,Yes,4,2021,0
E09203,Marketing,43,60400.0,3.12,3,No,6,2019,0
E09204,Marketing,25,61347.0,2.94,15,No,4,2023,0
E09205,Sales,39,107687.0,3.54,12,No,4,2021,0
E09206,Marketing,29,28000.0,3.47,14,Yes,4,2019,0
E09207,Finance,47,68446.0,2.63,13,Yes,1,2023,1
E09208,IT,39,88903.0,2.51,5,No,2,2023,1
E09209,HR,33,68170.0,2.61,5,Yes,2,2019,0
E09210,Finance,55,57307.0,2.93,7,No,6,2019,0
E09211,Operations,37,79827.0,3.37,12,No,7,2020,0
E09212,Operations,28,36187.0,3.63,2,Yes,2,2018,0
E09213,Marketing,34,108548.0,3.42,6,No,7,2020,1
E09214,IT,38,61069.0,2.8,8,No,3,2026,0
E09215,Marketing,57,70384.0,4.13,9,Yes,7,2023,0
E09216,Finance,40,80509.0,2.3,4,No,3,2025,0
E09217,Operations,48,34560.0,3.54,4,No,4,2025,0
E09218,Sales,31,75429.0,3.0,4,No,6,2023,0
E09219,Marketing,54,28014.0,3.24,5,No,6,2019,0
E09220,Operations,27,44016.0,3.59,13,No,6,2022,0
E09221,Marketing,22,78749.0,3.72,15,No,5,2020,0
E09222,Operations,52,44307.0,4.29,7,No,6,2023,0
E09223,Marketing,53,81308.0,3.89,5,Yes,7,2025,1
E09224,Sales,60,45387.0,3.53,8,No,3,2024,0
E09225,Finance,30,59390.0,3.42,9,No,5,2020,1
E09226,Sales,45,55966.0,3.52,15,No,7,2025,0
E09227,Operations,58,99161.0,4.32,2,No,5,2020,0
E09228,Sales,37,71122.0,4.34,7,No,7,2023,0
E09229,Marketing,25,76782.0,3.34,15,Yes,5,2023,1
E09230,Marketing,36,64934.0,2.3,8,No,2,2021,0
E09231,Operations,41,61078.0,2.1,11,No,2,2026,0
E09232,IT,27,84491.0,3.57,17,Yes,3,2022,0
E09233,Sales,21,47353.0,3.24,2,No,1,2023,0
E09234,Sales,33,83480.0,4.2,16,No,5,2025,0
E09235,Marketing,41,90512.0,3.46,13,Yes,4,2026,1
E09236,Sales,49,81649.0,3.17,8,No,0,2024,0
E09237,IT,58,44332.0,3.45,4,Yes,2,2026,0
E09238,Marketing,57,45039.0,3.05,11,No,3,2025,0
E09239,Operations,50,80580.0,3.42,13,No,5,2022,0
E09240,Operations,21,40312.0,5.0,7,Yes,0,2024,0
E09241,Marketing,30,37419.0,3.72,5,No,0,2022,0
E09242,HR,47,73560.0,4.51,11,Yes,1,2023,0
E09243,Sales,60,60361.0,4.4,9,Yes,4,2018,0
E09244,Operations,57,86465.0,3.18,5,No,5,2020,0
E09245,IT,51,58348.0,4.6,0,Yes,6,2024,0
E09246,IT,30,73263.0,5.0,1,Yes,4,2021,1
E09247,IT,52,81648.0,3.83,3,Yes,2,2023,0
E09248,Marketing,50,84867.0,2.76,10,No,5,2019,0
E09249,Operations,39,47798.0,3.89,6,No,0,2023,0
E09250,Operations,56,69073.0,4.01,5,No,0,2026,0
E09251,Operations,48,86909.0,4.71,9,No,4,2020,0
E09252,Operations,56,119016.0,3.67,17,No,0,2022,0
E09253,IT,37,92756.0,3.68,2,Yes,0,2021,1
E09254,IT,39,50479.0,2.87,14,No,6,2026,0
E09255,IT,32,28000.0,3.39,17,Yes,7,2020,0
E09256,Marketing,54,54954.0,2.55,5,No,6,2022,0
E09257,Sales,34,56186.0,2.89,15,Yes,0,2021,1
E09258,Operations,31,42821.0,4.11,14,No,2,2023,0
E09259,Sales,23,39308.0,3.49,3,No,4,2025,0
E09260,IT,30,83188.0,3.18,6,No,4,2021,0
E09261,HR,48,95971.0,3.13,9,Yes,1,2023,0
E09262,Finance,50,70337.0,2.71,13,Yes,5,2026,1
E09263,Sales,46,68736.0,3.89,11,No,7,2022,0
E09264,Sales,36,28000.0,4.44,6,No,7,2023,0
E09265,Operations,22,54576.0,2.59,1,No,3,2026,0
E09266,Sales,47,64640.0,4.11,16,Yes,6,2021,0
E09267,Operations,37,95699.0,3.55,1,Yes,0,2024,0
E09268,IT,44,71849.0,4.75,5,No,7,2022,0
E09269,Operations,43,53159.0,3.54,15,No,2,2022,0
E09270,HR,26,86534.0,4.5,14,Yes,0,2019,0
E09271,IT,57,104158.0,3.15,10,No,3,2019,0
E09272,Marketing,23,62561.0,3.18,15,No,0,2024,0
E09273,Marketing,30,60156.0,2.5,12,No,7,2019,0
E09274,IT,38,74584.0,3.68,8,Yes,5,2021,0
E09275,Operations,27,60273.0,2.44,16,No,3,2024,0
E09276,Sales,31,76504.0,4.52,6,No,3,2025,0
E09277,Finance,45,52583.0,2.25,17,Yes,7,2018,0
E09278,Sales,47,50858.0,3.45,2,Yes,4,2018,0
E09279,Finance,43,56974.0,2.92,4,No,7,2024,0
E09280,Finance,31,75980.0,2.67,3,Yes,6,2019,0
E09281,Sales,38,53991.0,3.47,8,No,3,2024,1
E09282,Finance,44,70772.0,4.73,3,No,0,2019,0
E09283,HR,23,51006.0,3.69,7,No,7,2026,0
E09284,Operations,26,35529.0,3.13,0,No,5,2019,0
E09285,Sales,57,74431.0,1.93,4,Yes,4,2019,1
E09286,IT,40,62091.0,3.05,16,No,1,2024,0
E09287,HR,22,93185.0,2.25,15,No,5,2022,0
E09288,IT,44,53681.0,4.73,0,No,0,2020,0
E09289,Marketing,53,82134.0,3.58,11,No,3,2026,0
E09290,Operations,34,42789.0,4.85,5,Yes,5,2024,0
E09291,Finance,21,39608.0,4.04,0,Yes,3,2021,0
E09292,Sales,32,61445.0,2.38,6,Yes,2,2021,1
E09293,Finance,34,53248.0,2.64,0,No,4,2023,0
E09294,IT,21,91924.0,2.89,7,Yes,0,2026,0
E09295,IT,35,43327.0,3.57,7,No,0,2025,0
E09296,IT,35,67156.0,2.29,0,Yes,6,2023,0
E09297,Operations,46,55074.0,3.71,6,No,4,2022,0
E09298,Operations,59,78693.0,3.64,6,Yes,5,2019,0
E09299,IT,42,51421.0,2.57,14,No,0,2025,0
E09300,Operations,57,47987.0,2.42,11,Yes,5,2020,0
E09301,Sales,35,31400.0,3.44,0,No,1,2023,0
E09302,Sales,44,79241.0,2.75,10,Yes,4,2023,0
E09303,IT,55,62258.0,3.92,3,No,5,2026,0
E09304,Sales,41,66745.0,3.96,3,Yes,6,2026,0
E09305,Operations,59,74849.0,3.8,7,Yes,6,2023,0
E09306,Marketing,55,45796.0,4.04,5,Yes,1,2023,0
E09307,HR,31,32903.0,3.54,6,Yes,1,2022,0
E09308,Sales,47,45126.0,3.77,13,No,3,2026,0
E09309,HR,24,61957.0,2.93,5,Yes,1,2019,0
E09310,Operations,39,53069.0,3.48,10,No,2,2021,0
E09311,Marketing,31,55316.0,3.46,6,Yes,4,2026,0
E09312,Finance,46,43411.0,4.32,15,No,6,2020,0
E09313,Sales,34,78414.0,3.81,11,Yes,5,2019,0
E09314,Sales,56,66740.0,4.62,7,No,1,2018,0
E09315,Marketing,35,54737.0,2.65,7,Yes,6,2024,0
E09316,IT,34,37311.0,2.67,3,No,2,2019,0
E09317,Sales,53,40780.0,3.9,12,No,7,2026,0
E09318,IT,51,37533.0,1.62,0,No,7,2026,0
E09319,Finance,39,41353.0,3.76,9,Yes,2,2023,0
E09320,HR,54,28000.0,4.66,5,Yes,3,2023,0
E09321,Operations,50,81542.0,3.49,16,No,1,2023,0
E09322,Sales,49,58093.0,3.81,13,No,3,2018,0
E09323,Sales,35,106708.0,4.29,6,No,5,2026,0
E09324,Marketing,24,46998.0,3.49,3,No,4,2022,0
E09325,IT,38,83970.0,2.47,4,No,2,2018,0
E09326,Operations,59,54832.0,5.0,2,No,6,2021,0
E09327,Sales,41,68523.0,3.83,0,No,2,2020,0
E09328,Sales,47,65082.0,3.23,1,No,4,2024,0
E09329,IT,52,40695.0,4.01,15,No,3,2020,0
E09330,Marketing,40,70397.0,4.65,12,Yes,2,2023,0
E09331,Marketing,31,84446.0,3.48,15,No,5,2019,0
E09332,Marketing,37,49992.0,3.56,17,No,2,2022,0
E09333,Sales,56,98923.0,3.49,14,No,2,2020,0
E09334,Operations,26,41093.0,3.82,16,No,5,2022,0
E09335,IT,27,62643.0,2.07,13,No,3,2019,0
E09336,Sales,24,86113.0,3.84,3,Yes,3,2025,0
E09337,Operations,49,58598.0,3.12,2,No,4,2022,0
E09338,Operations,36,57107.0,2.56,15,No,1,2025,0
E09339,Sales,50,29245.0,3.82,14,No,6,2026,0
E09340,Sales,55,82428.0,2.8,6,No,5,2026,1
E09341,Marketing,26,61883.0,3.06,3,Yes,2,2025,0
E09342,Operations,22,79012.0,3.26,3,No,5,2020,0
E09343,Operations,33,46794.0,3.25,8,No,5,2026,1
E09344,HR,56,69112.0,3.01,12,No,0,2022,0
E09345,Finance,39,102717.0,2.53,13,Yes,0,2022,0
E09346,Sales,44,33620.0,2.21,9,No,6,2020,0
E09347,Finance,36,86905.0,3.07,9,No,3,2020,0
E09348,IT,55,81087.0,3.87,14,No,0,2020,0
E09349,HR,25,91204.0,3.33,14,No,7,2020,1
E09350,HR,53,62684.0,3.68,15,No,3,2025,0
E09351,Operations,31,51598.0,3.0,6,No,6,2020,0
E09352,IT,24,56936.0,4.35,4,No,0,2023,0
E09353,Operations,27,34861.0,3.06,16,No,6,2023,0
E09354,Operations,34,58654.0,1.92,16,Yes,6,2024,1
E09355,Operations,44,69609.0,2.73,12,Yes,0,2024,0
E09356,Finance,51,53162.0,3.96,12,Yes,6,2020,0
E09357,IT,60,45842.0,3.51,2,No,4,2025,0
E09358,Operations,51,96244.0,4.22,4,Yes,7,2019,1
E09359,Marketing,46,96418.0,3.85,5,Yes,3,2025,0
E09360,HR,30,63868.0,3.28,5,No,4,2021,0
E09361,Marketing,51,65486.0,2.56,2,Yes,7,2025,0
E09362,Finance,25,66855.0,3.32,8,Yes,7,2018,0
E09363,Operations,31,46627.0,3.13,3,Yes,1,2025,0
E09364,Marketing,48,54569.0,2.59,7,No,4,2023,0
E09365,Sales,30,70109.0,3.64,4,Yes,7,2023,0
E09366,Operations,52,58334.0,3.12,1,No,3,2023,0
E09367,IT,26,74477.0,4.02,17,No,7,2020,0
E09368,Sales,37,68572.0,4.54,15,No,7,2020,0
E09369,Sales,47,74964.0,2.77,15,No,7,2023,1
E09370,IT,54,66976.0,3.73,11,No,7,2020,0
E09371,Finance,40,80180.0,3.1,15,No,1,2019,0
E09372,Marketing,28,94251.0,2.25,1,Yes,3,2024,0
E09373,IT,31,56211.0,3.43,1,No,7,2023,0
E09374,Sales,44,37082.0,2.33,15,No,2,2018,0
E09375,IT,55,59965.0,3.37,3,Yes,0,2019,0
E09376,Operations,33,86031.0,3.75,15,No,3,2022,0
E09377,Sales,44,68484.0,4.91,2,No,3,2021,0
E09378,Operations,55,70139.0,3.29,6,Yes,7,2018,1
E09379,Marketing,59,71510.0,3.54,5,Yes,0,2025,0
E09380,Sales,34,78675.0,2.91,16,Yes,3,2023,0
E09381,Operations,23,60446.0,4.73,5,Yes,4,2025,0
E09382,Sales,56,65042.0,4.23,15,No,0,2018,0
E09383,Sales,26,60722.0,2.24,5,Yes,3,2018,0
E09384,Marketing,27,76154.0,2.29,17,No,2,2024,0
E09385,Operations,51,104710.0,4.3,4,No,2,2023,0
E09386,Operations,50,68265.0,2.86,0,Yes,0,2025,0
E09387,Marketing,27,75107.0,3.08,9,No,4,2022,0
E09388,IT,42,67781.0,2.98,17,No,2,2026,0
E09389,Sales,56,67973.0,2.56,7,Yes,2,2021,0
E09390,IT,43,76374.0,3.73,14,No,3,2025,0
E09391,Sales,35,47825.0,2.97,8,Yes,1,2025,0
E09392,IT,56,32433.0,3.44,11,Yes,6,2021,0
E09393,Marketing,36,43997.0,2.51,5,No,5,2019,1
E09394,HR,41,50412.0,2.07,13,No,7,2024,0
E09395,Sales,47,73907.0,4.22,3,No,4,2023,0
E09396,IT,44,47019.0,3.9,0,No,7,2023,0
E09397,IT,42,78641.0,3.53,1,No,4,2023,0
E09398,Sales,24,52777.0,2.91,17,No,7,2021,0
E09399,Operations,39,70083.0,4.12,7,No,7,2025,0
E09400,HR,32,53964.0,4.19,13,No,6,2018,0
E09401,IT,32,83264.0,2.25,16,No,4,2023,1
E09402,Operations,46,86194.0,2.86,1,No,2,2020,0
E09403,Finance,57,76518.0,3.95,7,Yes,3,2023,1
E09404,Sales,42,57228.0,3.58,10,Yes,0,2020,0
E09405,Marketing,35,69929.0,4.39,6,No,1,2026,1
E09406,IT,39,84752.0,2.5,12,No,1,2023,0
E09407,Operations,32,60691.0,3.78,7,Yes,3,2018,0
E09408,Sales,58,52489.0,3.44,0,No,0,2024,0
E09409,Marketing,32,28000.0,2.88,5,No,4,2023,0
E09410,IT,45,69397.0,2.89,10,No,6,2023,0
E09411,Sales,58,71048.0,3.39,7,Yes,2,2020,0
E09412,Marketing,53,64172.0,2.69,1,Yes,3,2018,0
E09413,Finance,35,58380.0,3.27,16,No,3,2022,0
E09414,Sales,34,58134.0,3.27,9,No,7,2025,0
E09415,Sales,33,62716.0,4.37,1,No,1,2026,0
E09416,Sales,31,78269.0,4.33,17,Yes,4,2020,0
E09417,Operations,48,61192.0,4.19,1,Yes,4,2026,1
E09418,Sales,23,92755.0,3.86,9,Yes,3,2021,0
E09419,Operations,53,90692.0,3.02,0,No,2,2022,0
E09420,IT,33,49529.0,3.69,4,No,7,2020,0
E09421,Finance,37,89524.0,3.08,2,No,6,2020,0
E09422,Marketing,33,82607.0,3.55,14,No,1,2025,0
E09423,Finance,60,75655.0,3.27,16,No,3,2018,0
E09424,HR,40,46606.0,3.31,11,No,1,2020,0
E09425,Marketing,31,71656.0,2.95,3,Yes,3,2021,0
E09426,IT,49,94609.0,3.78,0,No,6,2022,0
E09427,Operations,23,56208.0,3.16,2,Yes,2,2025,0
E09428,Operations,28,82011.0,4.95,11,No,2,2025,0
E09429,Operations,53,62362.0,3.99,13,No,1,2024,0
E09430,Marketing,50,46857.0,3.63,7,No,3,2024,0
E09431,Operations,52,67315.0,4.09,6,No,7,2020,0
E09432,Operations,45,76709.0,4.96,6,No,7,2025,0
E09433,Sales,21,71212.0,3.44,10,No,5,2023,0
E09434,IT,57,71188.0,3.74,3,No,3,2024,0
E09435,HR,50,77348.0,3.61,9,No,2,2019,0
E09436,Finance,43,75665.0,3.5,9,No,4,2023,0
E09437,Operations,44,60708.0,3.7,17,No,6,2025,0
E09438,IT,41,55609.0,3.42,14,No,0,2021,1
E09439,Marketing,50,51666.0,3.6,10,Yes,4,2022,0
E09440,HR,48,70511.0,2.6,7,No,3,2022,1
E09441,IT,35,53787.0,2.9,15,No,2,2020,0
E09442,Sales,48,78511.0,3.35,4,No,7,2025,0
E09443,Marketing,51,45890.0,2.14,9,No,3,2019,0
E09444,Sales,56,60778.0,2.67,12,Yes,4,2024,0
E09445,Operations,26,74782.0,3.12,7,No,6,2022,0
E09446,HR,39,65995.0,2.76,2,Yes,2,2019,0
E09447,Operations,41,38263.0,3.57,11,No,0,2021,1
E09448,Sales,41,57417.0,4.17,5,Yes,5,2026,0
E09449,Sales,30,100001.0,2.51,15,No,7,2019,1
E09450,Operations,50,51051.0,2.75,2,No,5,2019,0
E09451,Finance,54,85852.0,3.3,6,No,0,2023,0
E09452,Operations,58,72073.0,2.84,2,No,0,2026,0
E09453,HR,41,76566.0,2.95,13,Yes,6,2025,1
E09454,Operations,55,56810.0,3.4,11,No,2,2020,0
E09455,Sales,52,71802.0,5.0,13,No,7,2021,0
E09456,Marketing,26,69904.0,2.52,1,No,2,2018,0
E09457,IT,25,79385.0,3.96,14,No,1,2024,0
E09458,HR,50,50282.0,3.23,8,No,2,2022,0
E09459,Sales,36,38908.0,3.27,9,No,7,2023,0
E09460,Sales,22,73289.0,2.82,7,Yes,6,2021,0
E09461,Finance,57,38661.0,3.61,13,No,4,2021,0
E09462,HR,28,42105.0,3.35,2,No,7,2024,0
E09463,Sales,29,64359.0,3.16,4,No,3,2024,0
E09464,Marketing,47,97115.0,4.49,3,Yes,4,2018,0
E09465,Operations,52,54383.0,2.78,8,No,7,2026,0
E09466,Operations,48,77533.0,3.02,8,No,1,2020,0
E09467,Operations,41,38471.0,2.8,15,No,3,2024,0
E09468,Finance,44,83584.0,2.6,16,No,0,2018,0
E09469,Sales,41,75827.0,2.78,14,No,0,2019,1
E09470,IT,60,53699.0,2.96,4,No,5,2020,0
E09471,HR,44,41705.0,3.0,13,Yes,3,2018,0
E09472,Sales,53,63293.0,3.79,1,No,0,2020,0
E09473,Sales,58,59603.0,2.39,7,Yes,5,2020,0
E09474,Sales,56,65683.0,2.99,0,No,5,2020,0
E09475,Finance,40,64420.0,3.86,3,No,5,2025,0
E09476,Sales,50,47021.0,4.55,0,Yes,3,2018,0
E09477,Sales,21,54739.0,3.54,4,No,2,2024,0
E09478,Finance,46,59109.0,4.55,14,No,5,2025,0
E09479,Marketing,33,43167.0,3.88,14,Yes,2,2019,0
E09480,Finance,45,29022.0,3.45,13,Yes,2,2026,0
E09481,IT,24,84365.0,3.38,7,No,7,2025,0
E09482,Sales,43,53369.0,2.89,10,Yes,7,2024,0
E09483,Marketing,34,82165.0,2.85,1,No,5,2018,0
E09484,Sales,28,86100.0,2.83,12,No,4,2020,0
E09485,Operations,37,59602.0,3.84,9,Yes,3,2019,0
E09486,Operations,31,83134.0,3.05,2,No,5,2026,0
E09487,Sales,56,55336.0,3.37,15,No,2,2018,0
E09488,Operations,25,107106.0,4.39,15,Yes,7,2025,0
E09489,HR,36,76714.0,3.41,5,No,5,2018,0
E09490,IT,41,60276.0,3.93,17,No,1,2021,0
E09491,Marketing,32,77563.0,3.18,1,No,4,2019,0
E09492,HR,45,60955.0,3.36,5,No,5,2023,0
E09493,Operations,42,61380.0,2.76,7,No,3,2026,0
E09494,Operations,46,28000.0,3.88,8,No,2,2018,1
E09495,Marketing,49,28000.0,3.19,14,No,1,2023,0
E09496,Operations,47,99217.0,4.19,9,No,6,2026,0
E09497,Operations,39,40647.0,3.75,4,Yes,0,2019,0
E09498,IT,53,72715.0,3.53,9,Yes,0,2026,0
E09499,Marketing,40,42896.0,4.1,13,No,3,2022,0
E09500,Sales,29,69703.0,3.2,2,No,5,2021,0
E09501,Marketing,41,37737.0,2.45,0,Yes,3,2026,0
E09502,Marketing,49,67269.0,4.54,15,No,6,2026,0
E09503,Sales,51,62360.0,3.68,5,Yes,1,2022,0
E09504,Operations,49,67000.0,2.94,14,No,2,2020,1
E09505,HR,54,40339.0,3.3,13,Yes,4,2024,1
E09506,Operations,53,60888.0,3.4,4,Yes,5,2021,0
E09507,HR,51,66282.0,3.5,17,No,5,2025,0
E09508,Sales,53,57934.0,4.06,9,No,2,2023,0
E09509,Finance,47,59522.0,2.92,7,No,0,2024,0
E09510,IT,40,56074.0,2.7,2,No,1,2022,0
E09511,Marketing,44,57070.0,3.17,12,No,4,2025,0
E09512,Operations,59,80493.0,3.74,13,No,6,2019,0
E09513,Sales,53,93175.0,3.2,5,No,1,2026,0
E09514,Operations,42,66772.0,4.31,15,Yes,7,2025,0
E09515,IT,37,41227.0,3.36,14,No,4,2018,0
E09516,Operations,60,63343.0,2.07,10,No,1,2025,0
E09517,HR,24,54829.0,3.61,16,No,0,2023,0
E09518,IT,57,41814.0,1.58,17,No,4,2025,0
E09519,Finance,45,79021.0,3.34,9,Yes,6,2023,0
E09520,Finance,42,59844.0,2.32,13,No,5,2021,0
E09521,Sales,42,50741.0,3.01,15,Yes,1,2023,0
E09522,Sales,55,99441.0,3.15,16,No,0,2022,0
E09523,IT,23,43330.0,4.13,0,Yes,6,2019,1
E09524,Operations,31,63975.0,1.88,15,No,6,2021,0
E09525,IT,44,97957.0,4.04,15,No,0,2024,0
E09526,Operations,52,69306.0,3.28,8,No,3,2022,0
E09527,IT,42,79358.0,4.01,11,No,2,2025,1
E09528,HR,42,43928.0,3.59,4,No,2,2019,1
E09529,IT,40,100320.0,2.61,6,No,0,2018,0
E09530,HR,44,64128.0,3.14,9,Yes,1,2018,0
E09531,Sales,53,81317.0,2.91,12,No,7,2019,0
E09532,Finance,45,76197.0,3.1,8,No,3,2023,0
E09533,Operations,55,72898.0,4.48,0,No,3,2025,0
E09534,Finance,25,41629.0,2.55,3,No,4,2024,0
E09535,Marketing,50,68115.0,4.63,5,Yes,3,2021,0
E09536,Sales,58,39095.0,4.09,5,No,1,2020,0
E09537,IT,22,51655.0,4.25,13,No,4,2024,0
E09538,Sales,49,84677.0,1.92,1,No,0,2025,0
E09539,IT,23,54269.0,2.56,15,No,4,2025,0
E09540,Marketing,22,88411.0,2.77,13,No,2,2018,1
E09541,IT,24,62032.0,3.59,6,No,2,2024,0
E09542,Marketing,21,62437.0,3.21,6,Yes,5,2022,0
E09543,IT,41,46268.0,3.23,6,No,1,2020,0
E09544,Sales,46,95732.0,2.71,12,No,3,2018,0
E09545,Finance,47,79313.0,3.42,7,No,3,2023,0
E09546,Sales,32,56920.0,3.13,10,No,6,2022,0
E09547,Finance,36,60946.0,3.62,8,No,3,2022,0
E09548,Sales,35,28000.0,1.71,12,No,7,2025,0
E09549,Sales,52,62921.0,3.29,9,No,4,2025,0
E09550,Sales,56,94900.0,3.58,13,Yes,4,2021,0
E09551,Sales,34,60511.0,4.51,17,No,5,2019,0
E09552,Finance,42,77081.0,2.27,5,Yes,7,2020,0
E09553,HR,30,82104.0,3.14,1,Yes,4,2026,0
E09554,Sales,40,70767.0,3.48,12,No,3,2026,0
E09555,Sales,51,76490.0,3.69,11,Yes,5,2024,0
E09556,Finance,30,89023.0,4.66,13,No,7,2023,0
E09557,Sales,43,30213.0,2.81,13,No,2,2018,1
E09558,Marketing,56,105396.0,3.18,12,No,0,2026,0
E09559,IT,51,70009.0,4.33,4,Yes,6,2021,0
E09560,HR,45,62977.0,3.08,15,No,5,2021,0
E09561,Marketing,49,69152.0,4.57,17,No,0,2021,0
E09562,Sales,51,54123.0,1.69,11,No,6,2024,0
E09563,Operations,25,94080.0,3.32,0,Yes,2,2019,0
E09564,IT,27,79993.0,3.06,15,No,2,2026,0
E09565,Sales,51,71930.0,2.51,10,No,6,2019,0
E09566,IT,24,77918.0,4.38,16,Yes,6,2024,0
E09567,Operations,55,47934.0,3.02,15,Yes,2,2020,0
E09568,Marketing,46,49166.0,3.22,16,Yes,1,2021,0
E09569,Finance,32,71923.0,4.12,14,No,1,2020,0
E09570,Marketing,57,89400.0,2.86,1,Yes,3,2020,0
E09571,Finance,37,51554.0,3.23,0,No,3,2018,0
E09572,Operations,24,65191.0,4.37,2,Yes,0,2026,0
E09573,Finance,39,70990.0,2.65,9,No,4,2021,0
E09574,IT,23,83253.0,3.56,7,Yes,2,2026,0
E09575,Sales,42,71460.0,3.65,13,No,3,2024,0
E09576,Operations,33,79953.0,3.93,0,No,1,2022,0
E09577,Operations,57,85783.0,4.88,8,No,1,2022,0
E09578,Operations,53,87286.0,3.19,9,Yes,7,2023,0
E09579,Sales,52,75194.0,3.78,13,Yes,5,2023,0
E09580,IT,45,45993.0,4.89,7,Yes,6,2023,0
E09581,HR,48,82059.0,3.87,11,No,0,2018,1
E09582,Operations,33,67295.0,3.32,7,No,3,2021,0
E09583,Sales,26,88502.0,4.33,4,No,6,2024,0
E09584,Sales,35,89618.0,2.18,12,No,4,2024,0
E09585,Sales,28,61346.0,3.48,16,No,2,2026,0
E09586,Operations,36,35848.0,3.23,13,Yes,5,2025,0
E09587,Marketing,34,80821.0,4.69,4,No,3,2018,0
E09588,IT,59,71920.0,2.61,3,Yes,2,2019,1
E09589,Sales,34,46304.0,3.02,11,No,2,2023,0
E09590,IT,59,88789.0,3.16,9,Yes,4,2022,0
E09591,Operations,25,46643.0,3.75,7,No,6,2020,0
E09592,Operations,44,55031.0,4.25,1,Yes,7,2024,0
E09593,Sales,41,66784.0,3.9,17,No,6,2021,0
E09594,Marketing,51,62158.0,3.84,6,Yes,5,2021,0
E09595,Sales,26,79644.0,3.26,13,No,1,2021,0
E09596,Operations,22,48987.0,3.78,0,Yes,2,2019,0
E09597,IT,54,79995.0,3.22,6,No,0,2026,0
E09598,Sales,56,47308.0,4.11,9,Yes,5,2022,0
E09599,Marketing,53,80958.0,4.13,15,No,0,2021,0
E09600,Marketing,21,51344.0,4.39,11,No,2,2023,0
E09601,HR,40,98047.0,3.31,16,No,0,2020,0
E09602,HR,50,30577.0,3.33,17,Yes,3,2026,0
E09603,Operations,36,50163.0,3.61,15,No,6,2020,0
E09604,Marketing,56,92378.0,2.46,3,Yes,4,2020,0
E09605,Finance,22,68280.0,3.11,15,No,3,2026,0
E09606,IT,31,76444.0,3.83,15,No,4,2018,1
E09607,Marketing,43,59262.0,4.42,16,Yes,6,2021,0
E09608,Finance,48,28472.0,3.69,13,Yes,1,2026,0
E09609,IT,47,92491.0,4.14,14,No,3,2022,1
E09610,HR,32,51483.0,3.63,3,Yes,2,2026,1
E09611,Sales,39,69381.0,4.51,5,Yes,7,2019,0
E09612,IT,30,34720.0,3.47,3,No,0,2025,1
E09613,Finance,37,82348.0,2.52,15,No,7,2023,0
E09614,HR,34,73584.0,2.99,10,No,0,2018,0
E09615,Sales,35,69415.0,3.83,3,No,2,2022,0
E09616,Marketing,49,58201.0,2.86,1,No,6,2021,0
E09617,Sales,36,59835.0,2.49,14,No,1,2022,0
E09618,Sales,58,116041.0,3.67,8,Yes,3,2024,0
E09619,IT,46,63249.0,3.37,14,Yes,2,2020,0
E09620,Operations,21,74682.0,2.82,7,No,4,2021,0
E09621,Finance,41,54073.0,4.24,8,No,3,2020,0
E09622,Operations,38,83584.0,2.72,3,Yes,1,2022,0
E09623,Finance,35,58241.0,4.11,12,No,7,2023,0
E09624,Marketing,47,76287.0,3.49,16,Yes,7,2026,0
E09625,Operations,35,77665.0,2.49,0,No,1,2025,0
E09626,Marketing,28,82885.0,4.08,0,Yes,2,2025,0
E09627,Finance,31,100248.0,3.09,4,Yes,1,2018,0
E09628,HR,21,88497.0,3.44,6,No,5,2022,0
E09629,Finance,47,65660.0,4.9,5,No,6,2023,0
E09630,IT,48,64979.0,4.09,9,No,1,2023,0
E09631,HR,26,80834.0,2.1,0,No,0,2025,0
E09632,Sales,60,73136.0,3.26,16,No,4,2023,0
E09633,Operations,60,49988.0,3.28,11,No,6,2018,0
E09634,IT,36,69402.0,3.33,7,Yes,0,2019,0
E09635,HR,41,72882.0,2.48,13,No,4,2022,0
E09636,Sales,46,93104.0,3.23,3,No,7,2023,0
E09637,Finance,22,81703.0,2.93,8,No,3,2025,0
E09638,Finance,30,68046.0,3.37,14,Yes,2,2018,0
E09639,Sales,54,77555.0,1.82,13,No,2,2021,0
E09640,Sales,58,99030.0,3.26,9,No,4,2023,0
E09641,Sales,27,80540.0,3.56,7,No,3,2026,0
E09642,Sales,55,62619.0,1.96,4,Yes,3,2020,0
E09643,Sales,26,73680.0,3.45,0,No,0,2024,0
E09644,Sales,43,28000.0,3.36,3,No,5,2019,0
E09645,IT,57,48203.0,3.31,15,No,2,2022,0
E09646,Sales,40,39914.0,4.53,4,No,4,2019,0
E09647,Finance,51,60907.0,2.87,17,No,5,2022,0
E09648,Sales,54,53826.0,3.78,15,No,7,2026,0
E09649,Marketing,52,46434.0,2.8,7,No,6,2025,0
E09650,Sales,50,89234.0,2.92,10,Yes,6,2021,0
E09651,IT,44,59034.0,3.11,14,No,4,2018,0
E09652,Operations,34,84938.0,3.73,0,No,7,2022,0
E09653,IT,28,110996.0,3.6,10,No,0,2023,0
E09654,IT,59,63666.0,3.4,4,No,0,2024,0
E09655,Finance,60,38437.0,4.38,15,No,4,2019,0
E09656,Finance,35,62296.0,3.29,10,Yes,7,2019,1
E09657,Finance,49,76450.0,3.85,13,Yes,2,2020,0
E09658,Sales,49,69063.0,1.77,0,Yes,2,2022,0
E09659,Marketing,27,86606.0,3.92,4,Yes,7,2018,0
E09660,Sales,56,77162.0,4.28,5,No,1,2020,0
E09661,Operations,46,60157.0,4.02,0,No,4,2022,0
E09662,Operations,38,60237.0,3.75,16,No,5,2026,0
E09663,Sales,24,82056.0,3.91,10,No,0,2025,0
E09664,Operations,34,80118.0,3.28,12,No,4,2023,0
E09665,IT,30,83885.0,3.11,1,No,6,2024,0
E09666,Sales,51,39480.0,4.56,8,No,7,2024,0
E09667,IT,28,75203.0,2.56,9,No,6,2021,0
E09668,HR,59,59982.0,2.87,12,No,4,2026,0
E09669,Operations,39,84873.0,3.3,14,No,6,2021,0
E09670,IT,25,67379.0,3.62,6,No,6,2019,0
E09671,Operations,24,75169.0,3.35,15,Yes,1,2021,0
E09672,Sales,58,89348.0,2.83,12,No,7,2018,0
E09673,Sales,46,77118.0,3.55,10,No,3,2026,0
E09674,Marketing,42,73561.0,4.14,15,No,3,2018,0
E09675,IT,26,78724.0,3.77,16,Yes,0,2022,0
E09676,Finance,56,44331.0,2.55,7,No,2,2025,0
E09677,IT,24,65487.0,3.34,8,Yes,2,2025,1
E09678,Finance,58,33911.0,2.83,13,No,1,2019,0
E09679,HR,48,50025.0,3.63,3,No,7,2020,0
E09680,Finance,54,39470.0,3.18,7,No,7,2024,0
E09681,Operations,34,63777.0,2.56,10,No,0,2026,0
E09682,Finance,57,58151.0,2.84,4,Yes,1,2018,0
E09683,Finance,35,70727.0,3.31,3,No,0,2026,0
E09684,Finance,40,93402.0,3.11,5,Yes,3,2026,1
E09685,Sales,50,84405.0,2.81,5,No,6,2024,0
E09686,Operations,35,99342.0,3.5,16,No,4,2025,0
E09687,Sales,32,58557.0,3.24,11,No,3,2019,0
E09688,Operations,57,63243.0,2.43,9,No,6,2023,0
E09689,Operations,48,52607.0,3.95,17,No,5,2019,0
E09690,Sales,22,74704.0,4.68,12,No,2,2023,1
E09691,HR,44,67893.0,4.83,9,No,0,2018,0
E09692,Sales,38,93038.0,3.44,10,No,7,2026,0
E09693,Marketing,57,53837.0,3.77,8,Yes,5,2026,0
E09694,HR,57,58909.0,2.79,8,No,2,2024,1
E09695,Marketing,24,110264.0,3.28,15,No,1,2026,0
E09696,IT,56,36082.0,3.32,1,Yes,1,2021,0
E09697,Finance,48,58844.0,3.39,11,No,6,2026,0
E09698,IT,52,112031.0,3.82,8,No,2,2022,0
E09699,Operations,24,54848.0,3.8,4,No,0,2026,0
E09700,Operations,56,70818.0,3.74,15,No,5,2026,0
E09701,Finance,23,40250.0,4.31,7,No,2,2024,0
E09702,Operations,23,50803.0,3.92,0,No,4,2026,0
E09703,IT,42,48277.0,5.0,10,No,4,2021,0
E09704,IT,55,84940.0,2.62,11,No,4,2024,0
E09705,Operations,27,48459.0,4.0,9,No,7,2020,0
E09706,Marketing,58,53792.0,4.13,7,No,5,2020,0
E09707,Operations,59,52459.0,2.46,10,Yes,6,2024,1
E09708,HR,33,72674.0,3.62,0,No,7,2020,0
E09709,Operations,23,89506.0,3.89,10,No,1,2018,0
E09710,Operations,47,50604.0,2.85,13,No,3,2021,0
E09711,Marketing,51,60984.0,2.58,5,No,4,2022,0
E09712,Sales,26,84668.0,3.51,10,Yes,5,2026,0
E09713,Marketing,34,54439.0,2.76,11,Yes,0,2021,0
E09714,Marketing,46,63350.0,3.42,3,Yes,3,2019,0
E09715,Operations,28,51553.0,3.88,6,No,6,2025,0
E09716,Marketing,56,68004.0,3.49,15,No,5,2026,0
E09717,Sales,47,50550.0,3.22,10,No,7,2019,0
E09718,IT,60,72261.0,3.29,17,Yes,2,2018,0
E09719,IT,21,28000.0,2.85,8,No,1,2026,0
E09720,Operations,37,58421.0,3.52,13,No,3,2018,0
E09721,Sales,25,86189.0,3.29,3,No,7,2019,0
E09722,Sales,43,106590.0,3.28,13,No,7,2021,0
E09723,IT,47,70889.0,3.42,11,No,1,2025,0
E09724,IT,44,63288.0,3.28,3,No,2,2026,0
E09725,Operations,31,59538.0,2.95,0,No,2,2018,0
E09726,IT,25,70465.0,4.65,17,No,6,2021,1
E09727,HR,33,65420.0,3.01,9,No,0,2021,0
E09728,Operations,43,48502.0,3.96,9,Yes,2,2024,0
E09729,Finance,56,57569.0,3.73,4,No,7,2025,0
E09730,Sales,45,81179.0,3.45,8,Yes,7,2023,0
E09731,Sales,33,64301.0,3.01,2,No,2,2021,0
E09732,HR,37,84157.0,4.28,10,No,2,2020,0
E09733,Marketing,55,95095.0,2.57,3,No,4,2023,0
E09734,IT,35,37255.0,5.0,17,No,7,2024,0
E09735,Sales,60,102251.0,3.52,13,Yes,3,2018,0
E09736,IT,44,48031.0,4.0,8,No,7,2023,0
E09737,Sales,53,47052.0,5.0,16,No,6,2024,0
E09738,Sales,25,69914.0,3.7,14,No,6,2018,0
E09739,Marketing,44,64780.0,4.2,5,No,7,2021,0
E09740,Sales,24,65770.0,4.69,17,No,0,2024,0
E09741,Marketing,38,83081.0,4.11,0,No,0,2020,0
E09742,IT,57,65274.0,4.18,12,No,2,2018,0
E09743,Sales,44,85904.0,4.0,9,No,4,2023,0
E09744,Sales,53,59403.0,4.56,0,No,4,2023,0
E09745,Sales,52,69139.0,3.74,6,No,6,2021,1
E09746,Sales,42,67452.0,3.88,17,Yes,7,2018,0
E09747,IT,28,81834.0,2.8,4,No,1,2024,0
E09748,Sales,42,54567.0,4.78,11,No,6,2019,0
E09749,Marketing,52,59025.0,4.51,5,No,3,2021,0
E09750,Sales,33,53845.0,4.19,1,No,4,2022,0
E09751,Operations,57,62497.0,3.61,8,No,0,2021,0
E09752,Marketing,24,63784.0,2.84,1,No,1,2018,0
E09753,Finance,26,49107.0,2.85,7,No,7,2020,0
E09754,Sales,45,69311.0,2.66,15,No,3,2020,0
E09755,Finance,31,59711.0,3.8,17,No,3,2021,0
E09756,IT,60,75935.0,2.31,11,No,6,2020,0
E09757,IT,44,89199.0,3.85,14,No,6,2025,0
E09758,Operations,59,84597.0,4.09,6,No,0,2019,1
E09759,Operations,55,79940.0,2.62,5,Yes,5,2022,0
E09760,Operations,57,34401.0,3.37,9,No,7,2023,0
E09761,Marketing,58,46217.0,4.16,16,No,1,2018,0
E09762,HR,29,67591.0,2.76,14,No,6,2022,0
E09763,Operations,42,52100.0,2.17,2,Yes,7,2025,0
E09764,Operations,42,45715.0,2.74,5,No,7,2025,0
E09765,HR,47,73354.0,4.03,11,No,1,2021,0
E09766,Operations,39,91387.0,3.38,10,Yes,4,2022,0
E09767,Sales,54,98469.0,2.5,11,Yes,0,2018,0
E09768,Sales,36,56120.0,4.09,9,No,7,2023,0
E09769,HR,29,94100.0,4.14,10,No,6,2020,0
E09770,Sales,57,50904.0,4.02,4,Yes,6,2018,0
E09771,HR,55,102596.0,2.01,15,Yes,1,2021,0
E09772,Marketing,55,52959.0,2.3,15,No,5,2018,0
E09773,Operations,46,66091.0,3.7,6,No,4,2020,0
E09774,IT,31,56907.0,3.24,9,Yes,6,2019,0
E09775,Marketing,56,71985.0,3.3,1,No,3,2018,0
E09776,Sales,47,50348.0,2.86,10,No,7,2018,0
E09777,Sales,41,67828.0,2.81,11,No,4,2020,0
E09778,Operations,52,68049.0,3.81,6,No,0,2024,0
E09779,IT,58,43868.0,3.16,6,No,5,2022,0
E09780,Sales,29,65281.0,3.64,15,No,5,2018,0
E09781,Sales,26,68663.0,3.46,16,No,1,2019,0
E09782,Sales,48,92592.0,3.01,7,No,7,2024,0
E09783,Marketing,21,57799.0,4.78,2,No,1,2019,0
E09784,Operations,46,33257.0,2.49,3,No,0,2020,0
E09785,Finance,45,28000.0,2.92,6,No,7,2019,0
E09786,HR,39,79978.0,3.36,2,Yes,0,2023,0
E09787,Operations,42,51797.0,2.64,13,No,1,2020,1
E09788,Marketing,37,64251.0,3.31,8,Yes,0,2025,0
E09789,IT,38,64542.0,4.1,7,No,2,2018,0
E09790,Operations,47,58323.0,3.39,16,Yes,3,2019,0
E09791,IT,35,106568.0,2.61,10,No,2,2025,0
E09792,Sales,50,83184.0,3.16,14,No,1,2024,0
E09793,IT,43,87101.0,3.23,7,No,1,2026,0
E09794,Operations,51,62378.0,3.19,5,No,3,2019,0
E09795,Operations,22,38645.0,3.25,8,Yes,4,2018,0
E09796,IT,34,76928.0,3.46,0,No,6,2020,0
E09797,Operations,51,57588.0,4.71,1,No,7,2024,0
E09798,IT,43,67453.0,3.56,14,No,7,2026,0
E09799,Operations,22,86939.0,3.93,6,No,1,2018,0
E09800,Operations,39,61890.0,3.39,15,No,4,2026,0
E09801,Sales,30,38586.0,3.83,0,No,0,2019,0
E09802,Marketing,46,62952.0,2.85,14,No,3,2021,0
E09803,Sales,49,79545.0,4.17,16,No,3,2026,0
E09804,Operations,30,55338.0,2.84,10,No,4,2020,0
E09805,Operations,56,64995.0,5.0,11,No,0,2020,0
E09806,IT,39,56435.0,3.16,2,No,3,2026,0
E09807,IT,49,67650.0,3.49,16,No,1,2023,0
E09808,Marketing,40,71007.0,2.75,8,No,6,2021,0
E09809,IT,26,64564.0,4.4,15,No,4,2022,0
E09810,Sales,29,86890.0,3.16,3,No,3,2023,0
E09811,Sales,39,28000.0,1.78,13,No,7,2023,0
E09812,HR,38,74283.0,3.93,17,No,1,2023,0
E09813,Sales,23,59053.0,4.76,10,No,2,2025,0
E09814,Sales,41,100308.0,3.03,0,No,1,2019,0
E09815,Operations,45,119007.0,3.63,17,No,3,2023,0
E09816,IT,24,57752.0,2.97,11,No,7,2019,0
E09817,HR,38,65790.0,3.1,15,Yes,7,2020,0
E09818,Finance,35,55736.0,3.97,9,No,3,2022,0
E09819,Operations,35,56712.0,4.13,11,No,0,2019,0
E09820,Finance,42,51611.0,4.11,6,No,2,2020,0
E09821,IT,32,87427.0,3.03,7,No,0,2024,0
E09822,IT,47,72229.0,3.08,15,Yes,5,2022,0
E09823,Sales,60,56128.0,3.0,10,Yes,5,2026,0
E09824,Marketing,26,40170.0,3.74,0,Yes,5,2023,1
E09825,Marketing,51,72042.0,3.51,6,Yes,3,2019,0
E09826,Operations,47,65394.0,3.54,7,No,1,2024,0
E09827,Sales,43,60975.0,4.62,4,No,3,2019,0
E09828,Operations,29,71846.0,3.06,17,No,2,2025,0
E09829,Operations,30,93271.0,3.86,13,Yes,4,2026,0
E09830,Sales,52,49364.0,4.4,1,Yes,7,2025,0
E09831,Marketing,38,66086.0,2.8,11,No,2,2019,0
E09832,IT,28,63784.0,3.1,14,No,0,2024,0
E09833,Marketing,39,71212.0,3.87,17,No,2,2023,0
E09834,IT,30,81237.0,3.87,2,Yes,4,2022,0
E09835,Finance,42,114313.0,3.24,5,Yes,5,2018,0
E09836,Sales,52,90164.0,2.98,14,No,5,2025,0
E09837,Sales,47,55359.0,3.1,16,No,1,2021,0
E09838,Marketing,32,31112.0,4.03,14,No,1,2023,0
E09839,Sales,33,34543.0,2.53,13,No,3,2023,0
E09840,Operations,33,51090.0,2.25,7,No,0,2021,0
E09841,IT,36,75196.0,3.48,0,No,1,2026,0
E09842,HR,43,77540.0,2.77,6,No,1,2018,0
E09843,Operations,30,82438.0,3.48,14,No,3,2021,0
E09844,Sales,47,55184.0,3.53,17,No,0,2020,1
E09845,Finance,58,42926.0,4.14,12,No,2,2019,0
E09846,HR,43,62881.0,2.31,16,No,6,2021,0
E09847,Operations,35,49369.0,3.59,7,No,5,2023,0
E09848,IT,30,66290.0,3.57,15,Yes,7,2025,0
E09849,Operations,48,64204.0,2.09,8,No,0,2020,1
E09850,Marketing,58,76035.0,3.45,12,No,5,2021,0
E09851,Operations,26,45855.0,3.74,14,No,6,2025,1
E09852,IT,30,59197.0,1.82,12,Yes,5,2025,0
E09853,HR,57,52563.0,2.66,7,No,1,2021,0
E09854,IT,44,101261.0,3.13,6,Yes,0,2020,0
E09855,Sales,21,61982.0,2.63,9,No,1,2018,0
E09856,IT,53,61414.0,3.77,10,No,1,2018,0
E09857,IT,49,68351.0,3.33,2,No,6,2022,0
E09858,IT,49,64422.0,3.31,13,No,2,2020,0
E09859,IT,56,76978.0,2.75,3,No,6,2022,0
E09860,Operations,27,65768.0,3.81,7,No,1,2025,0
E09861,Operations,24,60906.0,4.12,4,Yes,6,2020,0
E09862,Sales,49,62614.0,3.37,14,No,7,2025,0
E09863,Marketing,24,69198.0,3.29,17,Yes,4,2023,0
E09864,Operations,47,106532.0,2.51,13,No,2,2026,0
E09865,IT,32,87129.0,3.04,4,No,4,2025,0
E09866,IT,21,42724.0,2.65,13,Yes,2,2024,0
E09867,Operations,27,69584.0,3.87,8,No,3,2021,1
E09868,IT,29,97729.0,2.53,8,No,0,2026,0
E09869,Operations,40,73235.0,2.53,2,Yes,2,2019,0
E09870,IT,37,49884.0,2.99,16,Yes,6,2025,0
E09871,IT,58,69680.0,3.79,1,No,5,2018,0
E09872,Sales,38,109360.0,3.83,4,No,0,2021,0
E09873,Finance,26,47298.0,2.5,12,No,4,2024,0
E09874,Sales,24,55320.0,3.68,2,No,5,2023,0
E09875,HR,43,55170.0,3.0,3,No,7,2022,0
E09876,Operations,22,55113.0,4.07,15,No,5,2022,0
E09877,HR,55,60809.0,4.07,16,No,7,2026,0
E09878,Finance,52,58303.0,2.99,7,Yes,3,2022,0
E09879,IT,49,74446.0,4.34,17,Yes,6,2023,0
E09880,Sales,49,51159.0,4.5,9,Yes,1,2021,0
E09881,Marketing,24,45756.0,2.84,10,Yes,7,2022,0
E09882,Sales,49,105191.0,3.38,8,Yes,1,2021,0
E09883,IT,36,75446.0,4.67,6,No,5,2018,0
E09884,Sales,31,94606.0,3.83,9,Yes,2,2022,0
E09885,Marketing,44,65873.0,1.94,2,No,6,2019,0
E09886,Sales,22,81708.0,3.34,15,No,3,2023,0
E09887,Sales,40,73796.0,2.49,5,No,3,2022,1
E09888,Operations,37,87452.0,3.27,15,No,6,2021,1
E09889,Sales,43,76076.0,2.27,7,No,7,2025,0
E09890,Operations,56,91474.0,3.86,4,No,0,2019,0
E09891,IT,32,83134.0,4.32,13,No,6,2018,0
E09892,HR,38,70048.0,2.53,13,Yes,6,2018,0
E09893,IT,53,36824.0,2.28,6,No,5,2018,0
E09894,Marketing,58,60651.0,3.92,7,No,0,2019,0
E09895,Operations,51,68425.0,2.58,17,No,7,2026,0
E09896,Finance,36,62330.0,3.36,9,No,1,2022,0
E09897,IT,28,53956.0,3.4,5,No,6,2025,0
E09898,IT,41,76637.0,3.53,17,No,5,2020,0
E09899,Marketing,58,90273.0,3.19,12,Yes,3,2026,0
E09900,Marketing,28,99416.0,3.13,0,Yes,2,2024,0
E09901,IT,47,96492.0,2.59,11,No,0,2020,0
E09902,Operations,32,55838.0,2.48,4,No,7,2026,0
E09903,HR,51,31550.0,3.24,1,No,3,2023,0
E09904,Sales,57,33284.0,2.7,7,No,6,2026,0
E09905,IT,52,61022.0,2.94,13,No,6,2019,0
E09906,Operations,22,73461.0,1.94,9,Yes,1,2021,0
E09907,Finance,45,48626.0,3.25,1,Yes,6,2025,0
E09908,Sales,45,71548.0,2.96,10,No,3,2024,0
E09909,Sales,52,88714.0,4.2,2,No,7,2024,0
E09910,IT,40,38377.0,2.29,0,No,7,2020,0
E09911,Finance,40,39200.0,3.06,4,No,1,2025,0
E09912,Finance,53,93684.0,3.43,14,No,5,2024,1
E09913,Finance,40,75385.0,3.91,3,No,1,2022,0
E09914,Sales,45,68555.0,3.91,17,No,3,2019,0
E09915,Sales,40,59612.0,2.61,12,No,7,2021,0
E09916,Marketing,52,66968.0,2.97,15,No,7,2020,0
E09917,IT,27,60419.0,3.67,15,No,5,2019,0
E09918,Marketing,36,76628.0,3.45,1,No,4,2025,0
E09919,Operations,32,74643.0,2.65,7,No,4,2023,0
E09920,HR,37,71404.0,2.58,17,No,7,2020,0
E09921,IT,37,82427.0,3.8,17,No,7,2022,0
E09922,IT,59,70762.0,3.58,2,No,1,2023,0
E09923,Sales,43,63042.0,3.7,7,No,5,2023,0
E09924,Finance,30,63589.0,2.96,7,No,2,2021,0
E09925,Operations,31,85979.0,3.63,0,Yes,6,2018,1
E09926,Finance,23,83618.0,2.75,17,No,1,2022,0
E09927,HR,39,67992.0,3.7,5,Yes,1,2021,0
E09928,Operations,49,49553.0,2.89,9,No,2,2026,0
E09929,IT,21,34044.0,2.84,1,No,2,2020,0
E09930,Operations,24,83400.0,3.41,10,No,1,2025,0
E09931,Sales,29,48143.0,3.4,12,Yes,1,2021,0
E09932,Finance,47,48548.0,4.35,2,No,7,2022,0
E09933,Operations,36,58995.0,2.74,3,Yes,5,2021,0
E09934,IT,33,28000.0,1.85,14,Yes,5,2019,0
E09935,Finance,21,59398.0,3.79,0,No,3,2026,0
E09936,Sales,26,81636.0,2.67,14,No,2,2020,0
E09937,Finance,41,73823.0,3.71,17,No,7,2025,0
E09938,Operations,25,72444.0,5.0,6,No,7,2023,0
E09939,Finance,45,56743.0,3.26,2,Yes,6,2024,0
E09940,Operations,49,82825.0,2.51,2,Yes,6,2023,0
E09941,Operations,23,78256.0,4.24,17,No,2,2022,0
E09942,Marketing,42,36597.0,2.89,10,No,6,2018,0
E09943,Finance,28,76316.0,3.18,4,Yes,5,2022,0
E09944,IT,35,28000.0,2.96,2,Yes,2,2026,0
E09945,IT,27,57880.0,3.11,3,No,0,2019,0
E09946,Operations,50,76725.0,2.68,14,No,0,2024,0
E09947,HR,46,81395.0,4.14,6,No,2,2023,0
E09948,Sales,45,40493.0,2.86,9,No,7,2023,0
E09949,IT,28,55436.0,3.63,12,Yes,3,2024,0
E09950,Operations,54,86419.0,3.26,17,Yes,3,2018,0
E09951,Operations,39,77248.0,3.64,4,Yes,4,2019,0
E09952,Sales,23,77537.0,3.5,13,No,7,2018,0
E09953,HR,29,107774.0,3.5,14,No,1,2022,0
E09954,Sales,38,55456.0,1.97,3,Yes,3,2019,1
E09955,HR,38,88733.0,4.19,14,No,7,2020,0
E09956,IT,25,62309.0,4.67,9,Yes,6,2024,1
E09957,Marketing,39,66278.0,3.54,12,No,7,2019,0
E09958,Finance,40,82976.0,3.34,15,No,4,2020,0
E09959,Finance,23,77220.0,1.8,9,No,3,2021,0
E09960,Marketing,38,48960.0,2.8,13,Yes,1,2021,0
E09961,IT,46,57460.0,2.75,17,No,0,2020,0
E09962,HR,23,66750.0,3.8,2,No,6,2022,0
E09963,Marketing,36,62946.0,3.34,5,No,2,2023,0
E09964,Marketing,57,94222.0,3.35,4,No,3,2021,0
E09965,IT,37,94547.0,3.52,4,No,3,2018,0
E09966,Finance,54,63205.0,3.58,6,No,2,2026,0
E09967,Sales,45,102975.0,3.37,10,Yes,0,2025,0
E09968,HR,45,51844.0,3.63,13,No,7,2020,0
E09969,IT,34,28000.0,3.02,15,No,6,2019,0
E09970,Operations,58,80324.0,3.3,1,No,6,2022,0
E09971,IT,50,65919.0,3.31,5,No,1,2019,1
E09972,Sales,34,54686.0,2.76,14,Yes,0,2022,0
E09973,Sales,29,45604.0,2.89,15,No,3,2026,0
E09974,Finance,23,73205.0,3.93,0,Yes,4,2024,1
E09975,IT,42,87656.0,3.71,4,No,3,2024,0
E09976,Operations,37,36540.0,4.12,1,No,6,2018,0
E09977,Sales,27,98747.0,2.59,12,No,7,2026,0
E09978,Finance,49,77336.0,3.89,14,No,4,2020,0
E09979,Sales,60,54684.0,3.03,3,Yes,1,2022,0
E09980,Operations,55,63357.0,3.79,16,No,2,2018,0
E09981,Operations,21,82812.0,3.77,10,No,7,2021,1
E09982,Marketing,40,46018.0,2.83,9,No,7,2020,0
E09983,Operations,48,50110.0,2.84,13,No,2,2026,0
E09984,Sales,24,39628.0,3.17,1,No,3,2026,0
E09985,Operations,42,89862.0,3.2,6,No,5,2020,0
E09986,Finance,38,62506.0,3.36,12,No,1,2019,1
E09987,IT,60,89217.0,3.2,8,No,4,2021,1
E09988,Sales,42,51435.0,1.79,1,No,1,2023,0
E09989,Marketing,50,66198.0,3.73,4,No,6,2025,0
E09990,Marketing,26,91096.0,3.69,12,No,3,2018,0
E09991,Sales,24,59748.0,3.33,1,No,4,2020,1
E09992,IT,53,91724.0,4.32,13,Yes,4,2022,0
E09993,Operations,54,61386.0,4.59,8,Yes,6,2025,0
E09994,IT,58,75300.0,2.82,9,No,4,2025,0
E09995,IT,30,43941.0,3.44,17,Yes,6,2018,0
E09996,Operations,23,59670.0,2.35,0,No,7,2019,0
E09997,Sales,48,117184.0,2.52,6,No,2,2026,1
E09998,Sales,25,56241.0,4.81,16,No,0,2024,0
E09999,Operations,40,78914.0,3.04,1,No,1,2022,0
E10000,Finance,56,45484.0,3.47,1,No,6,2018,0
E10001,Sales,35,64852.0,4.91,2,No,5,2026,0
E10002,Finance,33,89643.0,1.94,3,No,2,2022,0
E10003,Operations,37,64669.0,4.53,3,No,7,2019,0
E10004,IT,29,68866.0,2.51,15,No,7,2022,0
E10005,Sales,33,56080.0,3.01,17,No,0,2025,0
E10006,Finance,51,32188.0,3.91,11,No,0,2021,0
E10007,Operations,47,65539.0,3.69,3,No,1,2022,0
E10008,Finance,41,59703.0,3.54,6,No,4,2022,0
E10009,Operations,25,71695.0,3.41,1,No,3,2023,0
E10010,Operations,56,28000.0,3.71,10,No,6,2020,0
E10011,HR,21,63632.0,2.85,17,No,1,2024,0
E10012,Operations,50,52285.0,3.68,2,No,7,2023,1
E10013,Operations,25,51159.0,3.59,9,No,2,2024,0
E10014,Operations,42,68275.0,2.93,10,No,5,2021,0
E10015,Marketing,32,75238.0,3.22,4,Yes,5,2021,0
E10016,IT,48,67912.0,3.14,13,No,7,2019,0
E10017,Finance,25,42564.0,4.33,7,Yes,0,2024,0
E10018,IT,49,62667.0,2.42,13,No,5,2026,0
E10019,Sales,45,98347.0,3.2,10,No,3,2023,0
E10020,IT,52,84620.0,3.64,11,Yes,6,2020,1
E10021,Sales,51,39883.0,2.89,2,No,1,2026,0
E10022,Operations,43,69970.0,4.23,6,No,1,2023,0
E10023,Sales,27,61550.0,4.64,15,Yes,6,2025,0
E10024,Marketing,60,62799.0,3.16,16,No,0,2023,0
E10025,Operations,28,54648.0,2.12,5,No,4,2021,0
E10026,Operations,47,57421.0,2.73,2,No,2,2022,0
E10027,HR,52,63106.0,3.84,5,No,2,2023,0
E10028,IT,25,67561.0,4.95,17,Yes,4,2018,0
E10029,Operations,46,55393.0,4.15,12,No,2,2023,0
E10030,Marketing,37,76904.0,3.26,4,Yes,0,2023,0
E10031,IT,49,91724.0,3.34,4,Yes,6,2023,1
E10032,Operations,36,70531.0,4.22,9,Yes,0,2024,0
E10033,IT,54,82487.0,2.87,1,No,1,2024,0
E10034,IT,39,38361.0,2.82,6,No,0,2021,0
E10035,Sales,29,80086.0,3.7,10,No,2,2018,0
E10036,Marketing,57,79603.0,3.22,12,No,0,2018,0
E10037,Operations,44,55229.0,3.05,3,No,2,2024,0
E10038,Finance,45,55987.0,3.95,12,No,1,2020,0
E10039,Marketing,40,68414.0,2.54,13,No,2,2021,0
E10040,IT,38,29946.0,3.39,14,No,2,2024,0
E10041,Sales,43,60254.0,4.41,2,No,1,2020,0
E10042,Finance,59,59316.0,3.8,13,Yes,3,2022,0
E10043,Finance,49,69787.0,2.71,17,Yes,5,2021,0
E10044,Operations,24,70925.0,3.22,16,No,6,2023,0
E10045,Marketing,34,71882.0,3.94,14,Yes,5,2018,0
E10046,Operations,36,28624.0,2.91,4,No,7,2018,0
E10047,Finance,44,60165.0,2.74,3,Yes,3,2018,1
E10048,Sales,37,57032.0,2.89,0,Yes,5,2023,1
E10049,Operations,31,84408.0,3.05,6,No,5,2020,0
E10050,IT,30,62281.0,2.62,15,No,7,2025,0
E10051,Sales,26,90616.0,3.02,12,No,6,2022,0
E10052,Operations,60,72808.0,4.5,12,No,0,2024,0
E10053,Marketing,29,51319.0,2.11,11,Yes,5,2020,0
E10054,IT,50,80958.0,3.19,3,No,1,2021,0
E10055,IT,23,75039.0,1.28,0,No,0,2019,0
E10056,Marketing,48,52751.0,2.87,8,No,0,2021,0
E10057,Sales,46,28000.0,2.67,1,Yes,7,2025,0
E10058,Sales,44,54280.0,4.81,10,No,4,2026,0
E10059,Operations,56,106621.0,3.52,17,No,2,2023,1
E10060,Operations,44,40120.0,3.48,2,No,2,2019,0
E10061,Marketing,55,47510.0,2.34,10,Yes,1,2023,0
E10062,Operations,48,64607.0,4.14,14,Yes,4,2024,1
E10063,HR,31,56156.0,3.74,11,No,5,2020,0
E10064,Finance,21,49994.0,3.9,13,No,2,2022,0
E10065,Operations,30,87653.0,4.71,16,Yes,4,2019,0
E10066,Marketing,55,61430.0,2.58,12,Yes,2,2024,0
E10067,Finance,22,54462.0,3.71,17,No,0,2023,0
E10068,IT,25,41478.0,1.47,8,Yes,5,2025,0
E10069,HR,60,35625.0,2.8,2,No,2,2019,0
E10070,Sales,40,42302.0,3.35,5,Yes,2,2023,0
E10071,HR,43,49584.0,4.52,9,No,0,2019,0
E10072,Sales,21,51404.0,4.2,12,Yes,5,2020,0
E10073,Operations,22,66132.0,3.31,14,No,1,2020,1
E10074,IT,35,56319.0,3.39,8,Yes,2,2021,1
E10075,Sales,21,28000.0,4.09,13,Yes,6,2021,0
E10076,IT,28,69570.0,3.54,14,Yes,3,2019,1
E10077,Marketing,33,59622.0,3.83,8,No,3,2018,0
E10078,Operations,34,72475.0,4.16,9,No,2,2019,0
E10079,Sales,57,37616.0,2.54,16,Yes,5,2025,0
E10080,IT,41,70276.0,4.28,15,No,1,2024,0
E10081,HR,47,71045.0,3.9,0,No,7,2022,0
E10082,IT,31,53053.0,2.2,8,No,3,2021,0
E10083,IT,46,78984.0,4.77,2,Yes,2,2020,0
E10084,Sales,24,48808.0,3.66,5,No,2,2019,0
E10085,Sales,52,81479.0,2.82,11,No,0,2026,0
E10086,Finance,35,55149.0,2.91,3,No,3,2026,0
E10087,IT,57,80123.0,3.54,5,No,7,2026,0
E10088,Sales,57,62956.0,4.58,12,No,7,2021,0
E10089,IT,43,86710.0,3.57,7,No,4,2018,0
E10090,Sales,37,59238.0,3.07,5,No,5,2023,0
E10091,HR,23,79310.0,3.12,12,No,4,2026,0
E10092,IT,21,32021.0,3.4,9,No,5,2026,0
E10093,Sales,54,55313.0,2.96,1,No,0,2018,0
E10094,Operations,60,50233.0,3.18,10,No,5,2018,0
E10095,Operations,43,47875.0,4.0,10,No,5,2021,0
E10096,Operations,39,86259.0,4.0,3,No,1,2019,0
E10097,Sales,46,75126.0,4.29,15,No,6,2025,0
E10098,Sales,25,81829.0,2.89,6,Yes,2,2020,0
E10099,Sales,38,75133.0,3.16,17,No,1,2024,0
E10100,Finance,31,61724.0,3.72,0,Yes,5,2026,0
E10101,Sales,44,58070.0,2.8,3,Yes,1,2026,0
E10102,Sales,24,57354.0,2.59,3,No,3,2020,0
E10103,IT,33,48199.0,3.75,16,No,7,2020,0
E10104,IT,40,84734.0,3.72,11,Yes,0,2024,0
E10105,Sales,29,85307.0,4.49,14,No,3,2023,0
E10106,IT,26,71190.0,2.89,3,No,4,2020,0
E10107,Operations,59,70634.0,2.95,15,No,1,2024,0
E10108,Sales,40,72023.0,2.63,2,No,1,2023,0
E10109,Finance,32,54057.0,3.32,8,No,6,2023,0
E10110,IT,55,43798.0,2.76,9,Yes,7,2021,0
E10111,IT,24,79613.0,4.6,15,Yes,4,2020,0
E10112,Sales,28,68512.0,3.51,1,No,5,2022,0
E10113,Finance,29,50390.0,1.94,11,No,1,2021,1
E10114,Sales,29,48382.0,3.01,11,Yes,4,2024,1
E10115,IT,53,80184.0,3.01,17,Yes,0,2022,1
E10116,IT,38,65490.0,3.34,6,Yes,3,2023,0
E10117,Marketing,37,85111.0,2.51,1,No,2,2022,0
E10118,IT,28,51590.0,4.17,5,No,6,2018,0
E10119,IT,43,75073.0,3.92,13,Yes,2,2024,0
E10120,IT,51,75612.0,4.03,3,No,1,2019,0
E10121,Marketing,37,86515.0,3.96,14,No,0,2022,0
E10122,HR,43,32778.0,1.5,16,No,3,2025,1
E10123,Marketing,49,48765.0,3.46,5,Yes,6,2018,0
E10124,Sales,60,51296.0,3.15,5,No,1,2019,0
E10125,Marketing,60,74563.0,2.34,7,Yes,5,2025,0
E10126,Marketing,60,44662.0,3.14,6,No,4,2024,0
E10127,HR,33,72382.0,2.59,15,No,6,2019,0
E10128,Operations,44,43516.0,3.13,15,No,2,2026,0
E10129,Finance,44,45737.0,2.56,14,No,6,2019,0
E10130,IT,47,67297.0,3.3,13,No,3,2018,0
E10131,HR,40,28000.0,4.08,11,No,0,2018,0
E10132,Operations,46,82163.0,3.62,10,Yes,5,2026,0
E10133,Sales,55,36399.0,2.0,0,No,4,2019,1
E10134,Finance,43,35149.0,4.23,8,No,6,2025,0
E10135,Sales,41,73070.0,3.72,13,No,5,2022,0
E10136,Sales,35,46826.0,4.01,14,No,0,2018,0
E10137,Operations,23,75714.0,3.97,10,No,7,2023,0
E10138,HR,21,62054.0,3.52,3,No,1,2023,0
E10139,Marketing,43,82609.0,3.47,10,No,6,2025,0
E10140,Finance,40,90768.0,2.66,11,Yes,3,2026,0
E10141,Operations,58,49936.0,3.13,3,No,5,2020,0
E10142,Finance,31,66445.0,3.59,6,No,4,2026,0
E10143,IT,45,60341.0,3.93,15,No,4,2025,0
E10144,Operations,23,47971.0,4.28,14,Yes,3,2020,0
E10145,Finance,59,81107.0,3.05,9,No,2,2022,0
E10146,Sales,59,92461.0,1.27,0,Yes,4,2025,0
E10147,Operations,39,59191.0,4.8,16,No,7,2023,0
E10148,Finance,46,60490.0,4.13,8,No,4,2021,0
E10149,IT,33,71877.0,4.35,10,No,0,2022,1
E10150,HR,39,67185.0,3.66,3,No,1,2023,0
E10151,IT,21,28000.0,3.69,0,No,4,2026,0
E10152,Operations,41,34603.0,2.77,0,No,6,2025,0
E10153,IT,44,47095.0,3.82,17,No,1,2019,0
E10154,IT,50,60617.0,2.61,15,No,5,2022,0
E10155,Sales,36,75054.0,2.58,10,No,3,2020,0
E10156,Finance,46,43467.0,2.54,12,No,1,2024,0
E10157,Operations,43,84518.0,3.2,7,Yes,1,2026,1
E10158,Operations,53,71667.0,4.77,7,No,1,2024,0
E10159,Sales,48,65947.0,4.68,17,Yes,6,2024,0
E10160,Finance,23,82834.0,4.32,14,Yes,6,2023,0
E10161,Sales,46,57513.0,4.08,13,No,4,2026,0
E10162,IT,58,60954.0,3.35,6,Yes,2,2022,0
E10163,Marketing,32,62577.0,2.75,10,Yes,1,2025,1
E10164,Sales,28,28000.0,3.17,1,No,7,2018,0
E10165,Finance,58,50510.0,2.77,7,No,4,2021,0
E10166,Marketing,28,50085.0,3.29,4,No,0,2024,0
E10167,Operations,34,28000.0,3.86,11,No,5,2025,0
E10168,Operations,26,69596.0,2.9,16,Yes,3,2024,0
E10169,IT,57,66575.0,3.17,12,No,3,2020,0
E10170,Marketing,53,48294.0,2.36,3,No,1,2026,0
E10171,Sales,41,94666.0,4.16,17,No,6,2025,0
E10172,Finance,26,94680.0,2.88,8,No,4,2019,0
E10173,Sales,48,71323.0,3.46,11,Yes,0,2019,0
E10174,Marketing,21,86698.0,3.16,5,No,2,2025,0
E10175,Operations,50,82543.0,3.96,11,No,7,2020,0
E10176,HR,44,85177.0,4.06,10,No,1,2021,0
E10177,Sales,36,95660.0,2.77,5,No,1,2025,1
E10178,Operations,41,28000.0,2.68,1,No,7,2021,1
E10179,Finance,22,47944.0,4.25,8,Yes,0,2021,0
E10180,HR,23,74954.0,4.37,11,No,5,2026,0
E10181,Finance,46,77545.0,3.55,11,No,5,2023,0
E10182,HR,48,46943.0,4.1,6,No,4,2020,0
E10183,Sales,52,30667.0,2.74,13,No,2,2021,0
E10184,Sales,40,28000.0,4.0,16,No,1,2018,0
E10185,Sales,34,92453.0,3.33,4,Yes,3,2019,0
E10186,HR,42,87664.0,4.34,0,Yes,3,2022,0
E10187,Sales,58,59867.0,2.47,5,No,3,2026,0
E10188,Sales,60,74775.0,3.36,2,No,4,2024,0
E10189,Sales,25,57850.0,3.42,17,No,0,2018,0
E10190,Finance,44,56988.0,3.84,17,Yes,5,2020,0
E10191,IT,59,88803.0,3.65,8,No,6,2026,0
E10192,Sales,33,52809.0,3.03,5,No,4,2024,0
E10193,Sales,43,96002.0,4.05,11,No,4,2018,0
E10194,Sales,49,68132.0,4.22,0,No,7,2021,0
E10195,IT,25,37093.0,2.79,14,No,7,2019,0
E10196,IT,53,37821.0,4.27,8,No,4,2021,0
E10197,Marketing,50,86635.0,3.42,15,No,0,2018,0
E10198,IT,52,88833.0,3.13,11,No,3,2019,1
E10199,IT,21,40386.0,3.16,0,No,1,2020,0
E10200,IT,43,46520.0,3.36,8,No,0,2025,0
E10201,Marketing,42,65447.0,3.39,16,No,1,2022,0
E10202,Marketing,37,79415.0,2.94,12,Yes,7,2025,0
E10203,IT,30,82124.0,2.84,0,Yes,3,2023,0
E10204,Operations,25,67854.0,3.0,2,No,6,2020,0
E10205,IT,56,59302.0,3.25,1,No,6,2025,0
E10206,Marketing,23,62997.0,4.48,16,Yes,0,2020,0
E10207,HR,28,77572.0,2.44,0,No,2,2021,0
E10208,Sales,38,65798.0,2.48,0,Yes,5,2018,1
E10209,Sales,60,78240.0,2.4,17,No,7,2024,0
E10210,Sales,48,65602.0,2.81,11,No,0,2024,0
E10211,HR,57,72326.0,4.04,5,No,4,2024,0
E10212,Finance,37,96367.0,3.75,6,Yes,1,2018,1
E10213,Finance,56,44732.0,3.53,10,No,4,2022,0
E10214,Finance,55,57425.0,2.3,12,No,4,2021,0
E10215,Sales,55,86932.0,3.02,12,No,7,2026,0
E10216,Operations,26,84211.0,2.0,17,Yes,4,2019,0
E10217,IT,55,39813.0,3.24,0,Yes,1,2022,1
E10218,IT,52,64787.0,3.8,10,No,2,2025,0
E10219,Finance,38,99796.0,3.82,0,No,3,2021,0
E10220,Sales,31,71078.0,3.5,15,Yes,6,2021,1
E10221,Marketing,46,65407.0,3.55,0,No,3,2023,0
E10222,IT,51,64195.0,3.47,2,No,5,2021,1
E10223,Marketing,24,67647.0,3.88,16,Yes,5,2021,0
E10224,IT,56,52380.0,2.62,15,Yes,3,2021,1
E10225,IT,34,78447.0,2.9,11,No,1,2020,0
E10226,Finance,49,48981.0,3.29,8,Yes,3,2021,0
E10227,Operations,42,67620.0,4.52,14,Yes,7,2019,0
E10228,Sales,37,76196.0,3.07,12,No,6,2024,0
E10229,Marketing,38,68642.0,2.51,0,No,0,2020,0
E10230,Marketing,51,70649.0,2.85,10,No,6,2025,0
E10231,Sales,38,78414.0,2.78,8,No,4,2021,1
E10232,IT,54,60482.0,3.64,3,No,3,2026,0
E10233,IT,32,64031.0,3.98,1,Yes,4,2019,0
E10234,Sales,51,54311.0,4.11,12,No,2,2018,1
E10235,Sales,42,53736.0,3.83,9,No,4,2018,0
E10236,Operations,52,56671.0,3.47,7,No,4,2023,0
E10237,IT,31,66303.0,4.04,15,Yes,2,2025,1
E10238,Finance,28,68251.0,1.68,6,No,4,2021,0
E10239,HR,32,77495.0,2.56,2,No,2,2020,0
E10240,Marketing,29,69752.0,3.9,10,No,1,2022,0
E10241,Marketing,41,53361.0,3.17,4,No,7,2026,0
E10242,Marketing,40,68851.0,3.08,1,No,6,2025,0
E10243,Operations,46,83027.0,2.43,8,Yes,6,2025,0
E10244,Operations,59,39662.0,4.05,3,No,7,2026,1
E10245,Operations,58,59071.0,3.88,10,Yes,4,2022,0
E10246,Operations,44,67386.0,4.32,3,No,1,2020,0
E10247,Sales,23,41174.0,3.34,17,Yes,7,2024,1
E10248,IT,41,89114.0,2.54,14,No,3,2026,0
E10249,IT,32,88295.0,2.82,1,No,6,2020,0
E10250,IT,43,56668.0,3.32,12,No,6,2024,0
E10251,Marketing,47,32143.0,4.32,1,No,2,2023,0
E10252,Operations,35,40524.0,2.52,11,No,0,2026,0
E10253,Marketing,51,77500.0,4.39,5,No,7,2024,0
E10254,IT,21,59762.0,4.44,7,Yes,0,2023,0
E10255,HR,57,96785.0,3.56,9,No,6,2024,0
E10256,IT,37,68858.0,3.34,17,No,5,2025,0
E10257,Sales,56,28000.0,3.92,13,No,4,2020,0
E10258,HR,53,83107.0,3.67,0,No,4,2019,0
E10259,Sales,38,75538.0,4.29,4,Yes,1,2026,0
E10260,Operations,25,38333.0,2.77,6,Yes,2,2018,0
E10261,Sales,28,68993.0,2.77,14,No,2,2022,0
E10262,HR,28,87778.0,2.32,3,No,0,2024,0
E10263,Finance,36,55634.0,3.86,14,No,5,2022,0
E10264,HR,23,56798.0,3.25,15,No,0,2019,0
E10265,IT,53,80070.0,3.92,5,No,2,2019,0
E10266,Operations,60,57634.0,3.56,9,No,7,2019,1
E10267,Operations,24,51811.0,3.73,0,No,3,2026,0
E10268,IT,43,42774.0,3.43,16,No,4,2019,0
E10269,Finance,50,60991.0,4.4,5,No,1,2018,0
E10270,Sales,28,79684.0,4.82,1,No,7,2026,0
E10271,Operations,28,65110.0,3.68,11,Yes,2,2024,0
E10272,Finance,27,90857.0,3.8,4,No,3,2024,0
E10273,IT,26,74414.0,3.55,13,No,7,2021,0
E10274,Operations,27,99819.0,2.29,1,No,5,2020,1
E10275,Marketing,24,43243.0,3.83,13,No,3,2026,0
E10276,Operations,52,28344.0,3.74,15,No,5,2021,0
E10277,Sales,47,77213.0,2.74,15,No,5,2024,0
E10278,Operations,37,61663.0,4.21,8,No,4,2024,0
E10279,Operations,30,56373.0,4.2,5,Yes,1,2026,0
E10280,Finance,50,65145.0,3.4,6,No,3,2026,0
E10281,Marketing,37,75077.0,3.87,3,No,1,2021,0
E10282,Sales,42,78936.0,3.77,3,Yes,6,2022,0
E10283,Sales,60,69256.0,3.2,17,No,3,2022,0
E10284,Finance,36,79839.0,3.77,16,No,7,2021,0
E10285,Marketing,28,76360.0,2.57,17,Yes,5,2026,1
E10286,Operations,23,85368.0,3.13,4,No,1,2020,1
E10287,Operations,43,64414.0,3.82,2,No,2,2022,0
E10288,IT,27,61081.0,3.32,12,Yes,5,2019,0
E10289,Sales,34,75568.0,3.79,10,Yes,3,2024,0
E10290,IT,43,41671.0,4.06,0,Yes,6,2022,1
E10291,Sales,57,100140.0,4.41,5,No,4,2026,0
E10292,IT,34,54943.0,3.46,7,Yes,1,2023,0
E10293,IT,21,65279.0,3.98,5,No,5,2024,0
E10294,Operations,21,37820.0,3.5,3,No,2,2022,0
E10295,Finance,44,43191.0,3.33,5,Yes,0,2021,0
E10296,IT,32,87726.0,3.38,7,No,7,2018,0
E10297,Sales,32,78362.0,2.99,2,No,1,2024,0
E10298,IT,44,83685.0,4.41,8,No,5,2018,0
E10299,IT,58,40892.0,2.57,9,Yes,1,2021,0
E10300,Sales,54,53172.0,3.57,8,No,3,2020,0
E10301,Sales,27,94566.0,3.25,17,No,3,2021,0
E10302,HR,54,64574.0,3.27,4,No,2,2024,0
E10303,Sales,25,47029.0,3.11,6,No,3,2019,0
E10304,Sales,32,73512.0,4.26,4,No,3,2026,0
E10305,HR,49,59730.0,3.5,3,Yes,1,2026,0
E10306,IT,33,38098.0,2.94,12,Yes,4,2021,0
E10307,Sales,60,64632.0,3.48,16,No,7,2024,0
E10308,Operations,34,61031.0,2.97,7,No,6,2022,0
E10309,Sales,41,58298.0,2.54,2,No,2,2020,0
E10310,Operations,60,61386.0,3.49,9,Yes,6,2025,0
E10311,HR,38,49121.0,3.36,12,Yes,2,2026,0
E10312,Sales,22,70013.0,3.33,7,Yes,7,2020,1
E10313,Marketing,21,96739.0,2.48,13,No,3,2019,0
E10314,HR,47,53141.0,4.43,17,No,0,2025,0
E10315,Sales,29,67349.0,2.42,13,Yes,5,2019,0
E10316,Marketing,51,57591.0,3.45,7,No,0,2025,0
E10317,IT,56,64635.0,2.75,17,No,6,2019,0
E10318,Sales,40,60691.0,3.9,9,No,6,2019,0
E10319,Finance,57,84394.0,2.78,12,No,4,2025,0
E10320,Sales,23,60236.0,2.53,2,Yes,7,2023,0
E10321,Marketing,49,71965.0,3.6,6,No,7,2020,0
E10322,Operations,39,74044.0,3.15,14,No,0,2021,0
E10323,IT,58,61708.0,2.81,17,No,4,2024,0
E10324,Marketing,56,59875.0,3.19,3,No,2,2018,0
E10325,Marketing,37,59474.0,4.0,11,No,7,2020,0
E10326,Sales,53,38370.0,3.47,5,No,6,2020,0
E10327,Sales,46,45606.0,3.18,2,No,5,2019,0
E10328,Operations,38,102316.0,3.68,9,No,5,2024,1
E10329,Sales,24,34357.0,3.1,17,Yes,6,2024,1
E10330,HR,42,53870.0,2.41,12,Yes,0,2022,0
E10331,IT,26,75930.0,3.04,9,Yes,0,2021,0
E10332,Operations,23,55872.0,3.96,3,No,7,2025,0
E10333,IT,54,72856.0,3.13,16,No,0,2018,1
E10334,IT,25,59423.0,4.43,1,No,1,2019,0
E10335,Operations,31,92317.0,3.24,3,Yes,3,2025,0
E10336,Marketing,57,30899.0,3.75,10,Yes,6,2026,0
E10337,Marketing,38,62061.0,3.55,15,No,6,2023,0
E10338,Sales,27,76569.0,3.55,0,No,4,2024,0
E10339,Operations,49,81590.0,2.47,3,No,3,2025,0
E10340,HR,41,71935.0,4.03,5,Yes,7,2025,0
E10341,HR,25,78338.0,3.03,10,No,5,2022,0
E10342,Operations,57,65939.0,4.08,13,No,0,2018,0
E10343,Sales,25,78341.0,3.52,11,No,6,2023,0
E10344,Operations,52,99703.0,4.66,16,No,1,2025,0
E10345,Finance,31,53882.0,3.06,9,No,2,2026,0
E10346,IT,29,75149.0,4.58,3,No,4,2019,0
E10347,Marketing,40,54877.0,2.49,12,No,0,2026,0
E10348,IT,37,52200.0,4.2,6,No,5,2023,0
E10349,IT,26,46629.0,2.9,8,No,5,2023,0
E10350,IT,53,73585.0,3.9,14,No,4,2023,0
E10351,Operations,33,68708.0,4.2,12,No,3,2024,0
E10352,Finance,57,66058.0,4.89,5,No,7,2019,0
E10353,Operations,57,92638.0,4.87,14,Yes,0,2018,1
E10354,Operations,45,85331.0,2.71,3,No,4,2019,0
E10355,Sales,54,57425.0,3.26,14,No,7,2026,0
E10356,Sales,57,28000.0,2.78,7,No,5,2021,0
E10357,HR,45,45163.0,2.2,9,Yes,3,2022,0
E10358,HR,38,63012.0,3.54,13,No,0,2022,0
E10359,HR,35,71960.0,2.54,14,No,1,2019,1
E10360,Operations,23,64719.0,2.3,16,No,6,2021,0
E10361,Operations,45,75967.0,3.67,9,Yes,6,2025,0
E10362,Marketing,55,101781.0,4.08,5,No,4,2024,0
E10363,Finance,33,87127.0,3.69,4,Yes,2,2022,0
E10364,Operations,53,55735.0,3.07,13,No,6,2018,0
E10365,Marketing,28,42516.0,3.08,3,Yes,5,2019,0
E10366,Operations,48,56375.0,3.04,17,No,7,2020,0
E10367,Finance,33,34008.0,3.74,16,No,1,2019,0
E10368,IT,30,39514.0,2.73,15,No,3,2019,0
E10369,Sales,46,71304.0,4.5,15,Yes,6,2021,1
E10370,Operations,22,61703.0,2.6,9,Yes,3,2026,0
E10371,Operations,46,55571.0,4.18,16,No,0,2026,0
E10372,IT,52,82601.0,4.45,15,No,5,2021,0
E10373,Sales,40,89662.0,3.86,10,Yes,6,2018,0
E10374,Operations,29,84098.0,3.84,6,No,7,2021,0
E10375,Sales,44,71512.0,3.33,9,No,4,2020,0
E10376,Sales,21,59779.0,3.98,6,Yes,6,2024,0
E10377,IT,33,95334.0,3.98,16,No,0,2022,0
E10378,Finance,27,60607.0,3.6,4,No,1,2019,0
E10379,HR,47,90228.0,3.23,16,No,7,2024,0
E10380,Marketing,48,77577.0,2.52,13,No,1,2019,0
E10381,Marketing,53,64247.0,3.86,9,No,3,2022,0
E10382,Operations,38,111761.0,1.77,1,No,2,2020,0
E10383,Operations,32,83036.0,3.51,7,No,6,2022,1
E10384,IT,42,37719.0,3.58,9,Yes,4,2019,0
E10385,HR,21,28000.0,4.47,9,No,7,2024,0
E10386,Operations,35,85709.0,2.8,4,No,6,2022,1
E10387,IT,31,77741.0,3.42,16,No,7,2024,0
E10388,IT,57,86652.0,3.33,9,Yes,0,2024,0
E10389,HR,60,92908.0,4.0,11,No,3,2025,0
E10390,Sales,21,36074.0,2.78,9,Yes,6,2026,0
E10391,IT,58,55719.0,2.35,8,Yes,1,2023,0
E10392,HR,44,36016.0,5.0,8,No,4,2021,0
E10393,IT,28,79661.0,3.61,2,No,6,2021,0
E10394,IT,58,74928.0,4.55,11,No,3,2024,0
E10395,IT,30,76008.0,4.68,9,No,1,2018,0
E10396,IT,30,50104.0,3.97,12,No,7,2018,1
E10397,Operations,41,57247.0,4.01,14,Yes,3,2025,0
E10398,Operations,37,48120.0,3.52,14,Yes,4,2023,0
E10399,Operations,40,56308.0,2.57,7,No,4,2022,0
E10400,Operations,49,90715.0,3.5,3,Yes,2,2019,0
E10401,Marketing,31,74417.0,4.19,12,No,1,2024,0
E10402,Sales,43,65824.0,2.95,7,Yes,5,2024,1
E10403,Marketing,41,76876.0,3.37,11,No,3,2020,0
E10404,Marketing,57,87366.0,3.27,6,Yes,2,2019,0
E10405,Operations,21,38733.0,5.0,2,No,3,2022,0
E10406,Sales,44,41373.0,4.07,2,No,0,2022,0
E10407,IT,32,74633.0,3.86,9,No,6,2021,0
E10408,HR,34,90616.0,2.64,0,No,7,2021,0
E10409,Marketing,42,73604.0,3.76,15,Yes,1,2023,0
E10410,Operations,34,81759.0,3.88,6,No,6,2021,0
E10411,Finance,34,72210.0,1.93,13,No,2,2021,0
E10412,Sales,41,48463.0,2.55,3,No,3,2021,1
E10413,Sales,21,98228.0,3.06,8,No,2,2026,0
E10414,Finance,41,79964.0,4.08,17,No,3,2020,0
E10415,Marketing,60,36463.0,3.09,7,No,2,2021,0
E10416,Sales,59,48614.0,4.13,1,No,7,2021,0
E10417,Operations,28,56368.0,3.08,6,No,1,2020,0
E10418,Marketing,25,76573.0,2.79,1,No,7,2022,0
E10419,Operations,44,69008.0,3.24,17,No,4,2024,0
E10420,Finance,46,55719.0,3.95,14,No,5,2022,0
E10421,Finance,23,81758.0,2.99,0,No,6,2018,0
E10422,Finance,47,67511.0,3.38,13,No,4,2024,0
E10423,Marketing,37,46521.0,2.51,17,No,1,2024,1
E10424,HR,47,100557.0,3.49,7,No,6,2022,0
E10425,Operations,30,64265.0,4.38,3,Yes,7,2026,0
E10426,IT,34,81802.0,2.93,15,No,2,2020,0
E10427,Operations,44,64604.0,3.6,8,No,1,2025,0
E10428,Sales,34,50584.0,3.05,4,No,3,2022,0
E10429,Marketing,21,39805.0,3.33,7,No,2,2021,0
E10430,Sales,34,68610.0,3.18,5,No,1,2026,1
E10431,Operations,26,38537.0,3.43,3,No,2,2021,0
E10432,Sales,50,58746.0,4.11,4,No,3,2025,0
E10433,Sales,38,78271.0,3.06,12,No,1,2026,0
E10434,Marketing,55,65083.0,3.91,12,No,0,2025,0
E10435,Operations,60,70852.0,3.77,10,Yes,4,2022,0
E10436,Marketing,39,51327.0,2.36,10,No,6,2024,0
E10437,IT,44,57126.0,3.29,12,No,3,2020,0
E10438,IT,37,68140.0,3.19,11,No,2,2021,0
E10439,IT,58,69148.0,2.73,16,Yes,1,2025,1
E10440,Sales,41,75497.0,2.59,6,No,2,2022,1
E10441,Sales,57,63184.0,4.94,7,No,1,2022,0
E10442,HR,53,30531.0,3.03,7,Yes,3,2018,0
E10443,Operations,31,84715.0,2.6,0,No,2,2025,0
E10444,HR,27,73912.0,3.92,5,No,0,2023,0
E10445,Sales,33,100518.0,3.75,6,Yes,2,2020,1
E10446,Finance,51,60796.0,3.5,10,No,0,2019,0
E10447,Marketing,43,50209.0,4.48,6,Yes,2,2024,1
E10448,Marketing,46,73046.0,3.81,4,Yes,3,2019,1
E10449,IT,45,81076.0,3.58,4,No,1,2021,0
E10450,IT,21,83204.0,2.86,5,No,7,2020,0
E10451,IT,46,52667.0,3.22,11,No,5,2024,0
E10452,Sales,39,87174.0,4.52,6,No,5,2024,1
E10453,IT,44,60867.0,3.38,6,No,1,2020,0
E10454,IT,45,88374.0,4.34,12,No,7,2026,0
E10455,Marketing,22,60715.0,3.12,8,Yes,2,2018,0
E10456,Marketing,52,37425.0,3.24,2,No,6,2026,0
E10457,IT,32,87981.0,4.13,2,No,3,2023,0
E10458,Sales,58,46364.0,3.92,16,No,3,2021,0
E10459,Finance,24,33868.0,5.0,8,Yes,6,2021,0
E10460,HR,55,71522.0,2.72,1,No,7,2021,0
E10461,Sales,23,46465.0,3.46,15,No,2,2020,0
E10462,Marketing,34,52411.0,2.93,11,No,1,2024,0
E10463,Operations,34,80546.0,4.25,5,No,0,2021,0
E10464,Sales,48,74138.0,3.49,3,No,4,2019,0
E10465,Sales,34,81570.0,2.79,16,No,6,2024,0
E10466,Operations,59,69628.0,3.38,6,No,1,2026,0
E10467,Sales,44,85566.0,2.89,8,No,7,2020,0
E10468,Operations,39,57348.0,2.78,3,No,0,2021,0
E10469,IT,50,43914.0,3.48,0,No,0,2021,0
E10470,Marketing,35,60861.0,3.63,9,No,6,2026,0
E10471,Operations,32,81497.0,2.58,10,Yes,5,2024,0
E10472,HR,46,60080.0,3.29,11,No,1,2023,0
E10473,Marketing,23,104149.0,3.4,14,No,5,2018,0
E10474,Marketing,23,39472.0,3.77,6,No,1,2025,1
E10475,Sales,51,83964.0,3.43,2,No,6,2026,0
E10476,IT,58,68136.0,2.81,1,No,1,2021,0
E10477,Finance,39,70228.0,3.72,14,No,7,2022,0
E10478,IT,26,37094.0,4.38,14,No,6,2018,1
E10479,IT,48,71829.0,4.23,10,No,0,2026,0
E10480,Operations,23,63725.0,3.16,3,No,7,2026,0
E10481,Finance,46,33171.0,3.7,9,Yes,6,2018,0
E10482,Marketing,28,69903.0,2.38,15,No,2,2021,1
E10483,Sales,54,69969.0,3.2,12,No,2,2020,0
E10484,Marketing,54,55108.0,3.71,1,No,3,2024,0
E10485,Sales,30,71486.0,4.67,15,No,0,2020,0
E10486,Operations,52,36825.0,2.05,12,Yes,3,2022,0
E10487,Marketing,24,99779.0,3.05,12,Yes,3,2025,0
E10488,Sales,54,42042.0,4.04,8,No,7,2025,0
E10489,HR,55,75710.0,2.5,9,No,1,2022,0
E10490,IT,32,82418.0,2.81,7,No,4,2018,0
E10491,Sales,56,36029.0,3.34,8,No,3,2023,0
E10492,IT,25,72664.0,3.67,4,Yes,6,2023,0
E10493,IT,38,73483.0,3.4,1,No,3,2024,0
E10494,Sales,41,98462.0,3.17,10,Yes,4,2023,0
E10495,Finance,53,81108.0,4.14,5,No,7,2023,0
E10496,Sales,57,81761.0,3.22,15,Yes,6,2026,0
E10497,Sales,51,66458.0,4.24,2,No,5,2018,0
E10498,IT,31,43937.0,3.42,10,Yes,1,2018,0
E10499,IT,26,60802.0,4.2,10,No,7,2024,0
E10500,Sales,49,49772.0,2.77,10,No,7,2020,0
E10501,Marketing,59,80181.0,4.28,16,Yes,3,2025,0
E10502,Finance,26,85085.0,2.76,4,No,6,2026,0
E10503,Operations,21,70710.0,3.44,3,Yes,1,2026,0
E10504,Sales,35,50602.0,4.86,0,No,6,2024,0
E10505,Sales,28,84709.0,3.18,5,No,1,2023,0
E10506,IT,29,28000.0,3.65,15,No,1,2024,0
E10507,IT,47,68001.0,3.44,13,Yes,5,2026,0
E10508,Operations,26,51158.0,3.49,17,No,3,2025,0
E10509,Finance,49,83494.0,4.51,15,No,3,2024,0
E10510,Sales,34,81653.0,3.16,12,No,2,2024,0
E10511,Finance,35,83222.0,3.94,12,Yes,0,2023,1
E10512,Operations,57,51584.0,4.0,17,Yes,6,2023,0
E10513,Sales,50,64991.0,3.2,12,No,5,2019,0
E10514,Sales,41,52428.0,4.26,5,No,6,2024,0
E10515,HR,51,84197.0,3.5,5,No,2,2019,0
E10516,Sales,53,58196.0,2.96,10,No,4,2019,0
E10517,Sales,47,65869.0,2.31,12,Yes,6,2026,0
E10518,Finance,25,37065.0,2.83,17,No,2,2025,1
E10519,Sales,36,65324.0,4.79,17,Yes,0,2024,0
E10520,Marketing,59,57503.0,4.09,17,No,3,2022,0
E10521,HR,26,82705.0,3.86,5,No,6,2018,0
E10522,Finance,35,73716.0,3.13,16,Yes,0,2020,0
E10523,Finance,45,33713.0,4.48,9,No,1,2021,0
E10524,IT,23,70903.0,3.48,17,Yes,0,2018,0
E10525,Operations,30,45270.0,3.43,5,Yes,0,2021,0
E10526,IT,52,99368.0,2.81,4,No,0,2025,0
E10527,IT,33,63543.0,3.19,10,No,5,2018,0
E10528,Sales,36,28000.0,3.79,16,No,3,2021,0
E10529,Finance,54,77209.0,3.28,3,No,5,2025,0
E10530,Finance,37,52287.0,3.12,17,Yes,4,2021,1
E10531,Marketing,59,81300.0,3.53,11,No,0,2023,0
E10532,Sales,23,87121.0,4.0,0,No,3,2023,0
E10533,Finance,36,41381.0,3.11,14,No,5,2022,0
E10534,Operations,42,63066.0,3.29,6,Yes,0,2026,0
E10535,HR,39,33451.0,3.2,8,No,7,2020,0
E10536,IT,29,51363.0,2.73,12,No,5,2018,0
E10537,Marketing,42,92681.0,3.69,17,No,1,2019,0
E10538,Sales,42,51215.0,2.2,15,No,0,2023,0
E10539,Marketing,42,54498.0,3.52,7,No,5,2018,0
E10540,Finance,42,51299.0,2.94,15,Yes,1,2024,0
E10541,Finance,50,57631.0,3.17,12,Yes,6,2020,1
E10542,Operations,32,86840.0,3.47,0,No,5,2024,0
E10543,HR,47,77321.0,2.82,9,No,5,2025,0
E10544,Marketing,23,45911.0,3.77,0,No,5,2024,0
E10545,IT,29,86687.0,2.98,3,No,7,2023,0
E10546,Sales,23,34323.0,4.36,11,Yes,7,2023,0
E10547,IT,54,63112.0,3.09,1,No,5,2018,0
E10548,Sales,57,48417.0,3.88,0,No,3,2024,0
E10549,Operations,48,45452.0,4.02,11,No,2,2023,0
E10550,Sales,58,71461.0,3.46,16,Yes,1,2021,0
E10551,IT,59,72761.0,4.24,11,No,0,2025,0
E10552,Operations,23,87611.0,4.41,9,No,3,2026,0
E10553,Sales,25,94260.0,3.26,17,No,0,2024,0
E10554,Marketing,53,83154.0,2.78,3,No,2,2018,0
E10555,Marketing,56,48240.0,2.69,16,No,1,2024,1
E10556,IT,25,65308.0,3.94,11,No,4,2023,0
E10557,Sales,35,67009.0,2.81,3,Yes,5,2019,0
E10558,IT,56,40334.0,3.35,3,No,2,2021,1
E10559,HR,32,63296.0,3.49,17,No,6,2026,0
E10560,Sales,47,49692.0,3.93,4,No,0,2019,0
E10561,IT,36,78241.0,3.67,8,No,7,2023,0
E10562,Sales,28,58666.0,2.37,3,Yes,0,2025,0
E10563,Operations,52,58399.0,2.63,2,No,2,2021,0
E10564,HR,58,28000.0,1.99,15,No,2,2019,0
E10565,Marketing,44,72645.0,3.53,14,No,5,2020,0
E10566,IT,38,51234.0,2.33,12,No,7,2022,0
E10567,Sales,59,73744.0,3.68,1,Yes,3,2019,0
E10568,IT,33,73573.0,3.0,6,No,2,2020,0
E10569,Finance,40,70971.0,4.2,7,No,2,2023,0
E10570,Marketing,47,67264.0,3.83,16,No,5,2024,0
E10571,HR,31,66180.0,3.11,4,No,6,2021,0
E10572,Sales,26,66606.0,2.91,11,No,6,2018,0
E10573,Operations,58,50286.0,2.85,0,No,7,2020,0
E10574,Finance,42,51692.0,2.35,2,No,5,2022,0
E10575,Operations,44,46985.0,2.79,3,Yes,5,2023,0
E10576,Marketing,28,65821.0,4.07,8,Yes,2,2019,0
E10577,Marketing,43,61014.0,2.58,0,No,2,2024,0
E10578,Operations,34,62933.0,3.24,6,No,2,2018,0
E10579,Marketing,47,85322.0,3.49,2,No,3,2019,0
E10580,Operations,52,58450.0,3.68,16,No,7,2019,0
E10581,Finance,34,50230.0,2.5,2,Yes,0,2024,0
E10582,Sales,55,84172.0,2.59,12,No,5,2023,0
E10583,Operations,54,70243.0,3.1,11,No,6,2023,0
E10584,IT,48,58911.0,3.36,7,No,3,2021,0
E10585,Sales,45,91969.0,2.75,1,Yes,0,2021,0
E10586,IT,45,80874.0,3.03,12,No,2,2019,0
E10587,Operations,30,93245.0,3.81,3,Yes,4,2026,0
E10588,Sales,58,92297.0,3.1,13,No,7,2022,0
E10589,HR,21,68950.0,4.68,1,No,7,2022,0
E10590,Sales,21,29323.0,2.88,5,No,3,2026,0
E10591,Sales,31,72266.0,3.69,7,Yes,7,2022,1
E10592,Marketing,37,91314.0,2.06,3,Yes,6,2019,0
E10593,Operations,56,81997.0,4.36,3,No,0,2020,0
E10594,IT,42,79786.0,3.44,2,No,6,2022,0
E10595,Sales,37,30404.0,2.6,14,No,3,2019,0
E10596,IT,41,28000.0,3.2,0,No,7,2023,0
E10597,Operations,33,83873.0,4.28,7,No,5,2021,0
E10598,Sales,58,54348.0,1.55,17,No,5,2025,0
E10599,Operations,41,47700.0,3.56,1,Yes,3,2026,0
E10600,Finance,42,28000.0,4.33,15,No,0,2021,0
E10601,Operations,42,96232.0,3.24,6,No,3,2022,0
E10602,Marketing,37,66326.0,4.02,3,Yes,1,2019,0
E10603,Operations,54,83924.0,4.04,7,No,3,2022,0
E10604,Finance,54,47877.0,5.0,7,No,1,2024,0
E10605,Marketing,23,78588.0,2.96,5,No,4,2022,0
E10606,Marketing,40,54285.0,4.6,8,Yes,7,2021,0
E10607,Operations,59,72965.0,2.18,17,Yes,1,2022,0
E10608,IT,32,77771.0,2.96,5,No,3,2021,0
E10609,Sales,35,47970.0,3.72,11,No,4,2019,1
E10610,Finance,47,40341.0,3.22,11,No,6,2021,0
E10611,HR,30,54241.0,3.31,16,Yes,3,2026,0
E10612,Operations,49,61116.0,3.57,2,No,7,2020,0
E10613,Finance,45,68072.0,2.95,8,No,0,2020,0
E10614,Finance,28,59527.0,3.69,3,No,7,2026,0
E10615,Operations,22,40377.0,2.83,16,No,2,2020,0
E10616,Sales,24,50995.0,3.16,0,No,5,2022,0
E10617,Marketing,54,69080.0,3.36,9,No,7,2025,0
E10618,IT,30,56932.0,2.51,5,Yes,6,2018,0
E10619,Marketing,38,64336.0,3.21,6,No,3,2025,0
E10620,Sales,32,55844.0,4.06,13,Yes,4,2021,0
E10621,Operations,37,70549.0,3.49,7,No,2,2026,0
E10622,Sales,31,64683.0,3.3,13,No,0,2023,0
E10623,IT,43,50335.0,2.84,8,No,1,2024,0
E10624,Sales,37,50020.0,3.99,11,No,4,2026,0
E10625,Marketing,34,66679.0,3.6,17,No,0,2023,0
E10626,IT,56,44068.0,3.43,13,No,2,2022,0
E10627,Sales,40,61426.0,3.99,6,Yes,3,2019,0
E10628,Sales,33,70238.0,2.84,17,No,1,2023,0
E10629,Sales,30,116292.0,3.25,4,No,1,2023,0
E10630,HR,27,66644.0,3.51,11,No,4,2023,0
E10631,Sales,59,43310.0,3.11,3,No,3,2024,0
E10632,Marketing,36,47783.0,3.89,14,No,7,2019,0
E10633,Sales,49,82326.0,3.55,2,No,7,2018,0
E10634,IT,21,41023.0,3.91,11,No,5,2023,0
E10635,IT,24,70980.0,4.16,14,Yes,6,2019,0
E10636,Sales,57,36153.0,4.12,14,No,0,2024,0
E10637,IT,43,78029.0,3.49,9,Yes,0,2020,0
E10638,Sales,54,60842.0,4.94,10,No,3,2018,0
E10639,Sales,46,68258.0,3.36,8,No,4,2025,0
E10640,Sales,60,78937.0,3.75,3,No,5,2026,1
E10641,Operations,42,28000.0,2.78,8,No,7,2024,0
E10642,Sales,59,89208.0,3.06,13,No,2,2023,0
E10643,HR,53,65480.0,4.21,12,No,7,2025,0
E10644,Marketing,46,59799.0,3.97,15,No,5,2026,1
E10645,Sales,25,65843.0,4.75,12,Yes,1,2022,0
E10646,Operations,44,67274.0,4.65,15,No,2,2024,0
E10647,Finance,59,54065.0,3.31,6,No,2,2026,0
E10648,Sales,28,44425.0,1.88,17,Yes,1,2022,0
E10649,IT,47,46357.0,3.82,17,Yes,4,2018,0
E10650,Sales,51,66770.0,3.12,13,No,2,2018,0
E10651,Finance,55,77818.0,4.04,16,No,3,2022,0
E10652,Sales,37,80449.0,2.13,10,No,1,2018,0
E10653,Finance,29,72324.0,2.17,12,No,5,2026,0
E10654,IT,43,34420.0,4.58,9,No,1,2018,0
E10655,Finance,43,95377.0,3.39,5,No,0,2021,0
E10656,Sales,40,63632.0,3.73,1,No,0,2024,0
E10657,Sales,26,70729.0,2.88,12,No,6,2024,0
E10658,HR,54,50455.0,3.13,0,No,0,2020,0
E10659,Marketing,52,44147.0,3.04,1,No,1,2024,0
E10660,Operations,43,87429.0,3.36,11,Yes,4,2024,0
E10661,Operations,34,53808.0,2.65,12,No,0,2023,0
E10662,Operations,55,67194.0,2.93,13,No,2,2020,0
E10663,IT,46,43974.0,3.54,11,No,1,2022,0
E10664,Operations,38,81110.0,3.99,6,No,4,2023,0
E10665,Sales,25,66339.0,3.85,8,No,7,2020,0
E10666,IT,53,86200.0,4.73,17,No,4,2022,0
E10667,IT,41,63453.0,3.19,17,No,7,2022,0
E10668,HR,31,88501.0,3.76,16,No,5,2023,0
E10669,Sales,42,61137.0,2.7,9,No,2,2022,0
E10670,HR,48,74677.0,2.88,17,Yes,5,2024,0
E10671,Operations,30,53328.0,4.27,11,Yes,6,2024,0
E10672,Sales,38,41252.0,3.71,8,No,5,2023,0
E10673,Finance,30,76208.0,3.83,11,No,1,2023,0
E10674,IT,23,56329.0,3.52,8,No,5,2024,0
E10675,Finance,23,56332.0,4.3,15,Yes,0,2020,1
E10676,Sales,31,81113.0,2.41,0,No,5,2022,0
E10677,IT,33,84634.0,3.74,15,No,2,2018,0
E10678,Marketing,40,48334.0,3.11,1,Yes,5,2022,1
E10679,Marketing,49,35609.0,2.95,12,No,6,2022,0
E10680,HR,45,41297.0,2.91,11,Yes,7,2025,0
E10681,Operations,51,35412.0,2.27,1,Yes,1,2022,0
E10682,Finance,31,45816.0,4.67,11,Yes,1,2024,0
E10683,Operations,60,97328.0,3.37,1,No,2,2021,0
E10684,Operations,32,28000.0,2.38,11,No,5,2019,0
E10685,Sales,45,70544.0,3.26,0,No,1,2024,0
E10686,IT,55,49301.0,3.94,10,Yes,0,2026,0
E10687,IT,46,71734.0,2.35,3,Yes,5,2025,1
E10688,Sales,21,91685.0,3.48,1,No,7,2022,0
E10689,IT,58,43056.0,4.3,5,No,1,2026,0
E10690,IT,41,86700.0,3.96,7,No,4,2021,0
E10691,Finance,23,60569.0,4.58,14,No,5,2023,0
E10692,Finance,57,50760.0,5.0,4,No,6,2026,0
E10693,Sales,45,58005.0,2.23,1,Yes,4,2022,1
E10694,Sales,60,52539.0,3.77,12,Yes,5,2020,1
E10695,Finance,42,28000.0,3.78,7,No,1,2024,0
E10696,Operations,57,69757.0,3.05,3,No,0,2018,0
E10697,IT,52,57048.0,3.39,0,No,5,2022,0
E10698,Sales,33,36918.0,2.87,1,Yes,1,2019,0
E10699,IT,54,50874.0,3.26,9,No,3,2018,0
E10700,Finance,27,35498.0,4.29,7,Yes,6,2019,0
E10701,Marketing,33,103975.0,3.21,2,No,7,2018,0
E10702,Sales,44,58179.0,3.07,0,No,3,2025,0
E10703,Sales,42,78828.0,4.4,0,No,2,2025,0
E10704,Sales,52,71531.0,3.15,4,Yes,6,2019,0
E10705,HR,60,72930.0,3.5,3,No,3,2025,0
E10706,Sales,38,89510.0,3.05,17,No,2,2021,0
E10707,IT,51,78992.0,2.62,7,Yes,5,2023,0
E10708,Operations,56,74465.0,3.32,6,No,5,2025,0
E10709,IT,58,87265.0,3.0,5,No,0,2023,0
E10710,IT,44,67105.0,4.11,0,No,2,2019,0
E10711,IT,30,94810.0,3.83,4,No,4,2026,1
E10712,Marketing,25,63099.0,3.41,12,Yes,1,2025,0
E10713,IT,30,62300.0,4.2,13,No,7,2019,0
E10714,HR,46,50016.0,4.79,6,Yes,4,2024,1
E10715,Sales,53,46609.0,2.77,6,No,5,2020,0
E10716,Marketing,32,46802.0,4.16,0,Yes,1,2022,0
E10717,Sales,48,43906.0,4.38,15,Yes,1,2023,0
E10718,Finance,26,57948.0,4.22,17,No,6,2026,0
E10719,Sales,28,55041.0,3.72,8,No,4,2025,0
E10720,Operations,52,74679.0,3.35,14,No,4,2024,0
E10721,Finance,58,56002.0,3.31,14,Yes,2,2019,0
E10722,Sales,21,77087.0,4.52,5,Yes,1,2023,0
E10723,Sales,37,57802.0,3.82,0,No,0,2018,0
E10724,Operations,45,55250.0,2.05,16,Yes,1,2024,0
E10725,IT,57,81992.0,4.18,13,No,2,2021,0
E10726,Operations,22,43831.0,3.15,9,Yes,0,2024,0
E10727,IT,60,77215.0,3.19,9,No,7,2024,0
E10728,Marketing,52,64986.0,2.61,8,No,5,2026,0
E10729,Sales,46,57935.0,3.66,17,Yes,1,2020,0
E10730,Operations,32,70075.0,3.81,14,Yes,7,2020,0
E10731,Finance,22,57840.0,3.38,8,Yes,2,2019,0
E10732,Finance,56,111225.0,3.72,14,No,3,2025,0
E10733,Operations,37,57174.0,2.48,9,No,1,2025,1
E10734,IT,47,81362.0,3.0,10,No,2,2026,0
E10735,IT,55,62200.0,2.0,1,No,7,2022,0
E10736,Marketing,35,45181.0,2.84,11,No,6,2025,0
E10737,IT,36,68551.0,4.08,16,No,3,2024,0
E10738,Sales,59,92395.0,3.2,9,No,2,2025,0
E10739,Sales,49,50372.0,3.61,6,No,2,2024,0
E10740,Operations,31,74392.0,3.38,12,No,5,2023,0
E10741,HR,48,40678.0,3.88,16,Yes,4,2022,0
E10742,IT,54,50792.0,3.16,6,No,5,2019,0
E10743,Sales,31,73898.0,3.65,12,Yes,5,2025,0
E10744,Marketing,52,82598.0,1.61,9,No,5,2025,0
E10745,Sales,37,68889.0,2.94,6,No,2,2026,0
E10746,Marketing,40,78927.0,3.76,13,Yes,0,2020,0
E10747,Marketing,21,48876.0,4.28,14,No,4,2020,0
E10748,IT,50,80554.0,3.39,11,No,1,2019,0
E10749,HR,51,65395.0,1.92,6,No,0,2020,0
E10750,Operations,31,28000.0,3.9,14,No,0,2024,0
E10751,Sales,60,84339.0,3.91,0,No,7,2018,0
E10752,Operations,42,29039.0,3.69,13,No,6,2022,0
E10753,Finance,56,49843.0,3.84,0,No,2,2026,0
E10754,Marketing,50,89877.0,4.08,12,No,0,2020,0
E10755,IT,37,54433.0,3.72,1,Yes,1,2020,0
E10756,Sales,30,66657.0,2.81,1,No,0,2022,0
E10757,Finance,33,58789.0,4.25,11,No,3,2018,0
E10758,Sales,31,40982.0,4.36,15,No,0,2019,0
E10759,IT,59,71621.0,4.51,14,Yes,4,2024,0
E10760,Sales,56,64622.0,3.07,15,No,4,2025,0
E10761,Operations,28,32645.0,3.16,7,Yes,7,2024,0
E10762,HR,45,89851.0,4.53,15,No,0,2022,0
E10763,Finance,22,61630.0,3.44,4,No,4,2025,0
E10764,Sales,45,52706.0,3.19,3,No,1,2021,0
E10765,IT,59,48128.0,3.55,4,No,7,2025,0
E10766,IT,44,46763.0,2.63,2,Yes,1,2019,0
E10767,Sales,35,63159.0,3.7,14,No,5,2019,0
E10768,Finance,40,55074.0,4.19,17,No,4,2025,0
E10769,Operations,37,79362.0,3.02,1,No,1,2026,0
E10770,IT,23,78213.0,3.09,1,No,0,2019,1
E10771,Marketing,26,60255.0,2.81,14,Yes,7,2018,0
E10772,IT,21,75299.0,3.81,14,Yes,4,2023,1
E10773,Sales,46,48231.0,4.0,0,No,4,2019,0
E10774,Operations,47,87017.0,3.11,14,No,2,2021,0
E10775,IT,56,88755.0,3.3,17,No,3,2021,0
E10776,Operations,59,55217.0,3.05,16,Yes,1,2022,0
E10777,Sales,55,50232.0,3.33,1,Yes,3,2020,0
E10778,IT,25,70678.0,2.02,15,Yes,5,2018,0
E10779,Sales,32,60026.0,4.06,16,Yes,2,2024,0
E10780,IT,44,63682.0,3.99,12,Yes,1,2026,0
E10781,Operations,42,44630.0,2.82,15,No,3,2020,0
E10782,Operations,22,71693.0,3.72,6,No,6,2019,0
E10783,Operations,38,28000.0,3.38,13,No,6,2020,0
E10784,Finance,21,56972.0,3.22,4,Yes,6,2023,0
E10785,Marketing,27,80690.0,3.89,13,Yes,5,2019,0
E10786,Sales,22,51833.0,3.59,17,No,1,2018,0
E10787,Sales,54,61719.0,3.41,8,Yes,1,2020,0
E10788,HR,34,62166.0,3.17,4,No,4,2023,0
E10789,Marketing,34,68537.0,3.06,7,No,0,2022,0
E10790,Operations,23,67805.0,4.62,9,No,4,2024,0
E10791,Marketing,60,80455.0,4.32,6,Yes,6,2023,0
E10792,Operations,45,65356.0,4.34,0,Yes,4,2024,0
E10793,Sales,48,67572.0,3.83,5,No,4,2018,0
E10794,Operations,37,61949.0,3.22,16,No,0,2022,0
E10795,Operations,45,94967.0,3.43,8,No,6,2024,0
E10796,Sales,36,78372.0,3.14,3,No,7,2020,0
E10797,HR,58,87191.0,3.18,14,Yes,0,2022,0
E10798,Operations,47,76841.0,2.91,4,No,1,2021,0
E10799,IT,50,86686.0,4.09,1,Yes,5,2018,0
E10800,Sales,42,53967.0,4.12,17,No,4,2021,0
E10801,Sales,36,82353.0,3.2,11,No,3,2025,0
E10802,Operations,22,72196.0,4.19,7,No,2,2019,0
E10803,Sales,34,77385.0,2.51,14,No,3,2022,0
E10804,Operations,23,49481.0,3.31,10,No,3,2026,0
E10805,HR,45,74618.0,3.52,3,Yes,5,2022,0
E10806,IT,26,94976.0,2.93,8,Yes,4,2018,0
E10807,Sales,48,61851.0,3.12,0,No,3,2021,0
E10808,IT,54,85501.0,5.0,9,No,3,2023,0
E10809,Operations,37,56502.0,4.25,10,Yes,3,2018,0
E10810,Operations,53,64015.0,5.0,11,Yes,7,2018,0
E10811,IT,59,28000.0,3.28,11,No,2,2024,0
E10812,Sales,59,36344.0,4.07,17,No,6,2020,0
E10813,Sales,60,69149.0,3.05,14,Yes,0,2018,0
E10814,IT,51,62428.0,4.1,0,No,6,2018,0
E10815,Operations,33,81112.0,4.75,11,No,3,2025,0
E10816,Operations,35,45322.0,2.1,0,Yes,6,2026,0
E10817,Sales,22,79511.0,3.19,9,No,4,2020,0
E10818,Finance,22,58136.0,2.9,8,No,2,2023,0
E10819,Operations,38,81609.0,1.04,15,No,0,2026,0
E10820,Finance,22,67796.0,3.34,14,No,7,2020,0
E10821,IT,49,58572.0,3.77,15,No,7,2018,0
E10822,Sales,48,90132.0,3.79,8,No,1,2019,0
E10823,Marketing,39,80006.0,2.95,8,No,1,2026,0
E10824,IT,22,87896.0,3.53,8,No,0,2023,0
E10825,Finance,27,70087.0,4.42,16,No,5,2020,0
E10826,Sales,21,75421.0,3.14,7,No,0,2018,0
E10827,Operations,46,86103.0,3.42,14,Yes,1,2023,1
E10828,Finance,49,49755.0,3.99,6,Yes,0,2018,0
E10829,Sales,47,72838.0,4.17,5,No,1,2019,0
E10830,IT,25,92930.0,2.21,0,No,1,2019,0
E10831,Operations,49,67080.0,3.37,10,No,3,2020,0
E10832,Operations,60,51094.0,2.59,1,No,3,2025,1
E10833,IT,34,37543.0,3.05,6,No,3,2025,0
E10834,IT,54,72398.0,1.96,15,No,2,2019,0
E10835,IT,40,63961.0,3.78,1,Yes,0,2018,0
E10836,Marketing,39,77048.0,3.9,17,No,7,2026,0
E10837,IT,32,63822.0,2.85,6,No,6,2018,0
E10838,IT,44,52221.0,3.14,1,No,0,2022,0
E10839,IT,34,87617.0,3.15,15,No,3,2021,0
E10840,Marketing,48,91239.0,4.05,9,Yes,6,2026,0
E10841,Finance,23,87939.0,3.49,15,No,7,2020,0
E10842,Marketing,46,57063.0,3.24,16,Yes,7,2026,0
E10843,IT,21,76271.0,2.22,9,Yes,3,2024,0
E10844,Sales,41,83765.0,2.57,12,Yes,3,2020,0
E10845,Marketing,44,66139.0,3.76,11,Yes,0,2023,1
E10846,Operations,44,53581.0,3.14,7,No,4,2023,0
E10847,Marketing,42,66570.0,5.0,10,Yes,4,2025,0
E10848,IT,60,75695.0,3.2,12,No,5,2019,0
E10849,IT,51,86427.0,3.77,9,No,1,2023,0
E10850,IT,47,85904.0,5.0,2,No,1,2025,0
E10851,Finance,57,75066.0,3.93,0,No,2,2025,0
E10852,Operations,28,56688.0,4.36,5,No,7,2025,0
E10853,Operations,42,64725.0,1.8,6,Yes,7,2025,0
E10854,IT,29,36108.0,4.13,8,No,1,2023,0
E10855,IT,30,33383.0,3.29,5,No,1,2026,0
E10856,Marketing,60,48253.0,3.8,3,No,6,2025,0
E10857,IT,51,81061.0,3.92,2,No,6,2023,0
E10858,Operations,43,40989.0,3.48,7,Yes,4,2023,0
E10859,HR,31,78447.0,2.77,7,No,2,2018,0
E10860,Operations,52,84835.0,1.83,17,Yes,3,2023,0
E10861,Operations,30,56002.0,3.8,17,No,6,2022,0
E10862,Sales,41,46441.0,3.45,3,Yes,2,2026,0
E10863,Sales,41,63780.0,2.19,15,No,0,2020,0
E10864,Finance,56,87415.0,1.99,2,No,1,2019,0
E10865,HR,32,69672.0,2.21,14,Yes,2,2022,0
E10866,Operations,28,43691.0,3.15,3,No,6,2026,0
E10867,Marketing,39,67907.0,2.68,4,No,3,2021,0
E10868,IT,54,42608.0,2.58,9,No,4,2026,1
E10869,Sales,23,35996.0,3.09,17,Yes,5,2024,0
E10870,Marketing,59,93606.0,3.98,3,No,4,2021,0
E10871,IT,48,65329.0,3.84,13,No,1,2019,0
E10872,Marketing,28,55458.0,2.7,0,No,3,2024,0
E10873,Sales,28,59078.0,3.55,0,No,7,2018,0
E10874,Sales,46,48548.0,4.11,0,No,0,2019,0
E10875,IT,53,30917.0,2.55,7,Yes,7,2018,0
E10876,Operations,33,89224.0,3.24,10,No,4,2022,0
E10877,Marketing,21,58091.0,3.89,16,No,7,2020,0
E10878,Marketing,42,63199.0,3.57,17,No,4,2020,0
E10879,HR,43,75904.0,2.81,8,Yes,7,2024,0
E10880,Finance,22,65306.0,3.16,2,No,7,2022,1
E10881,Operations,53,51747.0,4.47,8,No,4,2019,0
E10882,Operations,31,80991.0,2.92,4,No,4,2019,0
E10883,Sales,44,86381.0,2.66,6,Yes,3,2020,0
E10884,IT,56,105627.0,2.98,13,No,6,2019,0
E10885,Sales,48,63498.0,3.19,12,No,4,2024,0
E10886,IT,43,73030.0,3.41,13,Yes,6,2022,1
E10887,Operations,45,70729.0,2.96,1,No,7,2018,0
E10888,IT,43,41654.0,3.33,7,No,0,2020,0
E10889,Marketing,38,41416.0,2.92,4,No,0,2019,0
E10890,Sales,29,75690.0,1.97,11,No,4,2018,0
E10891,IT,35,92931.0,3.74,4,No,0,2025,0
E10892,HR,37,67485.0,3.42,13,No,3,2021,0
E10893,Finance,33,28000.0,3.29,7,No,1,2025,0
E10894,Operations,60,70982.0,2.51,5,Yes,4,2019,0
E10895,Operations,23,84773.0,4.25,10,No,3,2022,0
E10896,HR,46,66902.0,3.79,1,No,5,2019,0
E10897,Operations,33,79531.0,3.2,9,No,0,2025,0
E10898,Marketing,50,64200.0,3.04,1,No,1,2024,0
E10899,IT,38,69388.0,2.22,2,No,6,2022,1
E10900,HR,57,66127.0,4.18,15,No,1,2026,0
E10901,Operations,39,71530.0,4.02,8,No,1,2025,0
E10902,HR,39,63826.0,3.14,1,No,3,2019,0
E10903,Sales,38,67807.0,3.76,13,Yes,0,2025,0
E10904,Finance,56,76119.0,3.33,10,No,3,2025,0
E10905,Operations,44,66743.0,3.66,1,No,7,2020,0
E10906,HR,22,76390.0,2.43,1,No,2,2024,0
E10907,Operations,25,80499.0,4.56,2,Yes,2,2019,0
E10908,Finance,41,58452.0,3.72,17,Yes,1,2022,0
E10909,Operations,45,87447.0,4.06,3,No,7,2023,0
E10910,Sales,41,75267.0,3.38,9,No,2,2024,0
E10911,HR,24,92307.0,3.6,3,No,3,2019,0
E10912,Operations,23,43371.0,3.23,3,No,5,2019,0
E10913,Sales,40,55921.0,3.94,16,Yes,1,2025,1
E10914,Marketing,44,62936.0,2.99,12,No,3,2023,0
E10915,Sales,27,58956.0,2.96,7,Yes,7,2019,1
E10916,IT,25,64657.0,3.58,4,Yes,7,2024,0
E10917,Operations,33,40936.0,3.55,6,No,5,2020,0
E10918,Finance,49,59134.0,2.42,8,No,2,2019,0
E10919,Marketing,31,66821.0,2.42,13,No,4,2019,0
E10920,Marketing,31,63368.0,2.41,7,No,7,2022,0
E10921,Sales,27,59660.0,5.0,14,No,2,2022,0
E10922,Sales,51,62030.0,3.64,9,No,4,2022,0
E10923,Sales,21,70712.0,2.71,11,Yes,4,2022,0
E10924,IT,31,79059.0,3.14,6,Yes,7,2020,0
E10925,IT,41,82125.0,3.86,13,No,2,2022,0
E10926,Operations,57,48158.0,3.61,4,Yes,3,2018,0
E10927,Marketing,21,78236.0,2.6,17,No,6,2018,0
E10928,IT,45,78158.0,3.33,2,No,2,2018,0
E10929,IT,22,60472.0,3.35,0,Yes,0,2024,0
E10930,IT,54,61067.0,3.53,10,Yes,3,2021,1
E10931,Finance,35,45982.0,3.06,12,No,7,2021,1
E10932,IT,52,40471.0,4.36,1,Yes,2,2018,0
E10933,Marketing,39,83250.0,3.39,6,No,0,2023,0
E10934,Marketing,39,71401.0,2.15,0,Yes,6,2026,0
E10935,Operations,42,64699.0,4.69,2,Yes,0,2022,0
E10936,HR,55,93002.0,4.46,5,Yes,5,2018,0
E10937,Sales,36,71200.0,4.59,9,No,6,2020,0
E10938,IT,55,73717.0,3.73,12,No,6,2022,0
E10939,Marketing,46,62965.0,4.33,14,No,0,2021,0
E10940,Sales,50,58621.0,2.39,14,Yes,6,2018,0
E10941,Finance,60,87465.0,4.23,16,No,6,2023,0
E10942,Operations,33,89722.0,3.59,0,No,1,2024,1
E10943,Sales,60,46770.0,3.02,1,No,7,2019,0
E10944,IT,49,67124.0,4.67,9,Yes,4,2019,0
E10945,Sales,22,68981.0,5.0,17,No,4,2023,0
E10946,Operations,29,28823.0,3.09,16,No,0,2022,0
E10947,HR,59,94719.0,3.59,15,No,0,2026,0
E10948,IT,42,31865.0,3.7,13,No,4,2023,0
E10949,IT,28,55583.0,3.83,3,No,6,2024,0
E10950,HR,55,59978.0,3.37,13,No,2,2026,0
E10951,IT,57,76325.0,2.97,5,Yes,6,2022,0
E10952,IT,52,75657.0,3.49,13,No,3,2021,1
E10953,IT,59,73823.0,5.0,12,No,5,2023,0
E10954,Operations,22,48784.0,3.03,4,Yes,4,2021,1
E10955,Sales,45,48854.0,4.49,7,No,1,2026,0
E10956,IT,48,58584.0,3.83,3,No,1,2022,0
E10957,IT,22,66940.0,4.36,8,No,6,2018,0
E10958,Sales,54,58141.0,3.26,6,No,6,2018,0
E10959,Finance,44,45309.0,3.1,7,No,5,2024,0
E10960,IT,38,76898.0,3.84,11,No,4,2024,0
E10961,Marketing,25,28673.0,3.2,17,Yes,1,2019,0
E10962,Marketing,32,50131.0,3.14,17,No,6,2023,0
E10963,Sales,22,58453.0,2.45,7,No,3,2023,0
E10964,Operations,40,56517.0,2.95,5,No,1,2026,0
E10965,Marketing,32,67865.0,2.73,9,No,0,2024,0
E10966,Sales,34,32933.0,4.01,12,No,2,2024,0
E10967,Marketing,52,62422.0,2.64,1,Yes,1,2023,0
E10968,Operations,26,30216.0,3.77,4,Yes,5,2024,0
E10969,Marketing,31,46308.0,3.5,14,No,7,2022,1
E10970,Marketing,46,51724.0,4.67,6,Yes,5,2024,0
E10971,Sales,45,90004.0,2.56,4,No,6,2023,0
E10972,Finance,55,71511.0,2.91,12,No,3,2018,0
E10973,Operations,52,71967.0,2.71,13,No,7,2022,0
E10974,Operations,36,89094.0,2.78,9,Yes,1,2025,0
E10975,Sales,45,71004.0,3.57,6,Yes,0,2018,0
E10976,Sales,44,66992.0,2.93,17,Yes,1,2023,0
E10977,Finance,22,107982.0,2.65,14,No,0,2025,0
E10978,Operations,57,74183.0,3.51,6,Yes,1,2020,0
E10979,HR,37,55344.0,4.39,14,No,1,2020,0
E10980,Sales,31,61540.0,2.13,5,Yes,5,2018,1
E10981,Operations,41,89892.0,4.09,16,No,2,2022,0
E10982,IT,26,77561.0,4.35,17,Yes,0,2024,0
E10983,IT,35,69407.0,3.77,0,Yes,3,2020,0
E10984,Operations,49,85806.0,3.19,13,No,4,2021,0
E10985,Operations,47,82117.0,3.56,1,No,0,2025,0
E10986,Marketing,38,73852.0,2.59,11,No,0,2022,0
E10987,Operations,24,72298.0,4.27,0,No,7,2019,0
E10988,Sales,57,60933.0,3.27,0,Yes,6,2023,0
E10989,Finance,43,57548.0,2.22,9,No,0,2022,0
E10990,Operations,44,83438.0,4.13,17,No,4,2023,0
E10991,Finance,45,90017.0,4.07,13,Yes,4,2026,0
E10992,Finance,33,90856.0,2.45,15,No,4,2021,1
E10993,HR,29,63958.0,4.04,14,Yes,5,2022,0
E10994,IT,41,50796.0,4.25,9,No,6,2020,0
E10995,Operations,42,47681.0,2.94,11,No,6,2021,0
E10996,IT,57,46770.0,3.56,1,No,1,2025,0
E10997,Operations,44,60456.0,5.0,13,No,1,2024,0
E10998,Finance,45,70372.0,3.2,7,No,7,2024,0
E10999,IT,58,63540.0,4.07,6,No,2,2022,0
E11000,Operations,56,64311.0,2.15,5,Yes,7,2018,0
E11001,HR,43,31936.0,3.67,7,No,7,2019,0
E11002,IT,59,69289.0,3.14,1,No,6,2022,0
E11003,IT,47,43465.0,4.31,17,No,3,2018,0
E11004,IT,26,28006.0,3.18,6,No,5,2018,0
E11005,Marketing,23,59014.0,4.62,7,No,6,2026,0
E11006,Operations,21,65592.0,3.84,11,No,4,2024,0
E11007,Finance,47,50234.0,2.99,15,No,6,2025,0
E11008,HR,31,55846.0,3.79,11,No,2,2022,0
E11009,Marketing,47,66866.0,2.79,6,No,1,2021,0
E11010,HR,45,83821.0,4.54,5,Yes,1,2018,0
E11011,HR,45,79783.0,3.09,6,Yes,4,2021,0
E11012,IT,48,68469.0,2.23,7,No,4,2025,0
E11013,Sales,49,76168.0,3.98,16,No,0,2023,0
E11014,IT,37,57222.0,3.94,2,No,5,2025,0
E11015,Marketing,25,71666.0,3.95,13,No,3,2024,0
E11016,HR,54,80840.0,3.11,1,No,1,2020,0
E11017,Operations,26,80990.0,3.32,5,Yes,5,2022,1
E11018,Operations,50,50582.0,4.43,3,No,6,2025,0
E11019,IT,27,88600.0,3.24,15,No,1,2018,0
E11020,IT,30,89059.0,4.05,5,Yes,0,2025,0
E11021,IT,45,96517.0,2.3,17,No,5,2020,0
E11022,Finance,31,62434.0,4.28,14,No,0,2018,0
E11023,HR,56,28999.0,4.76,3,No,4,2022,0
E11024,Sales,31,85947.0,3.21,15,No,5,2026,0
E11025,Operations,51,96061.0,4.51,17,No,2,2018,0
E11026,Operations,51,72749.0,3.48,5,Yes,2,2024,0
E11027,IT,40,59399.0,3.4,0,No,2,2022,0
E11028,Marketing,21,56540.0,4.61,0,No,4,2025,0
E11029,Finance,39,61345.0,2.72,4,No,2,2026,1
E11030,Sales,23,96892.0,4.47,1,No,1,2026,1
E11031,Finance,41,71404.0,3.64,11,Yes,7,2023,0
E11032,Finance,52,76036.0,2.16,13,No,1,2022,0
E11033,Marketing,43,60106.0,3.13,12,No,5,2019,0
E11034,Marketing,29,31446.0,3.13,6,No,7,2025,0
E11035,IT,54,118791.0,4.02,15,No,4,2026,0
E11036,Operations,46,42834.0,3.18,4,No,3,2018,1
E11037,IT,22,77693.0,3.81,5,No,2,2020,0
E11038,Sales,54,76520.0,4.07,4,Yes,1,2019,0
E11039,Operations,36,84536.0,1.66,3,No,5,2024,0
E11040,Finance,40,84898.0,3.51,10,No,2,2018,0
E11041,Operations,25,76558.0,4.39,14,No,5,2021,0
E11042,IT,30,72806.0,2.16,1,Yes,0,2023,0
E11043,IT,57,89541.0,4.79,12,No,0,2024,0
E11044,HR,42,102566.0,3.45,15,No,4,2024,0
E11045,Marketing,52,49048.0,3.04,2,No,5,2020,0
E11046,Sales,25,53674.0,4.83,16,No,1,2018,0
E11047,Sales,51,77240.0,4.7,10,Yes,4,2018,0
E11048,IT,46,78349.0,3.19,6,Yes,0,2021,1
E11049,IT,21,77187.0,3.63,13,Yes,3,2021,0
E11050,Marketing,57,47618.0,2.64,10,No,0,2020,1
E11051,Operations,34,64790.0,3.75,1,Yes,0,2023,0
E11052,IT,35,62585.0,3.77,3,No,6,2026,0
E11053,Sales,41,58476.0,3.96,6,No,1,2023,0
E11054,Operations,32,83648.0,3.08,14,No,7,2018,0
E11055,Sales,34,75913.0,4.02,6,Yes,0,2022,0
E11056,Sales,52,64247.0,3.55,1,No,3,2024,0
E11057,Sales,40,75085.0,3.41,4,No,4,2021,0
E11058,Marketing,50,65291.0,4.46,13,No,3,2025,0
E11059,Sales,23,85807.0,4.44,9,Yes,4,2019,0
E11060,Marketing,29,62372.0,4.77,17,Yes,3,2025,0
E11061,IT,51,75558.0,3.3,11,No,7,2024,0
E11062,HR,35,42702.0,2.1,12,No,3,2023,0
E11063,Sales,45,61783.0,2.38,4,No,7,2026,1
E11064,Operations,26,36866.0,3.89,13,No,5,2020,0
E11065,Sales,38,70114.0,4.42,9,Yes,4,2020,0
E11066,Sales,38,58930.0,3.25,7,Yes,2,2026,0
E11067,Sales,55,37739.0,2.76,4,Yes,5,2021,0
E11068,HR,27,50506.0,2.09,11,Yes,0,2021,1
E11069,Marketing,26,104240.0,3.98,9,Yes,5,2023,0
E11070,Marketing,43,69451.0,2.43,6,No,6,2024,0
E11071,Sales,45,62723.0,2.78,1,No,7,2024,0
E11072,Sales,43,98836.0,3.88,10,No,0,2022,0
E11073,Marketing,45,52173.0,3.71,4,No,1,2019,0
E11074,IT,31,28000.0,2.45,2,No,7,2022,0
E11075,Sales,35,64324.0,4.15,14,No,5,2020,0
E11076,IT,27,58528.0,3.25,3,Yes,5,2022,0
E11077,Operations,37,74643.0,2.3,4,No,0,2022,1
E11078,Sales,30,100213.0,3.79,13,No,7,2019,0
E11079,IT,34,52787.0,3.27,4,No,1,2022,0
E11080,Sales,59,39909.0,4.0,6,Yes,1,2020,0
E11081,Operations,28,60625.0,4.45,2,No,3,2022,0
E11082,Operations,55,42079.0,3.17,10,No,1,2025,0
E11083,Operations,52,64682.0,3.54,15,No,0,2020,0
E11084,Marketing,39,75882.0,3.27,6,No,0,2020,0
E11085,HR,47,83678.0,2.78,6,No,3,2023,1
E11086,Finance,59,59082.0,3.09,3,Yes,3,2019,0
E11087,Marketing,22,58074.0,2.71,15,No,6,2018,0
E11088,Finance,29,62244.0,2.63,9,No,0,2023,0
E11089,Operations,60,75194.0,2.96,10,Yes,4,2023,0
E11090,Operations,57,56114.0,3.45,17,No,3,2026,0
E11091,Operations,35,84756.0,3.45,5,No,5,2024,0
E11092,Operations,56,55771.0,3.57,3,No,4,2024,0
E11093,IT,39,85215.0,3.54,10,No,3,2023,1
E11094,Operations,32,49861.0,4.12,6,No,6,2026,0
E11095,Sales,26,77642.0,4.53,2,No,6,2020,0
E11096,Marketing,42,52319.0,2.47,8,No,6,2019,0
E11097,Finance,24,63668.0,2.73,17,Yes,6,2018,0
E11098,Sales,39,81261.0,2.93,7,No,3,2025,0
E11099,Marketing,44,53768.0,5.0,3,No,1,2024,0
E11100,Operations,41,98451.0,4.16,4,No,7,2020,0
E11101,Operations,21,73891.0,3.3,9,No,6,2025,0
E11102,Sales,54,71414.0,2.96,14,No,6,2018,0
E11103,Sales,42,96061.0,3.89,8,No,2,2024,0
E11104,IT,30,96807.0,4.04,5,No,6,2024,0
E11105,Operations,43,73009.0,3.78,12,Yes,7,2024,0
E11106,Operations,47,80836.0,3.65,14,Yes,5,2026,0
E11107,Operations,24,59521.0,3.27,15,Yes,3,2019,0
E11108,Finance,35,66986.0,3.82,15,No,5,2019,0
E11109,IT,51,36978.0,3.04,2,Yes,1,2022,0
E11110,Operations,60,73532.0,3.18,5,No,4,2024,0
E11111,Operations,41,92971.0,3.23,12,No,6,2023,0
E11112,Operations,43,72113.0,3.91,9,No,7,2022,0
E11113,Sales,24,81484.0,3.27,12,Yes,1,2024,0
E11114,Operations,39,55341.0,2.57,17,No,6,2019,0
E11115,IT,54,29242.0,3.43,0,No,4,2025,1
E11116,Operations,26,30498.0,3.26,4,No,6,2018,0
E11117,Operations,52,37942.0,3.35,2,No,0,2021,0
E11118,Marketing,50,59902.0,2.37,11,No,5,2024,0
E11119,Finance,57,55801.0,2.1,9,No,5,2021,0
E11120,Marketing,41,51387.0,2.54,10,No,7,2019,0
E11121,Marketing,50,66965.0,3.71,15,Yes,3,2019,1
E11122,Operations,38,36891.0,4.76,11,No,5,2018,0
E11123,IT,39,85755.0,3.9,17,No,7,2024,0
E11124,IT,46,78206.0,3.73,16,No,3,2021,0
E11125,Operations,31,73291.0,3.22,9,No,2,2026,0
E11126,Operations,59,80474.0,3.18,13,Yes,5,2022,1
E11127,Marketing,35,43706.0,4.61,8,No,3,2020,0
E11128,IT,48,48528.0,3.76,15,No,2,2019,0
E11129,Operations,48,51793.0,3.42,4,Yes,4,2023,1
E11130,IT,55,59328.0,3.58,16,No,0,2018,0
E11131,Marketing,28,75129.0,4.22,4,No,7,2026,0
E11132,Operations,53,28000.0,3.08,0,No,0,2019,0
E11133,Marketing,53,64320.0,2.71,0,No,6,2024,0
E11134,Sales,57,85501.0,3.43,17,No,7,2020,0
E11135,Marketing,21,34251.0,3.36,14,Yes,5,2025,1
E11136,Operations,53,68140.0,2.6,0,No,5,2019,0
E11137,Marketing,38,68384.0,2.43,2,No,1,2018,0
E11138,Operations,50,62920.0,3.68,11,No,5,2026,0
E11139,Operations,49,67737.0,2.67,10,No,3,2023,0
E11140,Operations,51,60719.0,3.89,3,No,2,2023,0
E11141,Marketing,42,43120.0,4.21,10,No,0,2023,1
E11142,Operations,24,70820.0,2.99,17,No,7,2019,0
E11143,Finance,41,28000.0,3.54,9,No,5,2026,0
E11144,Finance,58,77898.0,3.98,6,No,0,2023,0
E11145,Sales,33,70200.0,4.65,11,No,1,2021,0
E11146,Sales,30,70054.0,3.9,6,Yes,4,2020,0
E11147,IT,37,77017.0,2.47,3,No,5,2021,0
E11148,Finance,53,94834.0,2.49,7,No,6,2018,0
E11149,Operations,27,35703.0,3.96,11,No,0,2023,0
E11150,Marketing,30,68942.0,2.94,9,No,2,2020,0
E11151,Finance,46,84697.0,2.71,7,Yes,0,2026,0
E11152,Marketing,58,102687.0,2.69,12,No,2,2023,0
E11153,Sales,27,35217.0,1.99,0,No,1,2020,0
E11154,Operations,46,58755.0,4.66,7,No,3,2023,0
E11155,Sales,47,96472.0,2.92,15,Yes,3,2026,0
E11156,Marketing,30,57072.0,3.31,2,No,6,2020,0
E11157,Finance,28,44961.0,3.49,16,No,1,2022,0
E11158,Sales,38,107917.0,3.87,3,Yes,4,2022,0
E11159,IT,54,28000.0,3.18,17,No,5,2022,0
E11160,Operations,50,75334.0,3.99,0,No,4,2025,1
E11161,Sales,55,52869.0,3.0,8,No,0,2019,0
E11162,Marketing,26,50828.0,3.17,3,No,7,2021,0
E11163,Operations,31,77720.0,2.82,17,No,3,2020,0
E11164,Finance,60,70496.0,2.53,12,No,5,2019,0
E11165,Operations,55,66297.0,2.68,11,Yes,7,2024,0
E11166,IT,44,74468.0,3.0,14,No,2,2022,0
E11167,Sales,37,47212.0,3.51,5,Yes,4,2026,0
E11168,Finance,35,70729.0,1.85,17,Yes,6,2018,0
E11169,Sales,39,64244.0,3.62,11,No,2,2021,1
E11170,Operations,24,80723.0,3.3,10,No,1,2026,0
E11171,Marketing,26,49932.0,4.53,10,Yes,1,2026,0
E11172,Sales,52,69219.0,3.48,8,No,1,2020,0
E11173,Marketing,57,82870.0,4.77,10,Yes,2,2019,1
E11174,IT,45,81412.0,3.2,5,No,2,2026,0
E11175,HR,39,42652.0,2.78,11,Yes,4,2019,0
E11176,Sales,49,57486.0,2.51,0,No,4,2019,0
E11177,IT,37,82448.0,3.11,9,Yes,5,2022,0
E11178,Sales,47,86528.0,3.5,17,Yes,4,2024,0
E11179,Operations,58,97298.0,3.21,0,No,3,2020,0
E11180,IT,37,58249.0,3.91,11,No,5,2023,0
E11181,Sales,51,67391.0,3.56,1,No,3,2022,0
E11182,Sales,59,94561.0,2.7,7,Yes,4,2019,1
E11183,Operations,55,62117.0,2.94,11,No,1,2024,0
E11184,HR,55,88819.0,3.36,7,No,5,2022,0
E11185,IT,39,54900.0,2.66,12,No,0,2020,0
E11186,IT,24,67619.0,3.03,9,No,1,2024,1
E11187,Finance,28,67667.0,2.21,14,Yes,6,2018,0
E11188,Marketing,28,70716.0,3.0,14,No,4,2022,0
E11189,IT,35,42062.0,3.36,11,No,0,2021,0
E11190,Sales,45,69826.0,3.4,15,No,6,2020,0
E11191,IT,23,38871.0,3.63,9,No,6,2018,0
E11192,Sales,50,66244.0,2.1,4,No,0,2022,0
E11193,Finance,27,41995.0,4.22,1,No,7,2022,0
E11194,IT,36,65668.0,2.05,12,No,5,2023,0
E11195,IT,59,66784.0,2.42,3,No,1,2025,0
E11196,IT,27,79780.0,2.11,2,Yes,5,2023,1
E11197,Sales,27,88561.0,2.74,8,No,2,2022,0
E11198,Marketing,28,53556.0,2.5,8,No,1,2018,1
E11199,Finance,37,62400.0,4.0,3,No,4,2023,0
E11200,Sales,38,45140.0,3.47,6,No,3,2024,0
E11201,Finance,21,99721.0,2.98,11,No,6,2022,0
E11202,Operations,23,97144.0,4.81,15,No,0,2026,0
E11203,Finance,22,57257.0,3.59,14,No,0,2020,0
E11204,Operations,58,63750.0,3.78,10,No,2,2021,0
E11205,HR,23,55517.0,2.96,7,No,7,2026,0
E11206,Marketing,56,55453.0,3.36,12,No,7,2026,0
E11207,Operations,37,80247.0,3.79,7,Yes,0,2022,0
E11208,Sales,42,67707.0,3.1,12,Yes,2,2019,1
E11209,Operations,59,38286.0,3.09,16,Yes,2,2021,0
E11210,Sales,42,68284.0,3.96,13,No,7,2025,0
E11211,Operations,36,97046.0,3.65,17,No,2,2026,0
E11212,Sales,32,65393.0,1.6,5,No,6,2022,0
E11213,IT,50,75637.0,3.9,1,No,0,2026,0
E11214,Finance,46,100793.0,2.97,17,Yes,5,2021,0
E11215,Operations,25,71671.0,2.68,0,No,2,2020,0
E11216,Sales,50,96297.0,3.55,16,No,3,2023,0
E11217,IT,55,61241.0,3.39,5,Yes,1,2026,0
E11218,Marketing,59,71103.0,3.49,13,No,4,2026,0
E11219,IT,54,64016.0,2.85,9,No,3,2023,0
E11220,Operations,59,74141.0,3.03,4,No,4,2019,1
E11221,IT,31,55393.0,3.54,13,No,3,2019,0
E11222,HR,60,43472.0,3.9,5,No,3,2019,0
E11223,HR,42,62902.0,2.66,12,No,6,2020,0
E11224,Finance,48,75229.0,2.98,12,No,1,2023,0
E11225,Operations,32,62873.0,3.5,15,No,1,2024,1
E11226,IT,47,45620.0,3.67,17,Yes,1,2022,0
E11227,Sales,44,68509.0,3.44,2,Yes,5,2019,0
E11228,Sales,41,55552.0,3.88,9,Yes,0,2021,0
E11229,Sales,58,98829.0,4.45,10,Yes,5,2025,0
E11230,IT,34,69954.0,2.89,1,Yes,2,2019,0
E11231,Sales,60,70043.0,2.74,11,No,7,2020,0
E11232,Operations,40,90542.0,3.38,11,No,2,2025,0
E11233,IT,60,84261.0,2.78,15,No,1,2020,0
E11234,Operations,53,64777.0,5.0,8,Yes,6,2018,0
E11235,Sales,52,75868.0,5.0,16,No,7,2023,0
E11236,Operations,32,73416.0,3.43,11,No,3,2020,0
E11237,HR,43,66413.0,3.12,13,Yes,0,2019,0
E11238,HR,43,56465.0,3.5,8,Yes,4,2021,0
E11239,Sales,52,39126.0,3.21,13,Yes,7,2019,0
E11240,Marketing,29,79668.0,3.37,13,Yes,1,2025,0
E11241,Operations,53,73405.0,3.39,10,Yes,3,2023,0
E11242,Marketing,40,78949.0,2.95,11,Yes,7,2023,0
E11243,Sales,60,46257.0,2.37,17,No,3,2023,1
E11244,IT,50,28896.0,4.12,14,Yes,6,2022,0
E11245,Sales,23,48584.0,2.65,5,No,6,2021,1
E11246,Sales,38,70435.0,4.09,0,No,1,2025,0
E11247,Operations,37,32538.0,4.0,10,Yes,6,2023,0
E11248,Sales,35,64456.0,3.71,17,No,7,2019,0
E11249,Marketing,31,63441.0,2.96,11,No,7,2026,0
E11250,Sales,60,97430.0,3.3,15,No,3,2020,0
E11251,IT,28,40196.0,2.87,1,Yes,1,2020,0
E11252,Operations,44,59346.0,3.27,0,Yes,6,2018,0
E11253,Finance,30,67046.0,5.0,9,No,2,2026,0
E11254,Marketing,27,92646.0,2.54,9,No,1,2025,0
E11255,Sales,60,64187.0,3.6,2,Yes,2,2022,1
E11256,Sales,40,79203.0,3.2,17,Yes,5,2024,0
E11257,Finance,30,60811.0,3.07,2,Yes,5,2024,0
E11258,Operations,33,61632.0,3.51,9,No,1,2021,0
E11259,Operations,49,49121.0,4.2,16,No,2,2024,0
E11260,Marketing,23,53143.0,4.2,14,No,7,2020,0
E11261,Operations,51,50569.0,4.67,14,No,0,2020,0
E11262,Operations,40,74821.0,2.71,12,No,6,2025,1
E11263,Operations,37,46008.0,3.34,8,No,2,2024,0
E11264,Marketing,41,56287.0,1.7,14,No,3,2021,0
E11265,Sales,55,67022.0,2.76,12,Yes,2,2023,0
E11266,Operations,31,44965.0,4.15,3,No,3,2019,0
E11267,Sales,29,44881.0,4.13,16,No,1,2026,0
E11268,Operations,28,45420.0,3.4,5,No,7,2023,0
E11269,Marketing,56,65691.0,2.9,16,No,7,2020,0
E11270,Finance,60,61818.0,4.27,10,No,2,2024,0
E11271,IT,53,52220.0,3.86,17,No,5,2018,0
E11272,Sales,39,55662.0,2.97,13,No,0,2021,0
E11273,HR,51,77280.0,3.78,3,No,6,2024,0
E11274,Finance,56,69851.0,3.62,4,Yes,2,2021,0
E11275,Operations,23,72905.0,2.44,1,Yes,0,2018,0
E11276,IT,44,69057.0,4.08,17,No,0,2020,0
E11277,HR,31,40350.0,2.18,12,No,5,2018,0
E11278,IT,54,82728.0,3.05,17,No,0,2026,0
E11279,Sales,42,74552.0,4.86,16,No,0,2022,0
E11280,Sales,27,58800.0,3.58,11,Yes,6,2025,0
E11281,IT,27,43129.0,3.26,0,No,2,2019,0
E11282,Finance,22,51589.0,3.0,15,Yes,7,2026,0
E11283,Sales,21,51686.0,2.85,6,Yes,4,2018,0
E11284,Sales,24,65532.0,3.73,14,No,0,2026,0
E11285,Operations,36,92009.0,2.5,1,Yes,3,2024,1
E11286,Operations,29,83187.0,3.44,0,Yes,7,2022,0
E11287,Operations,38,43473.0,2.93,9,Yes,7,2019,1
E11288,Sales,22,59922.0,3.53,16,No,0,2019,0
E11289,Operations,49,68383.0,3.83,8,No,5,2026,0
E11290,Operations,32,51132.0,2.84,0,No,2,2022,0
E11291,Operations,30,84325.0,2.51,0,Yes,0,2021,0
E11292,Operations,46,45399.0,4.92,6,Yes,6,2018,1
E11293,Sales,27,75417.0,3.49,5,No,7,2026,0
E11294,Operations,41,61365.0,3.14,14,No,5,2022,0
E11295,Finance,57,76057.0,2.93,10,No,1,2020,0
E11296,Marketing,48,85530.0,3.6,17,Yes,1,2020,0
E11297,Finance,31,64025.0,3.52,1,No,6,2021,0
E11298,Marketing,57,77737.0,3.56,2,No,3,2018,0
E11299,Finance,35,38310.0,5.0,14,No,7,2026,0
E11300,Sales,21,47842.0,3.63,0,Yes,5,2020,0
E11301,HR,55,55879.0,3.17,4,Yes,6,2026,0
E11302,IT,58,88269.0,3.82,2,No,1,2024,1
E11303,Sales,25,87744.0,3.36,4,No,6,2018,0
E11304,Operations,46,83075.0,3.29,5,No,4,2019,0
E11305,Sales,51,60979.0,3.09,0,No,5,2023,0
E11306,Operations,59,63549.0,2.58,12,No,2,2022,0
E11307,Operations,56,40905.0,4.03,7,No,1,2025,0
E11308,Sales,28,32343.0,4.45,13,No,1,2024,0
E11309,Operations,45,65769.0,2.63,7,No,7,2026,0
E11310,Operations,39,43010.0,2.68,0,Yes,5,2022,0
E11311,IT,48,73031.0,2.5,0,No,5,2020,0
E11312,IT,26,35637.0,3.36,10,No,7,2025,0
E11313,Operations,40,74594.0,4.4,10,No,1,2019,0
E11314,Operations,33,44456.0,3.15,2,No,5,2018,0
E11315,Marketing,49,82472.0,4.19,12,No,1,2020,0
E11316,Operations,33,86325.0,3.26,3,Yes,4,2023,0
E11317,Sales,32,68884.0,4.29,2,No,0,2021,0
E11318,Sales,30,80710.0,3.28,3,Yes,0,2019,0
E11319,Operations,31,64612.0,4.3,1,No,3,2023,0
E11320,Sales,39,69974.0,1.88,16,No,3,2022,0
E11321,Sales,48,91903.0,3.51,17,No,4,2026,0
E11322,HR,55,36252.0,3.35,10,Yes,6,2021,0
E11323,IT,40,63925.0,2.92,11,No,0,2022,0
E11324,Marketing,33,65531.0,3.41,11,Yes,4,2023,0
E11325,Sales,44,87982.0,3.11,3,No,4,2026,0
E11326,Sales,26,61819.0,2.96,8,No,4,2018,0
E11327,Sales,53,82868.0,3.31,8,No,7,2023,0
E11328,IT,30,28000.0,3.05,1,Yes,2,2021,0
E11329,Operations,24,66791.0,3.78,16,No,3,2022,0
E11330,Sales,46,112755.0,4.58,16,No,3,2023,0
E11331,Operations,48,81773.0,2.84,8,No,6,2018,0
E11332,HR,40,72662.0,2.82,17,No,3,2024,0
E11333,IT,40,80735.0,2.43,17,No,2,2023,0
E11334,HR,50,50210.0,4.65,5,No,7,2025,0
E11335,Sales,43,51121.0,3.58,15,Yes,1,2024,0
E11336,Finance,51,96717.0,3.01,7,No,5,2020,0
E11337,Sales,35,48789.0,2.73,10,No,0,2019,0
E11338,HR,50,84134.0,4.16,7,No,5,2026,0
E11339,Operations,47,39333.0,4.01,13,No,3,2024,0
E11340,Sales,21,68374.0,3.31,12,Yes,0,2019,1
E11341,IT,44,62064.0,3.85,6,No,0,2024,0
E11342,IT,21,28000.0,4.37,1,No,3,2026,0
E11343,Operations,36,102498.0,3.07,1,No,0,2020,1
E11344,Sales,49,44551.0,2.93,11,Yes,0,2026,0
E11345,HR,55,47729.0,3.57,13,No,6,2025,0
E11346,Operations,34,31187.0,4.05,8,No,6,2023,0
E11347,IT,47,76956.0,2.62,11,No,4,2018,0
E11348,Marketing,24,58113.0,3.27,6,Yes,6,2023,0
E11349,Operations,28,58997.0,2.57,11,Yes,2,2026,0
E11350,Operations,37,63059.0,4.42,2,No,5,2020,0
E11351,HR,37,52649.0,2.3,4,No,5,2023,0
E11352,IT,47,75500.0,3.08,10,No,7,2020,1
E11353,HR,25,61373.0,3.26,7,No,4,2023,0
E11354,IT,26,71270.0,3.34,13,No,4,2025,0
E11355,Finance,29,60895.0,2.68,13,Yes,7,2022,1
E11356,Marketing,37,74456.0,4.01,6,No,1,2026,0
E11357,IT,27,97402.0,4.35,4,No,2,2021,0
E11358,HR,40,85842.0,2.88,1,Yes,6,2026,0
E11359,Operations,58,42326.0,3.65,11,No,5,2024,0
E11360,Sales,51,77080.0,3.19,13,No,5,2026,0
E11361,Sales,51,65027.0,1.95,3,No,0,2019,1
E11362,IT,38,52451.0,4.08,9,No,2,2026,0
E11363,Marketing,22,98959.0,3.23,3,No,0,2020,0
E11364,Operations,38,68192.0,2.38,17,No,1,2023,0
E11365,Operations,32,69216.0,3.88,7,No,6,2026,0
E11366,Finance,21,52896.0,2.91,8,No,4,2022,0
E11367,Operations,59,53423.0,2.88,1,No,3,2026,0
E11368,Marketing,37,67510.0,2.67,17,No,0,2026,0
E11369,Marketing,31,75860.0,3.95,0,No,0,2022,0
E11370,Sales,27,60793.0,3.32,12,Yes,3,2021,0
E11371,Operations,42,65273.0,3.77,5,No,0,2018,0
E11372,Finance,24,52339.0,3.63,11,No,5,2024,0
E11373,Sales,38,57038.0,3.02,11,No,5,2021,0
E11374,IT,32,48593.0,2.21,7,No,4,2026,1
E11375,Sales,56,68753.0,3.43,11,No,0,2026,0
E11376,Marketing,52,61077.0,4.2,11,No,5,2025,0
E11377,Operations,38,28000.0,3.32,2,No,1,2026,0
E11378,Operations,45,48385.0,3.23,16,No,2,2020,0
E11379,Finance,45,37956.0,3.09,4,Yes,6,2025,0
E11380,Operations,24,45923.0,3.74,14,No,0,2021,0
E11381,IT,38,91607.0,3.41,9,No,3,2025,0
E11382,Sales,58,70397.0,3.42,2,No,5,2019,0
E11383,Marketing,56,78748.0,2.09,1,Yes,2,2026,0
E11384,Operations,51,72176.0,2.29,8,No,5,2019,0
E11385,Marketing,21,47808.0,4.11,2,No,7,2021,0
E11386,Finance,57,75788.0,3.9,5,No,6,2020,0
E11387,HR,29,92909.0,4.06,6,Yes,3,2021,0
E11388,Sales,45,90072.0,2.98,8,No,7,2018,0
E11389,HR,51,114942.0,3.67,6,Yes,0,2023,0
E11390,Marketing,33,79556.0,4.49,4,No,3,2026,0
E11391,IT,38,63406.0,3.19,5,No,6,2020,1
E11392,HR,23,96417.0,2.88,9,No,3,2021,0
E11393,Sales,39,58350.0,4.02,10,Yes,6,2018,0
E11394,HR,55,69473.0,2.25,17,No,6,2021,0
E11395,Marketing,42,72886.0,3.09,3,No,5,2022,0
E11396,Sales,52,57633.0,3.67,11,Yes,5,2019,1
E11397,Sales,26,65540.0,4.23,15,No,3,2026,0
E11398,Sales,40,64041.0,2.67,2,No,2,2020,0
E11399,Finance,26,65086.0,3.11,10,Yes,2,2023,0
E11400,Sales,46,28000.0,3.45,9,No,2,2019,0
E11401,Sales,42,70188.0,3.74,8,No,0,2019,0
E11402,Sales,30,29647.0,2.91,9,Yes,2,2025,0
E11403,Operations,29,43542.0,3.51,17,No,5,2026,0
E11404,Sales,48,69677.0,3.34,15,No,2,2020,0
E11405,IT,57,77862.0,3.34,1,No,2,2020,0
E11406,Finance,26,103648.0,3.19,17,Yes,7,2023,1
E11407,Operations,44,56845.0,3.62,1,No,7,2025,0
E11408,HR,41,58407.0,2.21,16,No,4,2019,0
E11409,IT,60,64834.0,2.81,10,Yes,3,2019,0
E11410,Operations,47,28000.0,4.5,1,Yes,7,2025,0
E11411,IT,58,50392.0,2.58,13,No,4,2023,0
E11412,Marketing,50,39897.0,4.08,5,No,5,2025,1
E11413,Marketing,54,55521.0,2.89,10,No,2,2023,0
E11414,IT,23,51290.0,3.42,16,No,7,2020,0
E11415,Operations,42,80069.0,3.46,3,No,2,2024,0
E11416,IT,45,50827.0,3.16,13,No,7,2020,0
E11417,HR,38,88911.0,3.52,1,No,3,2026,0
E11418,Finance,39,53047.0,3.44,12,No,3,2026,0
E11419,Operations,28,71127.0,2.72,3,Yes,1,2024,0
E11420,Operations,35,55977.0,3.4,14,Yes,5,2021,0
E11421,Sales,39,52649.0,3.44,4,No,5,2020,1
E11422,Finance,42,61891.0,2.73,0,No,6,2025,0
E11423,Sales,57,65064.0,4.03,5,No,5,2021,0
E11424,IT,40,61697.0,4.66,14,Yes,0,2025,0
E11425,Marketing,47,60147.0,3.22,17,No,7,2021,0
E11426,IT,21,33939.0,3.05,16,Yes,6,2024,0
E11427,Operations,29,65506.0,4.7,8,No,0,2022,0
E11428,HR,41,59932.0,2.4,0,Yes,2,2021,0
E11429,IT,44,69334.0,2.64,10,Yes,1,2022,1
E11430,Sales,31,70265.0,3.47,8,No,1,2019,0
E11431,IT,56,58153.0,3.75,12,No,5,2026,0
E11432,IT,53,59476.0,4.32,0,No,6,2019,0
E11433,IT,41,75954.0,3.73,5,Yes,4,2026,0
E11434,Marketing,57,97642.0,3.73,11,No,2,2021,1
E11435,IT,44,32077.0,4.07,11,No,0,2023,0
E11436,Sales,36,78261.0,2.58,16,No,3,2026,0
E11437,Finance,49,55521.0,1.87,11,Yes,1,2019,1
E11438,Operations,39,57566.0,2.68,1,No,7,2018,0
E11439,Operations,25,89137.0,3.87,7,No,6,2025,0
E11440,Finance,47,56006.0,2.74,10,No,3,2025,0
E11441,Marketing,45,66932.0,3.14,2,No,4,2020,0
E11442,Sales,35,66055.0,2.8,6,No,3,2024,0
E11443,Sales,32,84959.0,4.3,14,No,0,2024,0
E11444,Sales,48,58112.0,2.6,3,No,6,2022,0
E11445,Sales,54,79028.0,2.86,13,No,7,2024,0
E11446,Operations,43,117680.0,2.96,1,No,7,2021,0
E11447,Finance,33,66400.0,3.92,12,No,1,2025,0
E11448,Operations,60,75937.0,3.98,11,No,4,2020,0
E11449,HR,41,69173.0,3.52,16,Yes,3,2020,0
E11450,Sales,36,52470.0,2.83,4,No,0,2019,0
E11451,IT,30,38786.0,3.85,0,No,7,2024,0
E11452,Sales,32,68302.0,4.54,13,No,0,2024,0
E11453,Operations,60,71563.0,3.69,8,Yes,6,2020,1
E11454,IT,21,87443.0,5.0,4,No,7,2018,0
E11455,Operations,43,110203.0,4.32,16,No,7,2026,0
E11456,Sales,28,76475.0,3.38,4,No,3,2026,0
E11457,HR,24,69353.0,2.9,10,No,7,2021,0
E11458,Sales,58,60533.0,3.63,10,No,1,2019,0
E11459,IT,46,49508.0,3.3,3,Yes,1,2025,0
E11460,Operations,22,63902.0,2.63,7,No,3,2024,0
E11461,IT,28,28000.0,3.46,0,No,6,2022,0
E11462,IT,21,80256.0,2.64,17,No,4,2023,0
E11463,IT,26,70909.0,4.55,3,Yes,1,2022,0
E11464,Marketing,32,78537.0,4.66,15,Yes,4,2020,0
E11465,Sales,25,39751.0,4.61,2,Yes,2,2021,1
E11466,IT,43,71556.0,3.6,8,Yes,3,2024,0
E11467,HR,51,49494.0,2.71,9,Yes,3,2024,0
E11468,HR,34,80263.0,2.33,12,Yes,4,2022,0
E11469,IT,21,41705.0,3.55,3,No,6,2026,0
E11470,Operations,36,81043.0,3.56,10,Yes,5,2026,0
E11471,Marketing,48,66735.0,2.04,1,No,6,2026,0
E11472,Operations,56,72959.0,3.93,17,No,6,2018,0
E11473,IT,57,117260.0,4.86,10,No,6,2026,0
E11474,Operations,40,45644.0,4.32,8,No,0,2020,0
E11475,Marketing,58,62136.0,4.43,16,No,0,2026,0
E11476,IT,26,66003.0,4.68,5,No,4,2020,0
E11477,Sales,52,84642.0,3.09,12,No,5,2021,0
E11478,Finance,23,78700.0,3.91,4,No,5,2020,0
E11479,Sales,57,92573.0,2.65,5,Yes,0,2022,0
E11480,IT,29,82160.0,3.36,14,Yes,7,2023,0
E11481,IT,26,48947.0,2.69,15,No,2,2025,0
E11482,IT,21,72132.0,2.75,16,Yes,6,2024,0
E11483,Sales,50,91404.0,2.91,8,No,7,2026,0
E11484,Operations,56,45770.0,2.16,7,No,5,2022,0
E11485,Finance,52,62299.0,3.99,12,No,3,2023,0
E11486,Operations,36,52311.0,3.21,5,No,6,2019,0
E11487,Sales,44,72280.0,3.08,6,No,6,2023,0
E11488,Sales,31,73639.0,5.0,6,No,0,2019,0
E11489,Operations,34,36372.0,2.95,2,No,0,2022,0
E11490,Sales,45,28242.0,3.83,13,No,2,2022,0
E11491,Operations,22,80945.0,3.31,13,No,5,2021,0
E11492,Operations,59,63988.0,3.94,12,No,6,2018,0
E11493,Operations,36,58949.0,2.2,9,No,5,2020,0
E11494,Sales,38,68691.0,2.99,12,Yes,5,2022,0
E11495,Sales,45,31054.0,3.15,4,Yes,2,2019,0
E11496,Operations,56,87684.0,1.78,3,No,5,2021,0
E11497,Operations,26,47805.0,3.02,0,No,3,2020,0
E11498,IT,59,61655.0,3.55,13,No,1,2026,1
E11499,Sales,23,94627.0,2.69,5,No,4,2018,0
E11500,IT,34,77625.0,3.06,2,No,1,2025,0
E11501,Sales,39,30470.0,4.23,3,Yes,5,2026,1
E11502,Sales,25,61203.0,2.66,1,No,3,2022,0
E11503,HR,59,57449.0,2.17,0,No,4,2024,1
E11504,IT,53,47971.0,3.15,7,No,1,2021,0
E11505,Operations,39,28000.0,2.46,11,No,2,2022,0
E11506,Sales,56,60087.0,3.18,10,Yes,2,2023,0
E11507,Sales,45,44493.0,4.32,2,No,2,2024,0
E11508,Operations,60,74168.0,4.63,0,No,6,2025,0
E11509,Operations,50,31025.0,3.15,1,No,3,2019,0
E11510,Marketing,38,73494.0,3.65,7,No,4,2020,0
E11511,Sales,60,105501.0,4.2,16,No,6,2020,0
E11512,Marketing,49,57166.0,4.09,14,No,3,2018,1
E11513,Finance,32,109230.0,2.66,11,No,0,2020,0
E11514,IT,23,49428.0,3.05,17,No,3,2026,0
E11515,Sales,51,75143.0,3.83,11,Yes,0,2018,0
E11516,Sales,58,76914.0,2.23,4,Yes,3,2018,0
E11517,Sales,25,45587.0,3.45,6,No,5,2025,0
E11518,Finance,35,40752.0,4.4,14,No,5,2018,0
E11519,Operations,39,52771.0,2.86,15,Yes,6,2018,0
E11520,IT,24,51790.0,3.7,6,No,3,2024,0
E11521,HR,48,87452.0,5.0,9,Yes,7,2020,0
E11522,Finance,21,46998.0,3.39,11,No,5,2020,0
E11523,Sales,37,56123.0,3.89,9,Yes,4,2020,0
E11524,IT,53,64131.0,3.47,12,No,3,2022,0
E11525,Finance,60,75530.0,4.36,4,No,1,2020,0
E11526,Sales,60,45707.0,4.27,14,No,4,2022,0
E11527,IT,35,42470.0,3.15,2,No,3,2020,0
E11528,Marketing,24,68677.0,3.6,17,Yes,2,2026,0
E11529,IT,36,70473.0,2.92,16,Yes,1,2024,1
E11530,Finance,38,110702.0,3.42,12,Yes,5,2024,0
E11531,HR,28,49810.0,2.84,8,No,4,2025,0
E11532,IT,41,89833.0,3.63,4,No,1,2026,0
E11533,Sales,26,57984.0,2.62,3,No,1,2023,0
E11534,Marketing,38,46001.0,4.61,10,No,4,2022,0
E11535,Marketing,45,76970.0,2.43,17,No,7,2021,0
E11536,Finance,45,66981.0,3.16,12,No,5,2023,0
E11537,IT,26,51028.0,4.12,8,Yes,0,2021,1
E11538,IT,39,78552.0,2.94,13,No,4,2025,0
E11539,Sales,46,57552.0,2.81,11,No,3,2018,0
E11540,Marketing,58,79449.0,3.58,10,Yes,2,2020,1
E11541,Marketing,52,58775.0,2.68,5,No,1,2021,1
E11542,IT,47,55483.0,3.24,2,Yes,0,2019,0
E11543,Operations,35,46475.0,2.83,13,No,5,2022,0
E11544,Sales,59,65698.0,3.5,16,No,2,2023,0
E11545,Sales,24,59806.0,1.68,2,No,4,2026,0
E11546,Operations,38,73393.0,3.6,13,No,4,2021,0
E11547,IT,33,35466.0,3.66,1,No,3,2025,0
E11548,Sales,32,55473.0,3.53,3,Yes,0,2025,1
E11549,Sales,23,87938.0,2.9,8,Yes,0,2019,0
E11550,Sales,52,64871.0,2.51,15,No,2,2018,0
E11551,Operations,23,82801.0,3.62,5,Yes,5,2018,0
E11552,Marketing,37,74901.0,4.0,2,Yes,7,2022,0
E11553,Operations,31,58985.0,3.39,16,No,2,2021,0
E11554,Sales,26,86162.0,3.86,15,No,7,2023,0
E11555,Operations,49,71738.0,3.7,11,No,3,2026,1
E11556,Sales,41,53231.0,2.64,5,Yes,3,2026,0
E11557,Sales,38,71315.0,3.61,0,Yes,4,2019,0
E11558,IT,39,65554.0,2.08,6,No,4,2021,0
E11559,Marketing,38,56852.0,2.84,0,No,1,2022,0
E11560,Sales,36,84629.0,4.34,0,No,3,2022,0
E11561,HR,32,82029.0,3.92,7,No,2,2022,0
E11562,Finance,48,63985.0,3.82,17,No,4,2018,0
E11563,HR,33,68509.0,3.91,4,No,6,2023,0
E11564,Sales,42,77062.0,2.32,1,No,4,2026,0
E11565,HR,24,50685.0,2.3,13,No,0,2020,0
E11566,Operations,52,60218.0,2.69,14,No,2,2019,0
E11567,IT,28,97385.0,3.53,16,Yes,0,2022,0
E11568,Operations,29,57162.0,2.34,16,No,1,2021,0
E11569,Operations,26,75527.0,4.3,15,No,7,2020,0
E11570,Sales,32,70889.0,3.22,10,No,7,2022,0
E11571,Marketing,52,86554.0,4.09,8,No,1,2021,0
E11572,Operations,57,76041.0,2.96,7,No,1,2018,0
E11573,IT,58,51707.0,3.44,4,No,7,2020,0
E11574,Sales,41,87553.0,3.1,3,No,4,2019,0
E11575,IT,54,42856.0,3.75,4,No,3,2018,0
E11576,Sales,21,61303.0,3.34,0,Yes,5,2019,1
E11577,IT,26,33817.0,5.0,10,Yes,0,2020,0
E11578,Marketing,49,76208.0,2.78,10,No,6,2022,0
E11579,Operations,21,114304.0,4.77,4,No,3,2025,0
E11580,Sales,35,80833.0,2.79,1,No,1,2023,0
E11581,IT,51,77378.0,3.98,5,No,0,2023,0
E11582,Marketing,33,51596.0,3.14,5,No,2,2021,0
E11583,Finance,52,63695.0,3.32,17,Yes,4,2025,0
E11584,Sales,40,51885.0,3.03,5,No,3,2024,0
E11585,Operations,55,52247.0,3.72,5,No,4,2018,0
E11586,Operations,52,71072.0,3.26,5,No,5,2018,1
E11587,Operations,53,28000.0,4.16,7,No,5,2026,0
E11588,IT,27,57847.0,3.7,4,No,5,2020,1
E11589,Sales,43,49806.0,4.02,3,No,0,2023,0
E11590,Sales,26,35816.0,2.85,9,No,0,2026,0
E11591,Operations,25,71824.0,4.4,10,No,0,2018,0
E11592,Operations,40,64798.0,4.82,17,No,5,2018,0
E11593,Operations,26,47356.0,3.24,8,No,1,2023,0
E11594,Operations,50,61709.0,3.66,14,No,2,2018,0
E11595,Operations,43,74110.0,4.07,11,No,4,2020,0
E11596,IT,58,62865.0,3.99,0,No,2,2019,0
E11597,IT,52,65904.0,3.44,2,No,5,2026,0
E11598,IT,55,54246.0,4.15,7,No,5,2021,0
E11599,Marketing,23,38099.0,3.12,8,No,3,2024,0
E11600,IT,22,38448.0,2.91,11,No,1,2021,0
E11601,Marketing,31,68516.0,2.95,3,No,0,2026,0
E11602,IT,42,83626.0,2.19,8,No,1,2021,0
E11603,Finance,46,57650.0,3.79,14,No,2,2020,0
E11604,HR,36,96349.0,3.8,0,No,5,2019,0
E11605,Operations,43,68853.0,2.87,6,No,0,2022,0
E11606,Finance,56,81492.0,3.45,1,Yes,1,2022,0
E11607,Sales,22,61256.0,3.57,9,No,5,2021,0
E11608,Marketing,49,65868.0,2.77,11,No,3,2023,0
E11609,Operations,53,71464.0,3.25,16,Yes,7,2026,0
E11610,IT,43,30595.0,3.24,0,No,7,2022,0
E11611,IT,27,69234.0,2.5,8,No,4,2025,0
E11612,Operations,53,91824.0,5.0,5,No,3,2023,0
E11613,IT,55,61403.0,3.6,10,No,6,2022,0
E11614,Sales,48,78895.0,3.94,13,No,1,2025,0
E11615,Operations,25,44736.0,4.73,11,No,0,2018,0
E11616,IT,55,77575.0,4.37,1,No,0,2025,0
E11617,Sales,36,82105.0,3.73,0,No,6,2024,0
E11618,Finance,38,82977.0,2.96,15,No,1,2024,0
E11619,Marketing,42,100258.0,3.61,16,No,3,2025,0
E11620,Operations,27,69036.0,2.98,10,Yes,7,2021,0
E11621,Sales,41,88461.0,4.31,17,No,2,2025,0
E11622,Marketing,52,28000.0,3.18,3,No,0,2023,0
E11623,IT,33,85451.0,1.75,3,No,1,2025,0
E11624,Operations,53,51831.0,4.99,2,Yes,3,2024,0
E11625,Sales,21,51008.0,3.26,7,No,3,2018,0
E11626,IT,30,96877.0,3.59,17,Yes,1,2024,0
E11627,Marketing,42,67842.0,2.16,7,No,4,2018,0
E11628,IT,60,75249.0,4.4,1,Yes,5,2019,1
E11629,IT,57,39289.0,2.88,16,No,1,2022,0
E11630,Operations,37,87948.0,3.42,3,No,7,2025,0
E11631,IT,49,67081.0,2.97,1,No,2,2026,0
E11632,Operations,60,71469.0,2.61,10,No,6,2025,1
E11633,Operations,52,88645.0,3.54,6,No,6,2019,0
E11634,Marketing,51,84533.0,3.52,16,Yes,3,2021,0
E11635,Operations,60,72597.0,4.04,10,No,3,2020,0
E11636,Marketing,42,47402.0,2.76,16,Yes,4,2022,0
E11637,Marketing,32,75823.0,3.47,0,No,2,2023,0
E11638,IT,51,41064.0,3.48,7,No,0,2021,0
E11639,HR,22,82148.0,4.14,17,Yes,1,2020,0
E11640,Operations,33,62591.0,3.69,6,No,0,2018,0
E11641,Sales,34,44959.0,2.43,15,No,0,2024,0
E11642,Finance,46,43468.0,2.3,8,No,2,2025,0
E11643,HR,45,59600.0,2.88,16,No,4,2019,0
E11644,Marketing,35,56305.0,2.8,1,Yes,1,2023,1
E11645,Sales,57,66672.0,4.06,5,Yes,6,2026,1
E11646,Operations,40,37527.0,4.06,16,No,1,2018,0
E11647,IT,25,54493.0,3.48,4,No,2,2025,0
E11648,IT,53,70424.0,3.84,0,No,4,2022,0
E11649,Sales,59,34593.0,3.22,5,No,1,2024,1
E11650,Operations,24,44615.0,1.44,1,No,6,2024,0
E11651,Operations,23,66922.0,3.35,7,No,6,2018,0
E11652,Operations,57,74315.0,2.03,14,Yes,2,2020,0
E11653,IT,26,48597.0,3.04,14,Yes,7,2021,1
E11654,Sales,58,61681.0,3.01,5,Yes,5,2020,0
E11655,IT,27,67878.0,3.1,7,No,6,2024,0
E11656,Finance,40,67501.0,2.91,14,No,4,2019,0
E11657,Finance,43,48389.0,4.29,13,No,1,2023,1
E11658,Sales,56,82495.0,3.29,3,No,3,2021,0
E11659,Marketing,56,61955.0,2.3,2,Yes,6,2020,0
E11660,IT,23,70634.0,2.19,12,No,2,2026,0
E11661,HR,35,69240.0,2.24,14,No,1,2023,0
E11662,Finance,38,95631.0,2.63,16,No,3,2020,0
E11663,Operations,34,71565.0,1.92,1,No,5,2020,0
E11664,Marketing,26,58845.0,2.5,8,Yes,0,2023,0
E11665,Sales,24,41729.0,4.79,3,No,2,2026,1
E11666,Finance,21,45512.0,2.86,8,No,3,2025,0
E11667,Operations,57,65282.0,2.46,0,Yes,2,2021,0
E11668,Operations,48,61800.0,4.56,6,No,7,2024,0
E11669,Sales,59,57664.0,2.84,3,No,2,2025,0
E11670,Finance,55,80879.0,3.68,3,No,2,2018,0
E11671,IT,55,76346.0,3.05,15,Yes,4,2024,0
E11672,Marketing,59,47602.0,3.38,13,No,3,2021,0
E11673,Operations,52,52594.0,3.26,7,No,5,2023,0
E11674,HR,37,32672.0,3.46,9,No,4,2019,0
E11675,Operations,34,51277.0,2.49,1,Yes,3,2021,0
E11676,Marketing,25,88207.0,2.63,8,No,0,2024,0
E11677,Operations,32,67421.0,3.0,12,No,3,2022,0
E11678,Sales,28,50861.0,3.27,13,No,3,2018,0
E11679,Operations,44,60590.0,3.61,0,No,4,2026,0
E11680,Operations,32,82253.0,3.33,12,No,3,2021,0
E11681,Operations,49,82169.0,4.11,2,Yes,1,2025,1
E11682,Sales,38,64535.0,3.65,2,Yes,1,2019,0
E11683,Finance,32,54961.0,3.24,14,No,4,2022,0
E11684,Sales,45,78135.0,2.97,1,Yes,5,2022,0
E11685,Operations,25,81935.0,2.8,15,Yes,2,2022,0
E11686,Operations,48,56156.0,4.71,4,No,1,2023,0
E11687,IT,60,28000.0,4.5,5,Yes,6,2026,0
E11688,Sales,29,73913.0,3.47,4,No,4,2022,0
E11689,Operations,52,81224.0,3.22,5,No,5,2020,0
E11690,Finance,50,76088.0,3.16,5,Yes,1,2018,0
E11691,Finance,39,78230.0,3.05,9,No,2,2025,0
E11692,Sales,57,43225.0,2.59,10,No,6,2020,0
E11693,Marketing,46,68106.0,2.88,0,No,4,2026,0
E11694,Marketing,35,61667.0,4.18,7,Yes,5,2020,0
E11695,Marketing,58,73482.0,2.24,7,Yes,7,2024,0
E11696,Sales,36,49085.0,3.62,8,No,1,2026,0
E11697,IT,55,78734.0,2.41,0,No,7,2019,1
E11698,Marketing,45,61783.0,4.28,0,No,5,2021,1
E11699,Sales,25,62137.0,3.64,6,Yes,6,2023,0
E11700,Operations,21,48280.0,4.02,7,Yes,2,2021,0
E11701,IT,56,56242.0,3.14,3,No,6,2018,0
E11702,Finance,27,49707.0,2.14,3,No,0,2021,0
E11703,Operations,44,42505.0,2.21,14,No,4,2019,0
E11704,Operations,59,80033.0,2.19,11,No,4,2019,0
E11705,Marketing,22,78349.0,3.33,6,No,7,2018,0
E11706,Finance,45,76206.0,3.95,2,No,1,2026,0
E11707,IT,42,52084.0,3.34,6,No,0,2020,0
E11708,IT,41,47857.0,2.17,9,No,3,2025,0
E11709,Finance,35,71344.0,2.81,8,No,2,2025,0
E11710,IT,50,73571.0,3.99,16,No,7,2023,0
E11711,HR,58,80003.0,3.35,12,No,6,2020,0
E11712,Operations,54,72189.0,3.66,14,No,4,2023,0
E11713,Finance,59,84868.0,3.69,1,No,7,2026,0
E11714,Operations,40,86672.0,3.1,15,Yes,5,2024,0
E11715,Sales,24,73475.0,2.65,1,Yes,2,2023,1
E11716,Finance,41,63264.0,3.31,12,No,7,2020,0
E11717,IT,35,64729.0,3.21,7,No,7,2026,0
E11718,Sales,37,81274.0,2.62,16,Yes,4,2026,0
E11719,Finance,34,59212.0,2.48,11,Yes,5,2024,0
E11720,Operations,25,53448.0,5.0,4,No,2,2018,0
E11721,Sales,48,56639.0,3.71,8,No,5,2019,0
E11722,Finance,39,36560.0,3.57,14,Yes,2,2025,0
E11723,Marketing,57,55927.0,2.15,4,No,3,2019,1
E11724,Operations,31,77887.0,2.68,5,No,2,2022,0
E11725,Operations,35,47589.0,2.95,11,No,4,2026,0
E11726,IT,42,89074.0,2.61,2,No,2,2026,0
E11727,Operations,36,75325.0,2.75,17,Yes,3,2020,0
E11728,Sales,55,92493.0,2.74,17,No,5,2021,0
E11729,Sales,21,76884.0,3.53,15,No,7,2026,0
E11730,Finance,55,83568.0,3.34,4,Yes,1,2018,0
E11731,Sales,39,97825.0,4.18,11,No,7,2019,0
E11732,Finance,57,44823.0,3.54,3,No,3,2022,0
E11733,Operations,49,79708.0,3.35,12,No,4,2019,0
E11734,Marketing,56,74124.0,3.08,13,No,2,2025,0
E11735,IT,25,75697.0,2.03,11,No,4,2018,0
E11736,Marketing,49,83109.0,4.0,12,Yes,0,2024,0
E11737,Operations,56,106738.0,4.15,11,No,6,2019,0
E11738,Operations,37,72108.0,2.42,9,No,0,2024,0
E11739,Sales,51,46645.0,3.75,1,Yes,3,2023,0
E11740,Sales,46,55164.0,3.42,3,No,0,2021,0
E11741,Sales,39,71926.0,3.94,7,No,7,2022,0
E11742,Marketing,52,59270.0,3.02,0,No,4,2018,0
E11743,IT,40,78974.0,4.11,3,No,6,2023,0
E11744,Sales,57,28000.0,2.9,7,No,4,2019,0
E11745,Operations,21,69902.0,3.9,0,No,2,2019,0
E11746,Sales,28,54338.0,2.22,0,No,4,2020,0
E11747,Operations,39,43837.0,3.58,6,No,1,2022,0
E11748,Operations,40,93814.0,2.62,3,No,3,2023,0
E11749,Sales,47,57807.0,3.59,6,Yes,0,2020,0
E11750,HR,46,55861.0,3.89,2,No,5,2020,0
E11751,Sales,39,77254.0,2.99,5,No,2,2026,0
E11752,Finance,56,64970.0,3.07,0,Yes,1,2025,0
E11753,IT,31,75455.0,2.47,13,No,0,2020,0
E11754,IT,32,93101.0,3.88,16,No,6,2022,0
E11755,IT,30,59852.0,2.01,16,Yes,2,2018,0
E11756,Finance,57,49998.0,3.75,4,Yes,3,2019,0
E11757,Finance,44,69683.0,3.84,14,No,2,2026,0
E11758,Operations,28,84959.0,2.48,17,Yes,1,2018,0
E11759,IT,46,69436.0,3.3,16,No,5,2024,0
E11760,HR,42,40124.0,3.02,17,No,4,2024,0
E11761,Finance,60,70739.0,2.32,1,Yes,3,2023,0
E11762,Sales,45,58549.0,3.74,16,No,5,2021,0
E11763,Marketing,39,70155.0,4.55,1,No,1,2026,1
E11764,Sales,43,62274.0,3.61,12,No,6,2019,0
E11765,Sales,53,82885.0,3.61,2,Yes,5,2022,0
E11766,Finance,23,41745.0,1.93,9,No,5,2026,0
E11767,Operations,56,40447.0,3.26,14,No,4,2020,0
E11768,Sales,36,64035.0,3.17,0,No,2,2022,0
E11769,IT,24,57172.0,3.53,2,No,7,2018,0
E11770,Sales,55,101718.0,3.19,0,No,0,2021,0
E11771,Operations,60,83987.0,3.9,13,Yes,2,2019,0
E11772,Sales,37,86375.0,4.57,17,No,2,2018,0
E11773,Operations,40,67859.0,2.81,16,No,3,2019,0
E11774,Sales,60,75131.0,2.38,13,No,5,2020,0
E11775,Operations,52,73725.0,5.0,9,No,1,2026,0
E11776,Sales,55,70299.0,2.99,8,Yes,5,2024,0
E11777,Finance,53,62195.0,2.3,9,No,3,2020,0
E11778,IT,46,59052.0,3.58,11,Yes,3,2025,1
E11779,IT,58,97385.0,3.98,13,Yes,1,2019,0
E11780,Operations,33,73927.0,3.4,10,No,0,2025,0
E11781,IT,26,38326.0,3.56,12,No,3,2021,0
E11782,HR,38,38426.0,3.11,7,Yes,7,2018,0
E11783,Finance,45,63127.0,3.39,13,Yes,4,2023,0
E11784,Sales,57,42460.0,2.76,10,No,4,2026,0
E11785,Marketing,27,91102.0,4.15,6,Yes,3,2025,0
E11786,Finance,35,46995.0,3.19,2,Yes,6,2022,0
E11787,Sales,57,53162.0,3.98,17,No,5,2024,0
E11788,IT,37,69766.0,4.09,15,No,6,2025,0
E11789,Sales,51,89733.0,4.62,9,Yes,4,2024,0
E11790,Sales,40,66590.0,2.64,15,Yes,0,2024,0
E11791,Sales,32,68861.0,2.79,7,No,3,2025,0
E11792,Sales,56,58302.0,3.58,0,Yes,4,2024,1
E11793,Sales,35,79312.0,2.69,5,No,3,2024,0
E11794,Sales,25,28000.0,2.39,5,Yes,4,2020,0
E11795,IT,22,83678.0,3.35,8,No,7,2020,0
E11796,Sales,51,71391.0,3.69,7,No,5,2025,0
E11797,Sales,23,58523.0,3.23,6,No,5,2026,1
E11798,Operations,33,63305.0,4.05,9,Yes,7,2022,0
E11799,Operations,57,51329.0,2.89,5,No,2,2025,0
E11800,Sales,53,65223.0,4.09,6,No,2,2021,0
E11801,Operations,40,63956.0,2.49,1,No,3,2025,0
E11802,Finance,46,72359.0,2.97,14,No,2,2022,0
E11803,Finance,59,54951.0,2.98,7,No,4,2021,0
E11804,Sales,52,61528.0,3.57,13,No,4,2025,0
E11805,Sales,25,72940.0,4.68,11,Yes,5,2020,0
E11806,Marketing,28,28693.0,3.24,10,No,7,2024,0
E11807,Marketing,31,75722.0,3.92,6,No,2,2020,0
E11808,Marketing,44,28482.0,2.45,11,No,0,2023,0
E11809,Sales,53,42604.0,4.12,11,No,7,2025,0
E11810,IT,44,81489.0,3.6,12,No,3,2019,0
E11811,Finance,38,62507.0,5.0,3,No,7,2022,0
E11812,Finance,46,76139.0,2.64,1,No,7,2018,0
E11813,HR,29,65231.0,3.77,9,Yes,6,2026,0
E11814,Operations,46,80193.0,2.3,6,No,3,2019,0
E11815,Operations,46,87643.0,3.73,13,No,3,2026,0
E11816,Finance,30,59951.0,2.92,2,No,7,2020,0
E11817,Operations,47,28000.0,2.83,12,No,0,2024,0
E11818,Marketing,25,75086.0,2.82,9,Yes,2,2024,0
E11819,HR,50,48474.0,1.37,6,No,2,2021,0
E11820,IT,23,77473.0,3.06,11,Yes,3,2022,0
E11821,Marketing,30,62997.0,3.16,9,Yes,6,2019,0
E11822,IT,34,78531.0,2.73,10,No,0,2026,0
E11823,IT,39,54076.0,2.99,9,Yes,6,2022,0
E11824,Finance,29,100427.0,3.42,17,Yes,6,2019,0
E11825,Sales,24,33531.0,3.44,1,Yes,4,2018,0
E11826,Sales,21,64793.0,4.28,2,Yes,7,2026,0
E11827,Finance,23,84105.0,3.71,2,Yes,5,2026,0
E11828,Operations,51,80347.0,2.65,14,Yes,7,2023,0
E11829,Operations,57,58990.0,2.69,11,No,3,2019,0
E11830,Operations,22,47384.0,4.52,9,No,2,2025,0
E11831,Sales,39,74194.0,4.08,6,No,6,2026,0
E11832,Sales,53,69070.0,3.79,14,No,0,2018,0
E11833,Marketing,39,76067.0,1.88,15,No,5,2026,0
E11834,IT,21,50046.0,3.4,8,No,6,2026,0
E11835,HR,54,60351.0,3.64,10,Yes,7,2023,0
E11836,Sales,40,64130.0,2.76,8,No,4,2023,0
E11837,Sales,23,46337.0,3.86,16,No,7,2018,0
E11838,Finance,43,107740.0,3.9,9,No,7,2021,0
E11839,Marketing,32,70255.0,3.81,0,No,4,2025,0
E11840,IT,23,55492.0,3.96,7,Yes,5,2020,1
E11841,HR,26,34035.0,3.4,13,Yes,3,2026,0
E11842,Sales,53,51227.0,3.16,2,No,3,2026,0
E11843,Operations,25,47213.0,3.23,14,Yes,0,2021,0
E11844,IT,45,66987.0,4.39,5,Yes,7,2025,0
E11845,Operations,23,78819.0,4.91,14,Yes,4,2022,0
E11846,Finance,59,63648.0,4.3,9,No,7,2019,0
E11847,IT,32,82098.0,3.06,0,Yes,4,2026,1
E11848,Operations,53,63179.0,3.5,7,No,0,2022,0
E11849,Sales,49,62007.0,2.26,6,Yes,7,2026,0
E11850,Marketing,39,69272.0,4.1,6,No,3,2021,0
E11851,Finance,57,51590.0,3.46,14,Yes,0,2023,0
E11852,HR,41,59277.0,4.01,12,Yes,0,2025,0
E11853,Sales,24,76010.0,3.67,1,Yes,2,2024,0
E11854,Operations,41,39439.0,3.16,1,Yes,0,2022,1
E11855,Operations,50,47107.0,3.2,11,No,0,2022,0
E11856,Sales,28,47026.0,3.2,11,Yes,5,2026,0
E11857,Finance,49,59159.0,4.44,7,Yes,1,2019,0
E11858,Finance,51,62188.0,2.46,4,No,2,2023,0
E11859,Finance,28,31941.0,1.69,17,Yes,6,2022,0
E11860,HR,21,72861.0,3.28,17,No,3,2018,0
E11861,HR,59,61179.0,4.56,8,No,5,2022,0
E11862,Sales,40,71179.0,3.41,4,No,5,2019,0
E11863,IT,59,65777.0,3.89,13,Yes,7,2026,0
E11864,Marketing,59,64110.0,3.27,1,No,6,2020,0
E11865,Sales,46,58650.0,2.76,6,No,6,2025,0
E11866,Operations,49,91355.0,3.61,13,Yes,2,2024,0
E11867,Operations,47,56309.0,2.5,17,No,4,2024,0
E11868,Operations,48,70652.0,2.79,14,No,7,2025,0
E11869,Sales,38,71755.0,2.74,15,Yes,3,2026,0
E11870,IT,43,41660.0,4.88,10,Yes,7,2021,0
E11871,IT,28,57803.0,4.49,13,No,2,2020,0
E11872,Sales,25,55714.0,3.42,16,No,6,2024,0
E11873,Marketing,23,77063.0,4.44,15,No,5,2019,0
E11874,IT,38,50955.0,4.08,11,Yes,2,2018,1
E11875,Sales,23,41592.0,3.23,4,Yes,1,2019,0
E11876,Finance,21,36362.0,4.01,12,Yes,2,2026,0
E11877,HR,60,65787.0,3.56,1,No,5,2025,0
E11878,Finance,47,63010.0,3.22,0,No,7,2019,0
E11879,Marketing,30,74119.0,2.72,3,No,3,2021,0
E11880,IT,41,89709.0,3.99,9,No,1,2026,0
E11881,Finance,30,56367.0,2.51,0,No,1,2020,0
E11882,Sales,43,93899.0,3.82,4,Yes,0,2020,0
E11883,Finance,53,84866.0,2.52,2,No,0,2022,0
E11884,HR,26,64589.0,2.96,10,No,0,2021,0
E11885,Finance,39,69166.0,4.32,12,No,5,2023,0
E11886,Marketing,30,38862.0,3.85,13,Yes,5,2020,0
E11887,Marketing,23,53576.0,2.91,16,No,4,2018,0
E11888,Sales,47,70124.0,4.06,14,No,4,2020,0
E11889,Operations,50,50619.0,1.74,3,Yes,3,2021,0
E11890,Marketing,23,37291.0,3.43,17,No,5,2021,0
E11891,Sales,38,58110.0,3.95,2,No,4,2020,0
E11892,Marketing,30,39741.0,3.98,2,No,2,2024,0
E11893,Finance,47,69650.0,3.4,0,No,6,2024,0
E11894,IT,26,56150.0,3.58,9,No,1,2022,0
E11895,HR,46,53611.0,4.11,11,No,4,2025,0
E11896,IT,37,47783.0,3.03,13,No,6,2021,0
E11897,Marketing,39,80320.0,2.95,9,No,2,2019,0
E11898,Finance,40,32854.0,4.9,5,No,2,2018,0
E11899,Sales,23,76531.0,3.6,6,No,1,2026,0
E11900,Operations,31,49545.0,3.33,10,No,2,2019,0
E11901,IT,27,75949.0,2.75,6,Yes,5,2022,0
E11902,Finance,22,77365.0,3.27,6,No,7,2025,0
E11903,HR,34,49934.0,2.95,10,No,1,2023,0
E11904,Operations,40,60463.0,3.09,1,Yes,5,2022,0
E11905,Sales,24,30785.0,3.65,8,Yes,6,2026,0
E11906,Operations,34,111317.0,2.79,3,No,6,2021,0
E11907,Sales,60,64601.0,2.93,11,Yes,7,2025,0
E11908,Operations,25,93519.0,2.59,14,No,1,2022,1
E11909,HR,54,59948.0,3.79,6,No,1,2024,0
E11910,HR,28,74987.0,4.5,9,Yes,5,2025,1
E11911,IT,51,104707.0,3.6,9,No,1,2019,0
E11912,Marketing,26,82519.0,3.43,3,No,2,2026,0
E11913,Sales,44,52523.0,3.7,6,No,5,2024,0
E11914,Operations,37,56618.0,3.22,13,No,5,2019,0
E11915,Operations,60,77267.0,4.21,10,Yes,6,2022,0
E11916,Sales,46,36407.0,2.3,8,Yes,6,2020,0
E11917,HR,58,76734.0,1.33,14,No,0,2022,0
E11918,Sales,21,66570.0,3.8,0,No,6,2022,0
E11919,Marketing,36,52194.0,3.27,5,No,0,2024,0
E11920,Finance,26,61007.0,3.37,0,No,4,2026,0
E11921,Operations,25,71622.0,2.46,6,No,4,2020,0
E11922,IT,23,74402.0,3.08,1,No,3,2024,1
E11923,Operations,57,46794.0,4.62,3,No,3,2022,0
E11924,Sales,31,49084.0,3.2,16,No,4,2021,0
E11925,Marketing,54,42864.0,4.05,8,No,7,2020,0
E11926,Sales,25,77379.0,3.09,13,No,3,2023,0
E11927,Operations,21,29383.0,3.63,3,No,5,2023,0
E11928,Finance,56,69813.0,3.49,5,No,0,2022,1
E11929,Sales,48,29703.0,3.67,13,No,4,2018,0
E11930,Operations,38,37048.0,3.65,13,No,0,2021,0
E11931,Marketing,30,36937.0,4.09,5,No,5,2024,1
E11932,Operations,56,81674.0,3.46,8,No,7,2020,0
E11933,Finance,55,79831.0,2.88,1,No,7,2023,0
E11934,Operations,26,86517.0,1.72,17,No,7,2026,0
E11935,Marketing,25,49932.0,3.26,1,No,6,2018,0
E11936,IT,37,83352.0,2.83,3,No,4,2023,0
E11937,IT,44,61669.0,4.33,5,No,4,2020,0
E11938,Operations,21,91449.0,3.88,0,No,2,2018,0
E11939,Sales,45,61557.0,2.41,5,No,5,2026,0
E11940,IT,30,78753.0,3.39,4,Yes,3,2024,1
E11941,HR,43,96876.0,2.98,6,No,1,2021,0
E11942,Marketing,47,54994.0,3.89,12,No,2,2019,0
E11943,Sales,47,70274.0,3.81,13,Yes,1,2020,1
E11944,Finance,57,85363.0,2.88,9,No,2,2021,0
E11945,Sales,53,83259.0,2.91,3,No,7,2023,0
E11946,Operations,50,54729.0,3.8,6,No,1,2025,0
E11947,Operations,22,53962.0,4.49,2,Yes,0,2023,0
E11948,IT,33,47715.0,3.34,7,Yes,2,2022,0
E11949,Marketing,56,35271.0,3.59,0,No,4,2019,0
E11950,Operations,40,67685.0,2.64,2,No,7,2021,0
E11951,IT,33,71651.0,3.02,14,No,1,2026,0
E11952,Marketing,54,87669.0,4.38,4,Yes,2,2021,0
E11953,Operations,59,68768.0,3.55,0,No,0,2024,0
E11954,HR,36,82472.0,5.0,2,Yes,0,2021,0
E11955,Operations,29,69237.0,4.35,15,No,0,2026,0
E11956,IT,42,85930.0,2.49,2,No,1,2022,0
E11957,Sales,31,51316.0,2.9,13,No,6,2026,1
E11958,Operations,22,41269.0,3.43,9,No,7,2019,0
E11959,Sales,33,78291.0,4.44,4,Yes,7,2023,0
E11960,Finance,60,46820.0,3.81,2,No,4,2018,0
E11961,Marketing,37,74210.0,3.27,7,No,0,2021,0
E11962,Sales,46,28000.0,4.39,10,No,6,2022,0
E11963,IT,59,71467.0,3.42,11,No,3,2026,0
E11964,Sales,33,84315.0,1.62,1,Yes,5,2023,0
E11965,HR,44,43527.0,4.19,7,No,7,2019,0
E11966,Sales,35,101603.0,3.64,11,No,1,2020,0
E11967,IT,39,115378.0,2.64,14,No,0,2020,0
E11968,Operations,54,61475.0,2.44,0,Yes,7,2019,0
E11969,Operations,43,77252.0,3.71,7,No,6,2018,0
E11970,IT,57,43217.0,3.64,1,No,2,2026,0
E11971,IT,39,62586.0,2.51,10,No,2,2020,0
E11972,Operations,42,77980.0,3.73,3,No,5,2022,0
E11973,IT,48,86979.0,3.07,9,No,3,2023,0
E11974,Marketing,59,44348.0,3.43,5,No,2,2024,0
E11975,Sales,28,44903.0,4.85,4,No,1,2021,0
E11976,Operations,55,57848.0,2.75,8,No,0,2018,0
E11977,IT,38,70378.0,4.07,2,No,4,2026,0
E11978,Operations,37,65974.0,2.5,12,No,5,2023,1
E11979,Finance,39,72516.0,3.9,8,No,1,2025,1
E11980,IT,29,78801.0,3.95,9,No,4,2025,0
E11981,Sales,23,100432.0,4.25,0,No,3,2019,1
E11982,Sales,57,52769.0,4.31,11,No,5,2018,0
E11983,HR,56,91558.0,3.36,0,No,0,2024,0
E11984,Marketing,23,81178.0,3.56,16,Yes,6,2018,0
E11985,Finance,28,57520.0,3.97,4,Yes,0,2024,0
E11986,HR,52,61986.0,4.18,11,No,7,2021,0
E11987,Operations,32,62073.0,3.46,0,No,7,2020,0
E11988,Sales,58,58426.0,4.05,2,Yes,5,2021,0
E11989,Operations,27,70911.0,3.69,16,Yes,2,2021,0
E11990,Operations,46,52576.0,2.38,5,No,6,2022,1
E11991,Operations,23,66746.0,4.22,8,No,5,2024,0
E11992,IT,37,78978.0,3.04,0,No,3,2018,0
E11993,Marketing,25,65954.0,2.4,10,Yes,3,2024,0
E11994,Operations,31,65989.0,3.86,12,Yes,0,2026,0
E11995,Finance,39,43122.0,1.9,16,No,5,2018,0
E11996,Operations,51,71091.0,3.98,8,No,3,2026,0
E11997,Operations,43,55356.0,1.74,13,No,5,2018,1
E11998,Sales,27,74183.0,3.71,3,No,6,2018,0
E11999,Marketing,26,38561.0,3.33,17,No,2,2023,0
E12000,Sales,35,57194.0,2.83,4,No,0,2026,0
E12001,HR,49,52948.0,2.97,4,No,1,2021,0
E12002,Sales,59,80397.0,2.61,14,No,7,2020,1
E12003,Operations,35,62813.0,3.56,0,No,5,2026,0
E12004,Finance,40,52581.0,3.13,12,Yes,7,2018,0
E12005,Operations,35,94852.0,3.42,1,No,5,2023,0
E12006,Sales,45,77085.0,3.38,8,Yes,7,2026,0
E12007,Marketing,53,30571.0,3.49,9,No,5,2022,0
E12008,Sales,32,94808.0,2.89,10,Yes,5,2021,0
E12009,Operations,21,81311.0,3.16,9,No,6,2026,0
E12010,Marketing,25,33143.0,3.38,10,Yes,3,2025,0
E12011,Operations,49,88192.0,3.65,6,No,2,2018,0
E12012,Sales,60,28000.0,3.96,4,No,1,2021,0
E12013,HR,32,39859.0,3.15,4,No,1,2026,0
E12014,Marketing,59,28000.0,2.64,17,No,4,2018,0
E12015,Finance,58,102610.0,4.3,3,Yes,1,2026,1
E12016,Sales,37,81543.0,3.74,15,No,5,2018,0
E12017,Operations,35,83591.0,2.16,4,No,2,2025,0
E12018,Operations,46,59255.0,3.01,5,Yes,6,2019,0
E12019,Operations,25,97343.0,4.61,13,No,2,2019,0
E12020,Finance,48,28000.0,4.78,14,No,5,2019,0
E12021,Marketing,29,66432.0,3.0,3,No,5,2018,0
E12022,IT,22,53154.0,2.91,15,No,0,2018,0
E12023,IT,41,48316.0,4.04,15,No,6,2023,0
E12024,HR,60,66233.0,2.46,1,No,5,2022,0
E12025,Operations,29,71282.0,3.39,6,No,6,2026,0
E12026,HR,50,49140.0,3.22,5,No,6,2019,0
E12027,Sales,57,50593.0,3.56,13,Yes,0,2020,0
E12028,IT,60,88664.0,2.83,16,Yes,0,2024,0
E12029,Marketing,37,40752.0,3.08,11,No,4,2020,0
E12030,IT,48,57032.0,3.1,6,No,2,2019,0
E12031,Operations,22,87813.0,2.47,10,No,1,2026,0
E12032,Sales,26,108935.0,3.9,16,No,7,2018,0
E12033,Sales,25,91173.0,3.17,8,Yes,7,2021,0
E12034,Operations,37,88985.0,3.19,14,Yes,1,2024,0
E12035,Marketing,28,77373.0,3.98,4,No,5,2018,0
E12036,IT,33,43333.0,2.31,9,No,5,2021,0
E12037,Operations,24,67521.0,4.42,16,Yes,3,2018,0
E12038,Operations,38,37988.0,2.83,14,No,4,2020,0
E12039,IT,29,47262.0,3.85,11,No,1,2023,0
E12040,Operations,52,80841.0,3.61,15,No,1,2020,0
E12041,Sales,53,91914.0,4.51,7,No,2,2018,0
E12042,IT,22,92303.0,3.65,2,No,5,2019,0
E12043,Sales,22,88952.0,3.97,6,No,1,2021,0
E12044,IT,27,75249.0,1.76,10,Yes,0,2022,1
E12045,IT,44,50739.0,3.42,2,No,0,2024,0
E12046,Finance,60,54041.0,3.15,17,No,2,2026,0
E12047,HR,23,81939.0,2.7,14,No,5,2022,0
E12048,HR,44,86444.0,2.58,3,Yes,1,2025,1
E12049,Operations,49,58258.0,2.17,10,No,5,2023,0
E12050,HR,51,87116.0,3.22,12,No,2,2021,0
E12051,Sales,31,71830.0,2.53,1,No,7,2020,0
E12052,Sales,21,35565.0,4.0,17,No,3,2020,0
E12053,Sales,52,67924.0,3.91,14,No,0,2018,0
E12054,Finance,60,85035.0,4.34,12,No,2,2023,0
E12055,IT,25,47475.0,2.77,3,No,2,2018,0
E12056,Marketing,57,37706.0,2.11,2,Yes,4,2022,0
E12057,IT,26,74315.0,3.14,5,No,2,2026,0
E12058,Operations,31,28000.0,3.03,2,No,6,2026,0
E12059,Operations,33,73903.0,3.23,11,Yes,4,2021,0
E12060,Operations,27,28000.0,3.7,2,No,1,2022,0
E12061,Marketing,54,54794.0,2.69,14,Yes,2,2026,1
E12062,Operations,26,48389.0,4.08,7,No,1,2019,0
E12063,Marketing,58,69160.0,2.67,10,No,4,2025,0
E12064,Operations,54,45652.0,2.57,8,Yes,4,2026,0
E12065,IT,27,41850.0,2.9,0,No,7,2021,0
E12066,Sales,51,83437.0,3.44,4,No,4,2018,0
E12067,IT,28,51861.0,4.61,13,No,7,2026,0
E12068,HR,30,32294.0,4.54,3,Yes,2,2023,1
E12069,Operations,36,63149.0,3.36,9,No,3,2024,0
E12070,IT,43,65124.0,2.88,8,No,6,2021,0
E12071,Operations,43,74077.0,3.58,2,No,5,2020,0
E12072,Finance,43,78330.0,3.14,14,No,5,2018,0
E12073,Sales,43,70758.0,2.42,3,No,3,2026,0
E12074,IT,33,78647.0,3.68,11,No,6,2019,0
E12075,Operations,42,95707.0,2.76,10,No,5,2020,0
E12076,Operations,32,86203.0,3.87,8,No,3,2020,1
E12077,IT,34,80067.0,2.17,15,Yes,2,2024,0
E12078,Finance,59,92207.0,2.53,6,Yes,2,2019,0
E12079,Operations,29,106878.0,3.06,9,No,5,2023,0
E12080,Operations,22,66099.0,3.42,2,No,6,2022,0
E12081,Marketing,47,77758.0,3.52,11,Yes,3,2026,0
E12082,HR,27,69537.0,3.8,10,No,0,2025,0
E12083,Marketing,22,58830.0,3.72,14,Yes,1,2020,0
E12084,Marketing,34,62101.0,3.4,10,No,0,2025,1
E12085,Operations,39,65895.0,3.06,10,Yes,3,2018,0
E12086,Operations,30,52159.0,3.01,6,No,2,2022,0
E12087,Marketing,46,85791.0,3.08,17,No,3,2022,0
E12088,Sales,57,58431.0,3.34,6,No,7,2018,0
E12089,Operations,50,62942.0,3.46,7,No,6,2022,0
E12090,Sales,46,85773.0,3.48,11,Yes,7,2025,0
E12091,Sales,24,83180.0,4.25,5,Yes,7,2023,0
E12092,Sales,25,77688.0,3.5,15,No,0,2025,0
E12093,Operations,51,53612.0,4.15,2,No,1,2021,0
E12094,Operations,40,85338.0,3.31,10,No,1,2018,0
E12095,Sales,44,51429.0,4.9,1,Yes,1,2025,0
E12096,Sales,42,82377.0,3.31,0,Yes,3,2023,0
E12097,Sales,48,53235.0,4.37,11,No,2,2020,0
E12098,IT,43,60782.0,3.79,10,No,4,2021,0
E12099,Sales,37,67281.0,2.96,1,Yes,6,2021,0
E12100,Operations,38,66876.0,2.8,8,Yes,4,2024,0
E12101,Finance,41,66201.0,3.2,17,No,6,2021,0
E12102,Operations,33,76790.0,3.23,9,Yes,2,2021,0
E12103,Operations,51,78830.0,2.12,5,Yes,1,2025,0
E12104,Operations,41,29207.0,3.72,1,Yes,7,2018,1
E12105,Sales,21,76612.0,3.15,14,No,1,2021,0
E12106,IT,27,49545.0,3.32,5,No,7,2022,0
E12107,Sales,55,61298.0,2.7,1,Yes,0,2018,0
E12108,Operations,33,55247.0,3.93,4,No,6,2026,0
E12109,IT,26,53393.0,3.66,2,Yes,7,2020,0
E12110,IT,49,53728.0,3.67,10,No,1,2025,0
E12111,Finance,36,82213.0,2.74,14,No,6,2019,0
E12112,Sales,37,82499.0,3.0,5,No,5,2023,0
E12113,Finance,55,78763.0,3.95,7,Yes,5,2024,1
E12114,Operations,37,83500.0,3.09,3,No,1,2020,0
E12115,IT,38,91322.0,3.0,8,No,7,2019,0
E12116,Operations,39,55739.0,2.81,8,No,1,2021,0
E12117,Finance,47,67697.0,3.18,5,No,2,2019,0
E12118,Sales,26,47367.0,4.0,15,No,5,2026,1
E12119,IT,55,87445.0,4.68,3,No,0,2018,0
E12120,HR,24,75203.0,3.04,3,Yes,4,2019,0
E12121,Marketing,44,80432.0,4.39,5,No,6,2018,0
E12122,Sales,41,51928.0,3.92,4,No,5,2025,0
E12123,Sales,41,32380.0,3.33,9,No,7,2023,1
E12124,Finance,59,81152.0,4.11,15,No,6,2019,0
E12125,Sales,28,41169.0,3.7,11,No,3,2022,0
E12126,Marketing,27,61158.0,3.22,15,Yes,0,2020,0
E12127,Sales,29,65595.0,2.07,10,No,4,2023,0
E12128,IT,28,72547.0,4.48,9,No,6,2020,0
E12129,Operations,32,79539.0,2.06,3,Yes,5,2025,1
E12130,Finance,59,61117.0,4.22,13,No,1,2026,0
E12131,Finance,26,28000.0,3.64,5,No,6,2019,0
E12132,Marketing,22,28000.0,4.47,10,Yes,1,2024,0
E12133,IT,31,75439.0,3.42,15,No,6,2024,0
E12134,Operations,42,60688.0,3.35,2,No,4,2021,0
E12135,Operations,48,54463.0,3.34,5,No,6,2024,0
E12136,Marketing,45,68263.0,3.09,15,No,7,2026,0
E12137,Sales,55,77943.0,3.76,2,No,1,2018,1
E12138,HR,26,74309.0,2.49,14,No,0,2025,0
E12139,Sales,22,44343.0,2.05,6,No,6,2025,0
E12140,Sales,51,56272.0,3.22,5,No,0,2021,0
E12141,IT,38,69317.0,4.62,12,No,5,2019,0
E12142,Marketing,26,29417.0,4.94,4,No,6,2024,0
E12143,Marketing,53,32776.0,4.04,5,Yes,1,2021,1
E12144,Marketing,58,84932.0,3.95,13,Yes,5,2018,0
E12145,IT,47,64669.0,3.26,1,No,4,2023,0
E12146,Operations,24,70040.0,3.83,7,Yes,2,2022,0
E12147,Sales,46,60843.0,3.32,15,Yes,4,2018,0
E12148,HR,58,63045.0,3.81,10,No,5,2022,0
E12149,IT,26,61618.0,3.6,6,Yes,2,2023,0
E12150,Marketing,44,40412.0,4.07,3,No,0,2026,0
E12151,IT,43,57138.0,3.28,6,No,4,2022,0
E12152,Marketing,30,90979.0,2.85,14,No,5,2021,0
E12153,Marketing,31,70230.0,5.0,1,No,7,2025,0
E12154,Marketing,57,71435.0,3.17,4,Yes,1,2021,0
E12155,Marketing,36,75170.0,3.82,16,No,4,2018,1
E12156,Operations,59,88632.0,2.16,6,No,3,2026,0
E12157,Sales,33,58814.0,3.79,15,No,6,2022,0
E12158,HR,54,49884.0,3.52,14,Yes,1,2021,0
E12159,HR,37,66049.0,2.36,15,No,1,2022,0
E12160,Marketing,58,50352.0,3.34,5,Yes,3,2025,0
E12161,IT,21,92267.0,4.02,5,No,1,2026,0
E12162,Sales,44,97884.0,3.34,11,Yes,6,2025,0
E12163,HR,53,75563.0,3.88,3,No,1,2019,0
E12164,IT,21,94442.0,4.08,13,No,0,2019,0
E12165,Operations,22,58204.0,4.23,6,No,2,2021,0
E12166,Sales,42,73689.0,3.74,14,No,4,2025,0
E12167,HR,46,71405.0,2.37,15,No,7,2025,0
E12168,Operations,52,62700.0,2.85,6,No,1,2023,0
E12169,Sales,60,62463.0,3.61,16,No,4,2025,0
E12170,Sales,22,72033.0,4.12,12,Yes,0,2024,0
E12171,Finance,32,75137.0,2.74,10,No,6,2024,1
E12172,Marketing,53,79735.0,2.61,7,No,5,2021,0
E12173,Marketing,31,53022.0,4.0,4,No,5,2022,0
E12174,Sales,39,86381.0,3.17,17,No,1,2023,0
E12175,Sales,32,30410.0,3.02,4,No,0,2020,0
E12176,IT,58,46251.0,3.42,15,No,7,2018,0
E12177,Sales,26,59685.0,4.09,7,No,0,2025,0
E12178,Operations,26,95686.0,4.18,14,No,1,2018,0
E12179,Operations,42,96160.0,2.86,14,No,1,2018,0
E12180,Sales,38,71269.0,2.84,9,No,0,2020,0
E12181,Finance,56,69644.0,2.6,6,No,7,2023,0
E12182,IT,31,60109.0,4.02,10,No,1,2021,0
E12183,Sales,48,52341.0,4.46,6,No,4,2018,0
E12184,Sales,35,37265.0,3.78,5,No,3,2019,0
E12185,IT,53,59314.0,4.35,4,No,3,2026,0
E12186,Sales,42,84204.0,3.33,0,No,3,2021,0
E12187,IT,53,72172.0,4.07,17,No,4,2020,0
E12188,HR,38,81148.0,2.79,6,No,0,2019,0
E12189,Sales,60,28000.0,3.9,12,Yes,2,2018,0
E12190,IT,35,30673.0,4.14,6,No,5,2024,0
E12191,Marketing,45,65501.0,4.31,3,No,1,2019,0
E12192,Finance,39,58645.0,4.3,4,Yes,7,2022,0
E12193,Operations,40,49440.0,3.14,9,No,1,2021,0
E12194,Operations,32,67553.0,4.56,13,Yes,1,2024,0
E12195,HR,34,48404.0,4.22,4,No,1,2018,0
E12196,Finance,49,66502.0,2.68,0,No,1,2018,0
E12197,Finance,44,57467.0,3.79,6,No,7,2022,0
E12198,HR,34,74943.0,4.78,0,Yes,0,2024,1
E12199,Finance,24,28000.0,4.53,10,No,6,2023,1
E12200,Sales,35,63854.0,2.89,0,Yes,2,2024,0
E12201,Sales,53,78274.0,3.1,17,Yes,5,2026,0
E12202,Sales,31,92373.0,3.76,5,No,4,2018,0
E12203,Operations,42,71157.0,2.47,8,No,6,2019,0
E12204,Finance,58,73525.0,2.41,1,No,3,2018,0
E12205,Sales,53,68593.0,3.28,6,No,5,2021,0
E12206,IT,41,40910.0,4.54,0,No,5,2026,0
E12207,Sales,33,90326.0,3.22,1,No,0,2022,0
E12208,Marketing,39,68315.0,3.55,4,No,6,2024,0
E12209,IT,42,93638.0,4.12,5,No,1,2018,0
E12210,Sales,60,83257.0,3.82,8,No,7,2026,0
E12211,Sales,40,38018.0,3.94,2,No,6,2025,0
E12212,Operations,25,67109.0,3.93,15,No,7,2023,0
E12213,Operations,22,50536.0,2.45,17,No,0,2019,0
E12214,Sales,49,81675.0,2.37,13,No,5,2018,0
E12215,Marketing,46,66731.0,1.99,13,No,5,2021,0
E12216,Finance,22,28000.0,4.91,1,Yes,2,2022,0
E12217,Finance,37,67345.0,4.02,4,Yes,7,2021,0
E12218,Operations,54,82594.0,3.2,10,No,7,2026,0
E12219,HR,43,76318.0,3.64,1,Yes,0,2021,0
E12220,HR,59,102349.0,3.74,3,No,2,2026,0
E12221,Operations,26,71004.0,4.72,6,No,6,2020,0
E12222,Sales,48,40901.0,3.41,5,No,2,2021,0
E12223,Sales,52,31494.0,2.4,2,No,0,2023,0
E12224,HR,36,62736.0,3.74,13,Yes,5,2026,0
E12225,Operations,33,63274.0,3.37,1,No,2,2024,0
E12226,Operations,33,63681.0,4.54,0,Yes,3,2024,1
E12227,IT,36,79359.0,2.76,8,No,4,2023,0
E12228,Sales,33,83657.0,2.4,1,No,7,2020,1
E12229,Sales,49,79812.0,4.33,4,No,5,2025,0
E12230,Marketing,32,81074.0,3.1,6,No,3,2026,0
E12231,Sales,35,73746.0,3.83,0,No,0,2021,0
E12232,IT,57,57654.0,3.42,3,Yes,1,2025,0
E12233,IT,52,30572.0,3.85,2,No,3,2022,0
E12234,IT,31,89951.0,4.19,12,No,1,2019,0
E12235,IT,30,73466.0,4.0,10,No,2,2020,0
E12236,Operations,23,36439.0,2.12,16,No,7,2022,0
E12237,Finance,23,93893.0,2.69,9,Yes,1,2025,0
E12238,Marketing,36,40471.0,4.4,17,No,7,2025,0
E12239,IT,31,47068.0,3.93,12,No,2,2020,0
E12240,Marketing,28,52858.0,3.06,5,No,3,2023,0
E12241,Marketing,56,52752.0,3.34,4,No,2,2018,0
E12242,IT,34,52251.0,2.81,4,No,4,2025,0
E12243,IT,31,63574.0,3.91,0,No,2,2024,0
E12244,Finance,56,64428.0,3.19,15,No,5,2018,0
E12245,HR,56,73874.0,2.84,17,No,4,2021,0
E12246,IT,30,71786.0,3.0,4,No,0,2023,0
E12247,IT,36,84676.0,3.19,12,Yes,2,2018,0
E12248,IT,36,67235.0,2.81,14,Yes,4,2026,0
E12249,Operations,44,49613.0,3.18,15,Yes,6,2024,0
E12250,Operations,34,57361.0,3.27,5,No,4,2019,0
E12251,Marketing,54,73968.0,2.29,0,Yes,2,2023,0
E12252,IT,30,67478.0,2.74,3,Yes,7,2024,0
E12253,IT,40,75201.0,4.15,7,No,0,2020,0
E12254,IT,26,63865.0,3.32,3,Yes,3,2026,0
E12255,Marketing,47,58918.0,4.26,14,No,0,2026,0
E12256,Sales,28,60395.0,4.02,13,No,7,2018,0
E12257,Sales,58,40745.0,4.59,15,Yes,0,2022,0
E12258,Sales,33,36458.0,2.76,4,No,2,2026,1
E12259,IT,23,70453.0,3.81,4,No,7,2022,0
E12260,Sales,31,72786.0,3.68,12,No,3,2021,0
E12261,Sales,51,50177.0,2.92,11,No,2,2025,0
E12262,Operations,58,80672.0,3.15,5,No,6,2020,0
E12263,Marketing,25,68643.0,3.29,5,No,3,2018,0
E12264,Marketing,37,69386.0,3.14,11,Yes,3,2021,0
E12265,HR,57,43594.0,4.41,13,No,0,2021,0
E12266,Finance,56,31428.0,3.11,10,No,4,2026,1
E12267,Sales,27,101489.0,4.57,14,No,2,2026,0
E12268,IT,52,78861.0,3.6,16,No,7,2026,1
E12269,Sales,59,48402.0,4.16,5,No,3,2021,0
E12270,Sales,47,43801.0,3.81,5,No,1,2025,0
E12271,Marketing,50,54092.0,2.72,7,Yes,5,2024,0
E12272,Operations,27,85610.0,3.98,15,Yes,0,2020,0
E12273,Sales,28,80567.0,3.33,1,No,3,2019,0
E12274,Sales,51,49164.0,3.66,2,Yes,3,2019,0
E12275,HR,52,65243.0,3.02,5,Yes,5,2021,1
E12276,Sales,39,71898.0,2.39,13,No,6,2022,0
E12277,Sales,53,68291.0,3.39,7,Yes,6,2025,0
E12278,IT,30,70409.0,4.24,4,Yes,2,2019,0
E12279,Operations,22,51755.0,2.24,2,No,2,2022,0
E12280,IT,39,52634.0,4.2,1,Yes,6,2022,1
E12281,IT,55,50409.0,2.74,17,No,2,2020,0
E12282,Sales,45,37308.0,2.43,11,Yes,0,2019,0
E12283,Sales,59,64566.0,4.3,9,No,2,2022,0
E12284,Operations,57,62140.0,3.03,15,No,5,2018,0
E12285,Finance,59,63721.0,4.11,16,No,5,2021,0
E12286,IT,44,80106.0,3.16,14,Yes,7,2025,0
E12287,IT,49,80300.0,4.66,0,No,6,2026,0
E12288,Finance,25,56968.0,2.91,9,Yes,2,2026,0
E12289,IT,40,45737.0,3.76,11,No,0,2019,0
E12290,IT,34,65782.0,2.84,7,No,1,2025,1
E12291,Sales,37,64325.0,3.93,17,No,5,2022,0
E12292,Finance,27,69875.0,4.14,10,No,3,2018,0
E12293,Sales,43,45897.0,3.55,14,No,5,2022,0
E12294,Operations,47,58577.0,4.08,8,No,4,2024,0
E12295,Operations,31,79469.0,3.23,15,No,0,2022,0
E12296,Marketing,26,57580.0,3.61,1,Yes,4,2022,1
E12297,Sales,57,62742.0,3.56,11,Yes,1,2025,0
E12298,Operations,58,58396.0,2.19,10,Yes,4,2023,0
E12299,Operations,38,54019.0,3.24,7,No,5,2023,0
E12300,Operations,30,67976.0,3.58,0,Yes,7,2018,0
E12301,Sales,49,39624.0,4.56,15,No,2,2024,0
E12302,IT,44,75072.0,2.97,16,Yes,3,2021,1
E12303,Operations,53,47416.0,3.3,15,No,0,2018,0
E12304,IT,49,87263.0,2.26,11,Yes,2,2025,0
E12305,Operations,35,43506.0,2.87,11,No,7,2019,0
E12306,Finance,48,92817.0,3.44,5,No,0,2022,0
E12307,Sales,43,86270.0,2.64,10,Yes,5,2024,0
E12308,Sales,53,57499.0,2.57,15,No,0,2021,0
E12309,Sales,41,46508.0,1.93,16,No,6,2021,1
E12310,Operations,49,66499.0,2.38,10,No,3,2019,0
E12311,Sales,59,57104.0,3.94,14,Yes,6,2025,0
E12312,IT,22,78244.0,2.65,6,No,3,2020,0
E12313,IT,37,47542.0,2.66,12,Yes,3,2019,0
E12314,Finance,46,68254.0,2.17,3,Yes,4,2023,0
E12315,IT,26,51841.0,3.19,14,No,2,2022,0
E12316,Operations,50,66388.0,2.99,4,No,3,2026,0
E12317,Finance,35,49155.0,3.35,11,No,5,2026,0
E12318,Operations,26,51934.0,4.29,1,No,5,2024,0
E12319,Operations,49,39461.0,4.14,13,No,0,2020,0
E12320,HR,47,66106.0,4.0,12,No,2,2019,0
E12321,IT,54,65955.0,2.44,1,No,1,2026,1
E12322,Sales,55,66444.0,3.77,16,Yes,7,2026,0
E12323,IT,60,84248.0,3.3,9,No,0,2018,0
E12324,IT,38,81678.0,2.46,10,No,6,2020,0
E12325,Operations,41,45202.0,3.4,4,Yes,6,2025,0
E12326,Finance,39,53718.0,3.39,17,No,2,2020,0
E12327,Sales,27,51360.0,3.4,11,No,1,2026,0
E12328,HR,40,79650.0,3.39,3,No,4,2020,0
E12329,Operations,39,58852.0,3.82,15,No,0,2019,0
E12330,IT,37,69525.0,3.34,17,No,2,2018,0
E12331,IT,24,73727.0,4.06,3,No,0,2023,0
E12332,Marketing,60,65742.0,3.49,14,No,4,2020,0
E12333,Operations,42,80152.0,4.29,13,Yes,2,2023,0
E12334,Operations,55,51523.0,2.1,13,No,5,2022,0
E12335,Finance,51,68564.0,3.81,13,No,3,2024,0
E12336,IT,59,35883.0,4.25,1,No,6,2025,0
E12337,Sales,46,83303.0,3.7,6,No,3,2021,0
E12338,Marketing,26,55494.0,4.77,3,Yes,2,2025,0
E12339,Operations,31,73725.0,2.61,0,Yes,2,2025,0
E12340,Operations,39,44656.0,2.58,3,No,7,2018,0
E12341,Sales,55,56436.0,4.77,12,No,5,2019,0
E12342,Operations,59,86686.0,3.6,10,No,7,2025,0
E12343,Sales,27,41712.0,3.66,1,No,5,2022,0
E12344,Sales,29,76471.0,3.98,16,No,3,2025,0
E12345,HR,34,65915.0,3.72,15,No,1,2024,0
E12346,Sales,51,77619.0,4.64,5,Yes,7,2020,0
E12347,Operations,57,56020.0,3.24,1,Yes,5,2025,1
E12348,Finance,41,59424.0,4.02,5,No,4,2018,0
E12349,IT,29,68345.0,2.42,16,No,1,2025,0
E12350,HR,46,64977.0,1.43,3,Yes,0,2020,0
E12351,Marketing,51,67869.0,3.32,1,No,1,2020,0
E12352,Marketing,49,67888.0,3.39,8,Yes,7,2024,0
E12353,Operations,38,55107.0,4.49,12,No,5,2020,0
E12354,Operations,22,52904.0,4.04,9,Yes,5,2019,0
E12355,Finance,45,74067.0,4.64,14,Yes,1,2024,1
E12356,Sales,48,81769.0,4.95,17,No,7,2018,0
E12357,Finance,47,91109.0,4.36,8,No,2,2026,0
E12358,IT,34,69163.0,3.16,17,Yes,0,2026,0
E12359,Sales,26,70716.0,2.68,9,No,0,2019,0
E12360,IT,29,56151.0,3.92,1,No,5,2018,0
E12361,Sales,34,84307.0,2.88,17,No,4,2021,0
E12362,Operations,28,49956.0,3.64,17,No,5,2019,0
E12363,HR,26,77448.0,3.59,4,No,0,2025,0
E12364,Sales,39,29702.0,2.67,14,No,5,2026,0
E12365,Sales,24,62474.0,4.19,0,No,3,2023,1
E12366,Finance,46,87812.0,3.93,1,Yes,4,2019,0
E12367,Marketing,57,64399.0,3.36,6,No,2,2023,0
E12368,IT,44,55304.0,5.0,2,No,5,2022,0
E12369,IT,26,45664.0,4.31,9,Yes,3,2021,0
E12370,IT,59,64185.0,2.38,8,No,3,2025,0
E12371,Finance,23,70519.0,4.21,5,No,7,2026,0
E12372,IT,45,83447.0,3.25,4,Yes,7,2023,0
E12373,HR,31,84191.0,2.49,6,No,2,2024,0
E12374,HR,33,88100.0,3.13,7,No,5,2024,0
E12375,IT,36,35212.0,3.87,3,Yes,6,2020,0
E12376,Marketing,51,92265.0,3.57,0,Yes,5,2023,1
E12377,Marketing,56,51177.0,2.78,6,Yes,4,2024,0
E12378,Marketing,47,38404.0,3.29,7,Yes,1,2023,0
E12379,Marketing,60,58433.0,3.6,15,Yes,5,2022,0
E12380,HR,43,72431.0,3.46,12,No,3,2022,0
E12381,Operations,34,51037.0,3.97,13,No,0,2025,0
E12382,IT,27,84269.0,2.21,10,No,5,2022,0
E12383,Finance,49,44885.0,2.89,13,No,7,2024,0
E12384,Operations,34,85435.0,2.81,9,No,4,2018,0
E12385,HR,47,46323.0,2.94,4,No,7,2020,0
E12386,Operations,38,77419.0,2.61,2,No,0,2019,0
E12387,Sales,57,84164.0,3.58,11,No,4,2025,0
E12388,Sales,60,86411.0,3.78,2,No,4,2024,1
E12389,Operations,50,51970.0,3.48,16,No,1,2022,0
E12390,Operations,28,50120.0,3.02,6,Yes,6,2021,0
E12391,IT,41,67377.0,3.97,10,Yes,4,2024,1
E12392,HR,26,71195.0,3.92,14,Yes,0,2026,0
E12393,Operations,58,67423.0,3.66,14,No,7,2018,0
E12394,Sales,30,53683.0,4.84,13,No,2,2024,0
E12395,IT,45,66433.0,3.93,6,No,6,2026,0
E12396,Sales,27,76079.0,1.67,12,No,1,2018,0
E12397,Operations,33,74707.0,3.57,17,No,0,2019,0
E12398,Marketing,34,68464.0,4.07,7,No,3,2024,0
E12399,Operations,35,92511.0,3.68,15,No,5,2024,0
E12400,Sales,48,55113.0,2.93,6,No,7,2018,0
E12401,Operations,46,74465.0,4.39,5,No,2,2025,0
E12402,IT,23,48517.0,2.37,3,No,5,2019,0
E12403,Operations,41,81601.0,2.67,5,No,7,2025,0
E12404,Finance,42,53137.0,2.73,0,No,0,2025,0
E12405,Sales,57,87223.0,2.51,0,No,1,2026,0
E12406,Marketing,50,83950.0,3.93,5,No,1,2025,0
E12407,Finance,58,67794.0,4.46,2,Yes,3,2022,0
E12408,Sales,59,69712.0,3.01,11,Yes,3,2019,0
E12409,Operations,41,50222.0,3.3,17,No,3,2025,0
E12410,HR,25,85047.0,2.31,0,Yes,1,2025,0
E12411,Sales,37,58221.0,2.55,6,No,5,2026,0
E12412,IT,42,58051.0,3.51,10,No,5,2024,0
E12413,Operations,53,88237.0,3.75,14,No,2,2022,0
E12414,IT,35,98729.0,4.5,6,Yes,3,2018,1
E12415,IT,59,70696.0,3.0,11,Yes,1,2022,0
E12416,HR,24,68210.0,3.15,2,No,6,2025,0
E12417,Finance,22,53367.0,3.21,3,Yes,4,2018,1
E12418,IT,52,58114.0,2.43,12,No,5,2022,0
E12419,Operations,54,63117.0,3.37,12,Yes,1,2024,0
E12420,IT,47,115171.0,3.62,0,No,7,2018,0
E12421,Finance,27,33362.0,2.95,8,Yes,5,2022,0
E12422,Marketing,35,63635.0,3.1,8,No,0,2023,0
E12423,Marketing,57,30437.0,4.47,2,No,1,2023,0
E12424,Operations,44,67585.0,2.95,16,No,5,2021,0
E12425,Finance,45,86405.0,2.96,8,Yes,2,2018,0
E12426,IT,45,51363.0,2.85,4,Yes,5,2026,0
E12427,Finance,33,72352.0,3.54,7,No,0,2025,0
E12428,Marketing,57,71095.0,3.78,15,No,7,2020,0
E12429,Operations,49,85583.0,2.98,8,No,2,2026,0
E12430,HR,22,64960.0,3.32,14,Yes,5,2024,0
E12431,Operations,54,49874.0,1.88,9,No,5,2020,0
E12432,Operations,23,91790.0,4.26,2,No,7,2022,1
E12433,IT,59,66754.0,4.19,9,No,2,2022,0
E12434,Operations,32,31674.0,4.12,14,No,1,2020,1
E12435,Sales,57,45243.0,3.9,14,No,6,2024,0
E12436,Operations,56,80426.0,2.7,10,No,3,2019,0
E12437,Operations,21,105305.0,3.38,13,Yes,7,2026,0
E12438,Sales,52,51093.0,4.35,11,Yes,3,2022,1
E12439,Operations,28,85202.0,2.22,3,No,2,2021,0
E12440,Sales,37,49808.0,4.35,17,No,6,2025,0
E12441,Sales,30,59379.0,3.66,12,No,2,2019,0
E12442,HR,49,65227.0,3.63,11,No,0,2018,0
E12443,Finance,29,41433.0,3.63,11,No,5,2026,0
E12444,Sales,35,82396.0,2.24,12,No,0,2020,0
E12445,Marketing,55,70138.0,4.01,6,Yes,0,2018,0
E12446,Sales,48,95373.0,3.5,4,No,5,2020,0
E12447,IT,55,31176.0,3.71,12,No,6,2025,0
E12448,HR,51,49016.0,4.38,5,Yes,4,2024,0
E12449,Marketing,35,72650.0,3.69,6,Yes,4,2022,1
E12450,Marketing,23,54853.0,3.74,0,Yes,2,2025,0
E12451,Marketing,48,69843.0,3.49,10,Yes,1,2021,1
E12452,Sales,57,60993.0,2.89,9,No,0,2020,0
E12453,Finance,43,43589.0,3.8,4,Yes,7,2024,0
E12454,IT,42,68191.0,3.97,4,No,5,2025,0
E12455,Operations,52,72851.0,4.13,7,No,0,2020,0
E12456,IT,28,86217.0,4.73,2,No,2,2022,0
E12457,HR,21,73471.0,2.47,9,Yes,2,2020,0
E12458,Operations,59,64281.0,2.51,6,No,7,2026,1
E12459,Operations,47,50483.0,5.0,17,Yes,1,2025,0
E12460,IT,36,77292.0,2.69,7,No,6,2023,1
E12461,Marketing,23,62053.0,3.58,14,No,4,2021,0
E12462,Operations,60,83859.0,3.87,13,Yes,2,2022,0
E12463,Sales,54,79371.0,3.78,10,Yes,2,2021,0
E12464,Operations,52,58443.0,3.6,6,Yes,1,2019,0
E12465,Sales,39,71535.0,4.89,10,No,6,2018,0
E12466,Marketing,41,75326.0,3.4,9,No,7,2021,0
E12467,Sales,47,76164.0,3.96,8,No,4,2020,1
E12468,Operations,41,104760.0,3.11,5,No,2,2021,0
E12469,Sales,59,69932.0,2.99,14,No,1,2022,0
E12470,Sales,26,63195.0,4.02,16,No,5,2018,0
E12471,Sales,30,38831.0,3.25,1,No,3,2023,0
E12472,Sales,51,62819.0,2.81,16,No,2,2025,0
E12473,HR,42,63189.0,2.06,16,No,2,2022,0
E12474,Finance,60,60170.0,2.87,3,Yes,5,2021,0
E12475,Sales,50,66100.0,4.45,14,No,6,2024,0
E12476,Marketing,41,63956.0,2.69,7,No,6,2019,0
E12477,IT,30,76001.0,3.9,17,No,5,2018,0
E12478,IT,37,45390.0,3.42,8,Yes,1,2026,0
E12479,Sales,42,78609.0,3.93,7,Yes,3,2024,1
E12480,Finance,57,95766.0,2.18,7,Yes,2,2025,0
E12481,Sales,48,71847.0,3.41,7,No,5,2023,1
E12482,Sales,40,70071.0,3.99,8,No,6,2019,0
E12483,IT,27,67075.0,5.0,13,No,0,2026,0
E12484,Sales,49,62198.0,4.68,15,Yes,7,2025,0
E12485,Sales,35,50042.0,3.16,5,No,4,2018,0
E12486,Sales,32,82297.0,3.16,7,No,0,2023,0
E12487,IT,53,55725.0,3.01,11,Yes,1,2026,0
E12488,Operations,51,71001.0,3.22,9,No,5,2024,0
E12489,IT,56,51954.0,3.39,16,No,5,2022,1
E12490,Operations,56,46221.0,3.24,14,Yes,6,2023,0
E12491,Operations,35,41933.0,4.7,8,No,4,2018,0
E12492,IT,50,72093.0,2.31,2,No,5,2023,0
E12493,IT,25,74913.0,4.04,6,No,0,2019,0
E12494,Operations,37,74384.0,3.29,11,No,6,2019,0
E12495,Finance,55,73996.0,3.38,1,No,6,2026,0
E12496,Finance,25,57720.0,3.59,5,Yes,4,2024,0
E12497,Sales,32,55506.0,3.39,16,No,3,2019,0
E12498,Marketing,24,69731.0,3.73,14,No,3,2019,0
E12499,Operations,25,85324.0,2.77,6,No,5,2024,0
E12500,Marketing,40,57742.0,2.54,2,No,5,2025,0
E12501,Marketing,30,69425.0,3.15,15,No,6,2024,0
E12502,IT,59,96289.0,3.17,3,No,1,2020,0
E12503,Operations,40,59415.0,2.95,14,No,0,2018,0
E12504,Sales,33,51978.0,3.56,4,No,0,2020,0
E12505,IT,38,71401.0,4.01,14,No,7,2021,0
E12506,IT,48,74522.0,3.4,10,No,0,2025,0
E12507,Sales,24,53040.0,4.54,17,No,7,2024,0
E12508,Finance,44,79496.0,4.33,17,Yes,0,2021,0
E12509,Sales,50,73524.0,4.15,1,No,4,2019,1
E12510,Sales,51,60336.0,2.65,9,Yes,3,2025,0
E12511,Marketing,53,66354.0,3.53,15,No,5,2024,0
E12512,Operations,29,32967.0,2.58,6,No,0,2023,0
E12513,Sales,36,72362.0,3.09,12,No,3,2023,0
E12514,Operations,56,58444.0,3.64,3,No,1,2025,0
E12515,Operations,34,60730.0,2.39,14,No,0,2022,0
E12516,Sales,28,80638.0,3.64,14,No,3,2021,0
E12517,IT,22,28000.0,3.16,16,No,0,2025,0
E12518,Marketing,35,58611.0,3.35,3,Yes,4,2026,0
E12519,Sales,56,59777.0,4.78,11,No,2,2021,0
E12520,IT,49,66462.0,2.86,14,No,0,2019,0
E12521,IT,40,107638.0,3.06,8,No,4,2024,0
E12522,Marketing,57,63417.0,2.62,4,Yes,4,2026,1
E12523,Marketing,31,73370.0,3.34,8,No,2,2024,0
E12524,IT,51,36366.0,4.73,8,No,3,2019,0
E12525,Sales,31,75436.0,2.84,12,No,6,2020,0
E12526,Sales,31,95425.0,4.6,10,No,2,2026,0
E12527,Operations,52,63258.0,2.68,3,No,7,2025,0
E12528,Operations,40,85517.0,3.33,0,No,7,2018,0
E12529,Sales,29,54583.0,3.32,4,No,3,2023,0
E12530,Sales,40,31063.0,3.91,12,No,0,2023,0
E12531,HR,34,72636.0,4.07,14,Yes,0,2026,0
E12532,IT,28,61416.0,3.67,2,No,4,2020,0
E12533,Finance,56,69626.0,2.45,17,No,1,2022,0
E12534,Marketing,21,66007.0,1.25,3,No,6,2026,0
E12535,Finance,52,69996.0,4.9,5,Yes,5,2021,0
E12536,Sales,45,42193.0,3.95,16,Yes,0,2022,0
E12537,Finance,34,66810.0,3.02,11,No,2,2024,0
E12538,HR,38,64855.0,2.02,9,No,5,2023,0
E12539,Marketing,39,96279.0,3.2,8,No,1,2023,0
E12540,Sales,55,50705.0,3.46,4,No,2,2024,0
E12541,Operations,23,96652.0,3.75,1,Yes,2,2021,0
E12542,IT,30,54486.0,3.61,13,No,4,2019,0
E12543,Marketing,33,62860.0,3.5,12,No,0,2020,1
E12544,Operations,36,89920.0,2.6,0,No,4,2021,0
E12545,IT,32,90835.0,2.62,9,Yes,7,2025,1
E12546,Sales,60,103182.0,4.02,6,No,3,2020,0
E12547,Operations,25,89091.0,3.15,7,Yes,0,2022,0
E12548,HR,48,53612.0,2.76,9,No,4,2024,0
E12549,HR,31,68905.0,4.06,2,Yes,3,2026,0
E12550,Finance,24,47407.0,2.72,14,Yes,7,2022,1
E12551,Marketing,49,57114.0,4.73,10,No,7,2021,0
E12552,HR,42,76303.0,3.46,4,No,5,2024,0
E12553,Marketing,29,32929.0,2.98,15,No,1,2019,0
E12554,Marketing,42,80361.0,2.94,7,Yes,1,2019,0
E12555,IT,29,67651.0,2.1,3,No,3,2022,1
E12556,IT,42,56312.0,3.11,3,No,5,2023,0
E12557,HR,51,52641.0,3.29,16,No,2,2025,0
E12558,IT,47,85875.0,3.41,15,Yes,4,2023,1
E12559,Operations,60,50612.0,3.38,5,Yes,1,2026,0
E12560,Marketing,36,83471.0,5.0,17,No,0,2021,0
E12561,Marketing,22,82331.0,3.16,5,No,7,2020,0
E12562,Operations,42,69682.0,1.61,8,No,7,2026,0
E12563,Finance,22,63053.0,3.2,16,No,5,2026,0
E12564,Finance,46,56207.0,4.87,0,No,0,2020,0
E12565,Operations,52,66362.0,2.04,6,Yes,5,2022,0
E12566,Finance,30,50486.0,3.06,15,No,2,2021,0
E12567,Sales,57,49889.0,3.03,9,No,2,2021,0
E12568,Operations,21,91427.0,4.25,5,No,7,2020,0
E12569,IT,31,47194.0,4.05,8,No,5,2021,0
E12570,Finance,33,53615.0,2.7,7,Yes,0,2024,0
E12571,IT,58,79277.0,3.14,9,Yes,4,2019,0
E12572,HR,48,62506.0,3.52,13,No,2,2020,0
E12573,Finance,28,81309.0,1.98,9,No,4,2023,0
E12574,Finance,35,86591.0,4.04,14,No,1,2023,0
E12575,Marketing,34,86761.0,3.06,17,Yes,4,2018,0
E12576,IT,45,50918.0,4.2,11,No,0,2024,0
E12577,Sales,21,75403.0,3.79,7,Yes,6,2019,0
E12578,Marketing,43,45297.0,3.58,1,No,3,2022,0
E12579,IT,44,46370.0,4.75,7,No,0,2020,0
E12580,IT,47,56632.0,3.42,16,No,4,2026,0
E12581,IT,29,68444.0,3.31,15,No,2,2018,0
E12582,Operations,55,51413.0,3.91,3,No,6,2021,0
E12583,Marketing,45,44006.0,4.33,10,Yes,5,2023,0
E12584,Operations,39,77046.0,4.11,11,No,5,2020,0
E12585,Finance,51,64360.0,3.81,9,No,2,2025,0
E12586,Finance,31,53571.0,3.75,15,No,3,2024,0
E12587,Operations,35,77359.0,3.42,12,No,0,2024,0
E12588,Marketing,23,73372.0,3.23,10,No,0,2019,0
E12589,Marketing,57,44288.0,2.22,2,No,0,2026,0
E12590,Sales,23,75677.0,3.95,8,No,7,2026,0
E12591,IT,29,65737.0,2.97,2,Yes,6,2024,0
E12592,Operations,30,52391.0,2.15,12,No,7,2021,0
E12593,IT,45,74398.0,2.4,11,No,3,2022,0
E12594,Sales,37,63727.0,2.05,10,No,6,2019,0
E12595,HR,44,55843.0,1.52,11,No,1,2019,1
E12596,HR,36,99939.0,2.67,0,Yes,2,2026,0
E12597,Operations,48,56797.0,4.78,13,No,6,2026,0
E12598,Marketing,25,69085.0,3.38,12,No,5,2021,0
E12599,Marketing,60,88189.0,2.55,5,No,2,2024,0
E12600,Finance,33,69882.0,3.13,0,Yes,0,2020,0
E12601,Sales,55,45274.0,2.53,16,No,0,2018,0
E12602,Finance,34,60982.0,3.82,4,No,0,2023,0
E12603,Sales,49,71129.0,3.18,4,No,2,2025,0
E12604,IT,28,62564.0,1.83,6,No,3,2025,0
E12605,Marketing,58,94811.0,2.54,8,No,5,2021,0
E12606,Operations,48,73770.0,3.83,12,No,4,2022,0
E12607,Operations,49,60506.0,4.16,5,No,6,2018,0
E12608,Finance,54,65499.0,3.03,6,Yes,1,2021,0
E12609,Operations,37,61084.0,3.42,10,Yes,2,2025,0
E12610,Sales,26,107489.0,2.49,7,No,6,2020,0
E12611,Sales,53,55145.0,3.85,15,No,3,2023,0
E12612,Sales,56,61085.0,2.76,16,No,0,2018,0
E12613,Operations,56,102055.0,2.13,9,No,7,2018,0
E12614,IT,28,97934.0,3.99,5,Yes,7,2025,0
E12615,IT,54,64647.0,2.78,8,No,3,2019,0
E12616,Operations,36,49004.0,4.4,17,No,7,2020,0
E12617,IT,43,85384.0,2.68,1,No,4,2024,1
E12618,IT,40,42456.0,3.05,14,No,3,2023,0
E12619,Marketing,39,69567.0,4.06,10,No,0,2026,0
E12620,Sales,57,82261.0,3.54,8,Yes,4,2020,0
E12621,Sales,38,47265.0,3.56,16,No,7,2023,0
E12622,Sales,40,76514.0,4.13,15,No,1,2018,0
E12623,IT,52,70505.0,2.66,2,No,0,2021,1
E12624,Sales,58,72698.0,3.12,6,No,0,2024,0
E12625,Operations,41,75308.0,3.71,4,No,0,2026,0
E12626,HR,37,78196.0,3.86,0,No,6,2024,0
E12627,Operations,43,61979.0,2.44,5,No,6,2019,0
E12628,Marketing,24,78862.0,3.11,6,No,6,2018,0
E12629,IT,59,67493.0,2.98,9,No,3,2021,0
E12630,Operations,49,60087.0,2.09,4,No,0,2026,0
E12631,IT,54,95958.0,2.54,4,No,3,2026,1
E12632,Sales,28,79556.0,4.1,11,No,5,2018,0
E12633,Sales,40,62205.0,5.0,17,Yes,0,2026,0
E12634,Sales,47,53663.0,2.7,12,Yes,4,2021,0
E12635,Marketing,36,58351.0,2.69,5,Yes,3,2020,0
E12636,IT,53,96123.0,3.64,17,No,1,2018,0
E12637,Finance,35,98834.0,2.87,16,No,2,2023,0
E12638,Finance,46,68337.0,3.66,3,No,0,2023,0
E12639,Operations,55,76900.0,3.0,14,No,6,2022,0
E12640,IT,46,40676.0,3.73,4,Yes,2,2019,0
E12641,Operations,31,43327.0,4.03,7,No,0,2023,0
E12642,Operations,41,62026.0,3.44,13,No,6,2023,0
E12643,IT,54,81357.0,2.58,1,No,0,2019,0
E12644,Operations,25,78930.0,4.13,15,No,1,2022,0
E12645,IT,44,93364.0,2.95,1,No,4,2025,1
E12646,Operations,58,124642.0,3.73,6,Yes,3,2021,0
E12647,IT,23,76589.0,2.47,9,No,7,2023,0
E12648,IT,44,52217.0,3.44,5,No,3,2021,0
E12649,Sales,60,51946.0,2.6,14,No,7,2019,0
E12650,IT,42,74079.0,4.58,9,Yes,1,2020,0
E12651,Finance,36,65853.0,3.12,17,Yes,3,2022,0
E12652,Finance,37,83682.0,2.04,0,No,4,2022,0
E12653,Finance,33,53720.0,4.51,6,No,6,2023,0
E12654,Operations,30,64283.0,4.03,11,No,0,2025,0
E12655,IT,39,78808.0,4.65,14,Yes,5,2020,0
E12656,Operations,54,69159.0,3.47,6,Yes,3,2021,0
E12657,IT,30,90222.0,2.91,10,No,1,2020,0
E12658,Operations,46,62671.0,3.35,2,No,2,2020,0
E12659,Marketing,21,28000.0,3.6,3,Yes,1,2019,0
E12660,Sales,44,55727.0,2.95,6,No,0,2022,0
E12661,Finance,45,97950.0,3.36,7,Yes,4,2019,0
E12662,Sales,24,71284.0,2.23,4,Yes,5,2025,0
E12663,Operations,37,78031.0,4.88,17,No,7,2024,0
E12664,Sales,27,48596.0,3.45,9,No,0,2019,1
E12665,Marketing,35,68713.0,4.03,0,No,4,2019,1
E12666,Operations,59,97111.0,4.13,9,No,1,2021,0
E12667,Sales,56,47921.0,3.74,11,No,3,2023,0
E12668,Sales,22,72976.0,3.53,3,No,7,2023,0
E12669,Sales,28,80936.0,2.19,16,Yes,3,2021,0
E12670,IT,38,68265.0,4.01,5,No,7,2026,0
E12671,Finance,43,74259.0,2.72,5,No,0,2021,0
E12672,Sales,43,71401.0,3.77,10,No,5,2024,0
E12673,Operations,32,72544.0,3.39,0,No,0,2018,1
E12674,Sales,59,61985.0,3.86,3,No,5,2021,0
E12675,IT,60,68531.0,3.93,2,No,6,2026,1
E12676,Sales,27,51626.0,2.49,1,Yes,6,2024,1
E12677,Sales,49,55387.0,3.37,14,No,0,2020,0
E12678,IT,45,88159.0,3.78,12,Yes,3,2021,0
E12679,IT,42,76358.0,4.14,4,No,5,2025,0
E12680,Finance,42,47852.0,3.94,10,No,6,2021,0
E12681,Marketing,37,84701.0,2.04,5,No,0,2020,0
E12682,IT,43,38432.0,3.14,4,No,7,2026,0
E12683,HR,27,80585.0,3.78,15,No,1,2024,0
E12684,Operations,45,42163.0,3.75,7,No,5,2024,0
E12685,Marketing,50,57291.0,3.06,5,No,5,2023,0
E12686,Finance,35,69475.0,3.19,15,No,0,2024,1
E12687,Sales,34,29095.0,2.71,13,No,2,2024,0
E12688,Operations,26,57210.0,2.32,15,No,5,2026,1
E12689,Sales,32,56397.0,3.96,10,No,0,2019,0
E12690,IT,52,61435.0,3.3,4,No,5,2018,0
E12691,Sales,49,75571.0,3.5,3,No,2,2022,0
E12692,IT,58,83022.0,3.58,1,No,2,2026,0
E12693,Operations,42,56320.0,3.35,17,No,0,2019,0
E12694,Sales,58,42570.0,4.61,10,No,2,2023,0
E12695,Operations,44,72435.0,2.76,15,No,2,2022,1
E12696,Sales,54,80813.0,3.4,16,Yes,7,2026,0
E12697,Sales,53,46417.0,3.32,11,No,5,2024,0
E12698,Sales,39,43831.0,3.01,11,No,1,2018,0
E12699,Finance,26,76211.0,4.96,6,Yes,6,2020,0
E12700,HR,26,28000.0,2.74,7,No,5,2026,0
E12701,Operations,59,72032.0,3.66,7,No,2,2020,0
E12702,Sales,30,38760.0,3.13,1,Yes,3,2025,0
E12703,Marketing,32,40878.0,3.2,14,No,3,2024,0
E12704,Operations,59,52802.0,2.28,6,No,0,2020,0
E12705,HR,52,56837.0,4.01,11,No,2,2019,0
E12706,Operations,41,54086.0,3.89,9,No,7,2020,0
E12707,Sales,24,69643.0,3.57,4,No,5,2021,0
E12708,Finance,43,78770.0,4.21,12,No,2,2019,0
E12709,Sales,45,28000.0,3.96,8,No,6,2021,0
E12710,Sales,41,34314.0,2.72,9,Yes,3,2020,0
E12711,Sales,34,65676.0,3.49,10,No,2,2020,0
E12712,Operations,35,74773.0,2.85,4,Yes,2,2022,0
E12713,IT,57,60539.0,3.18,13,Yes,5,2023,0
E12714,Marketing,51,74513.0,3.76,16,Yes,2,2025,0
E12715,Operations,39,53564.0,3.49,8,Yes,6,2022,0
E12716,HR,28,28155.0,4.5,17,No,1,2026,0
E12717,Sales,25,61727.0,5.0,0,No,0,2025,0
E12718,Finance,40,59169.0,2.3,6,No,3,2022,0
E12719,Marketing,49,60630.0,3.64,6,No,5,2026,0
E12720,IT,39,86719.0,2.44,15,No,4,2023,1
E12721,Operations,47,74263.0,4.29,5,Yes,2,2019,0
E12722,Finance,24,70052.0,3.53,3,No,0,2020,0
E12723,Sales,43,55599.0,2.44,1,No,7,2023,0
E12724,Marketing,33,45742.0,4.22,7,Yes,6,2026,0
E12725,IT,31,92755.0,3.75,3,No,0,2019,0
E12726,Operations,44,72113.0,2.84,10,No,5,2021,0
E12727,Marketing,30,79908.0,3.37,15,Yes,5,2023,0
E12728,Sales,60,69543.0,2.93,0,Yes,1,2021,0
E12729,Operations,42,52932.0,3.91,0,Yes,1,2023,0
E12730,IT,33,67955.0,3.25,14,No,4,2023,0
E12731,Finance,41,54668.0,2.8,16,Yes,2,2018,0
E12732,IT,53,50782.0,5.0,11,No,1,2025,0
E12733,Operations,59,89680.0,2.99,13,Yes,1,2026,0
E12734,HR,29,28000.0,3.86,13,No,5,2022,0
E12735,Sales,49,82094.0,1.77,16,Yes,3,2025,0
E12736,Operations,36,56815.0,3.47,17,Yes,6,2019,0
E12737,IT,54,43969.0,3.19,17,No,0,2024,0
E12738,Sales,40,55739.0,3.31,10,No,0,2022,0
E12739,Finance,48,84596.0,3.44,0,Yes,7,2023,1
E12740,Operations,24,79512.0,3.18,12,No,6,2018,0
E12741,IT,36,78601.0,3.73,14,No,4,2025,0
E12742,Sales,39,52389.0,3.76,2,No,3,2024,0
E12743,Operations,21,42403.0,3.38,0,No,7,2023,0
E12744,Sales,49,97362.0,3.77,1,No,3,2018,0
E12745,Finance,21,63681.0,4.43,1,No,5,2022,0
E12746,HR,54,72352.0,2.18,3,No,6,2024,0
E12747,Marketing,56,81621.0,3.47,13,No,2,2018,0
E12748,Finance,45,42956.0,3.6,8,No,6,2019,1
E12749,Finance,42,54145.0,4.38,3,No,5,2024,0
E12750,Marketing,43,34050.0,2.87,16,No,7,2025,1
E12751,Operations,41,69435.0,2.61,4,No,0,2018,0
E12752,Finance,45,51251.0,3.38,4,No,3,2019,0
E12753,Finance,45,72968.0,2.67,5,No,7,2018,0
E12754,HR,22,60167.0,3.39,8,Yes,1,2022,1
E12755,Sales,41,49946.0,3.74,11,Yes,6,2026,0
E12756,Finance,23,28000.0,4.19,2,No,3,2020,0
E12757,Operations,35,55314.0,3.16,17,Yes,2,2020,0
E12758,Sales,49,77752.0,2.8,15,No,5,2020,0
E12759,Sales,48,90574.0,4.37,7,Yes,0,2020,0
E12760,Sales,43,80916.0,4.03,17,Yes,0,2020,0
E12761,IT,60,39759.0,3.64,7,Yes,2,2019,0
E12762,HR,36,68131.0,3.8,13,No,7,2023,0
E12763,Operations,60,65576.0,4.04,16,No,7,2026,0
E12764,Marketing,51,97443.0,2.62,11,No,0,2023,0
E12765,Sales,44,58366.0,2.4,14,No,5,2021,0
E12766,Sales,22,76798.0,4.16,13,Yes,7,2025,1
E12767,Finance,42,59127.0,3.96,11,No,5,2019,0
E12768,Operations,28,89958.0,3.63,15,Yes,0,2024,0
E12769,Operations,43,75132.0,4.0,6,No,7,2022,0
E12770,Sales,32,92729.0,3.39,10,No,4,2020,0
E12771,Sales,55,49569.0,4.08,8,No,6,2020,0
E12772,Operations,38,71581.0,3.7,17,Yes,6,2021,0
E12773,Marketing,33,110547.0,2.92,13,No,1,2022,0
E12774,Finance,23,43826.0,3.85,12,No,3,2022,0
E12775,Operations,35,59098.0,3.44,9,No,5,2023,0
E12776,IT,27,35904.0,4.01,10,No,5,2024,0
E12777,Sales,25,38848.0,3.12,15,Yes,3,2021,0
E12778,Operations,48,59569.0,3.82,16,Yes,7,2021,0
E12779,Operations,45,66435.0,3.44,1,No,4,2019,0
E12780,Finance,30,89479.0,4.58,15,No,6,2019,0
E12781,IT,39,42997.0,3.49,15,No,4,2026,0
E12782,IT,57,47332.0,2.58,16,No,4,2019,0
E12783,Marketing,37,58447.0,2.73,15,No,4,2026,0
E12784,Operations,33,56226.0,4.01,10,Yes,5,2026,0
E12785,Operations,40,42225.0,3.57,7,Yes,0,2018,0
E12786,HR,40,29828.0,3.17,14,No,0,2023,0
E12787,IT,60,61524.0,2.75,0,No,3,2025,0
E12788,Marketing,40,67928.0,3.24,6,No,1,2023,0
E12789,Sales,35,56689.0,2.5,6,No,1,2020,0
E12790,Sales,37,38930.0,3.59,4,No,1,2024,0
E12791,IT,54,80740.0,4.14,3,Yes,0,2026,1
E12792,Operations,51,41549.0,3.01,6,Yes,7,2026,1
E12793,Operations,36,73245.0,3.63,3,Yes,7,2022,1
E12794,Sales,38,36467.0,3.93,10,No,1,2020,0
E12795,IT,43,62451.0,2.69,10,Yes,1,2025,0
E12796,Sales,28,51045.0,3.34,13,No,3,2021,0
E12797,Sales,50,66398.0,2.65,0,No,3,2025,0
E12798,Sales,44,47981.0,4.69,3,Yes,4,2024,0
E12799,IT,23,49370.0,3.09,14,No,5,2023,0
E12800,Finance,37,59959.0,3.39,0,No,0,2023,0
E12801,Marketing,36,87593.0,3.72,8,No,0,2022,0
E12802,HR,29,48912.0,3.41,7,Yes,6,2019,1
E12803,Marketing,21,54075.0,2.89,16,No,0,2026,0
E12804,Finance,58,75786.0,3.03,5,Yes,5,2018,0
E12805,IT,51,40768.0,4.54,17,No,6,2021,0
E12806,IT,41,66962.0,4.14,11,No,7,2022,0
E12807,Finance,34,82579.0,3.66,16,No,7,2018,0
E12808,Operations,45,75599.0,1.74,12,Yes,7,2021,0
E12809,Operations,34,65182.0,2.46,17,No,5,2021,0
E12810,Finance,30,53705.0,3.2,11,No,7,2025,0
E12811,IT,56,65004.0,3.32,0,No,3,2023,0
E12812,Sales,48,95600.0,3.53,15,Yes,2,2024,0
E12813,Finance,31,68918.0,2.27,12,No,1,2022,1
E12814,Finance,60,89631.0,2.8,0,No,0,2023,0
E12815,Operations,54,94382.0,3.15,7,No,4,2019,0
E12816,Operations,58,51215.0,3.36,10,Yes,6,2020,1
E12817,Operations,57,87886.0,3.92,17,No,5,2018,0
E12818,IT,28,84729.0,2.85,8,No,1,2021,0
E12819,Sales,28,88901.0,3.74,16,No,4,2018,0
E12820,Operations,59,68591.0,2.26,12,No,6,2021,0
E12821,Operations,30,88995.0,3.58,16,No,4,2021,0
E12822,HR,34,58408.0,3.29,17,No,0,2024,1
E12823,Operations,27,92534.0,2.84,8,Yes,0,2023,0
E12824,Marketing,53,65686.0,4.49,11,Yes,7,2022,1
E12825,Sales,40,85546.0,4.0,0,No,7,2025,0
E12826,IT,60,94586.0,3.99,13,Yes,3,2018,0
E12827,Marketing,31,75333.0,3.35,15,No,3,2024,0
E12828,Sales,36,79685.0,3.47,17,No,5,2024,0
E12829,Sales,46,47044.0,3.82,10,No,2,2025,0
E12830,Sales,60,78792.0,5.0,8,No,4,2021,0
E12831,IT,33,69879.0,2.06,2,No,3,2025,1
E12832,Sales,41,51232.0,3.24,2,No,3,2020,0
E12833,Sales,23,80309.0,3.4,9,No,3,2023,1
E12834,Sales,47,126461.0,2.57,4,No,1,2021,0
E12835,HR,25,43591.0,3.27,13,Yes,5,2024,0
E12836,Operations,55,77131.0,3.02,4,No,3,2020,0
E12837,Finance,44,62786.0,3.77,13,Yes,6,2018,0
E12838,Sales,47,58327.0,2.96,0,No,1,2022,0
E12839,Sales,40,89705.0,3.47,10,Yes,6,2021,0
E12840,Marketing,57,56848.0,3.81,13,Yes,3,2022,0
E12841,Sales,55,42175.0,4.14,6,No,1,2018,0
E12842,Sales,29,77548.0,3.18,12,No,2,2022,0
E12843,Marketing,49,38412.0,3.38,1,Yes,5,2024,0
E12844,HR,55,87177.0,3.29,6,Yes,5,2023,0
E12845,Operations,42,77728.0,2.51,7,No,3,2026,0
E12846,IT,55,28000.0,3.15,3,No,3,2018,0
E12847,HR,23,70364.0,4.14,2,No,5,2019,0
E12848,IT,56,77687.0,3.42,4,No,5,2021,0
E12849,Marketing,43,34165.0,2.75,14,Yes,6,2023,1
E12850,IT,52,69028.0,2.81,15,Yes,4,2023,0
E12851,IT,39,66683.0,3.23,6,No,2,2026,0
E12852,Sales,52,37665.0,3.31,0,No,1,2024,0
E12853,IT,40,81826.0,3.1,3,No,4,2020,0
E12854,Sales,48,62843.0,3.87,11,No,6,2019,0
E12855,IT,43,98214.0,4.31,2,No,2,2019,0
E12856,Sales,54,86284.0,2.41,10,No,5,2025,1
E12857,HR,23,54821.0,3.2,10,No,1,2024,0
E12858,HR,51,80133.0,3.64,7,No,5,2018,0
E12859,Marketing,59,91135.0,3.69,1,No,4,2021,0
E12860,IT,23,58455.0,2.76,3,No,0,2024,0
E12861,IT,43,37143.0,3.01,9,Yes,0,2025,0
E12862,Finance,37,88838.0,3.18,10,No,1,2018,0
E12863,IT,46,62236.0,2.43,4,No,0,2018,0
E12864,Marketing,47,79144.0,3.67,10,No,1,2022,0
E12865,Sales,36,67452.0,3.76,1,Yes,2,2018,0
E12866,IT,51,73360.0,4.73,8,Yes,3,2020,0
E12867,Operations,57,69517.0,3.77,5,Yes,4,2024,0
E12868,Sales,28,70256.0,3.86,13,Yes,0,2023,0
E12869,HR,36,49937.0,3.11,8,No,5,2023,0
E12870,Finance,39,31346.0,2.62,13,Yes,0,2025,0
E12871,Sales,39,47769.0,3.25,13,No,4,2023,0
E12872,IT,24,67975.0,3.32,11,Yes,2,2024,1
E12873,Finance,49,34437.0,3.25,4,No,4,2023,0
E12874,Operations,22,74707.0,4.06,7,No,1,2025,0
E12875,Sales,39,51053.0,2.62,17,No,2,2022,0
E12876,Finance,40,36906.0,4.03,16,No,5,2020,0
E12877,Marketing,46,41469.0,3.55,3,No,7,2019,0
E12878,IT,39,47262.0,3.1,13,No,6,2020,0
E12879,IT,31,53364.0,2.42,3,No,5,2023,0
E12880,Finance,24,72728.0,3.28,17,Yes,2,2019,0
E12881,IT,59,79387.0,5.0,12,Yes,5,2018,0
E12882,IT,37,55921.0,2.28,3,No,6,2020,0
E12883,Operations,33,62039.0,3.35,13,No,7,2026,0
E12884,HR,45,95175.0,2.94,10,No,4,2026,0
E12885,IT,25,40792.0,3.29,9,No,1,2019,0
E12886,IT,48,57977.0,3.05,8,Yes,1,2026,0
E12887,Operations,21,60057.0,3.16,12,Yes,3,2019,0
E12888,Sales,28,75503.0,3.23,3,No,7,2023,0
E12889,Operations,38,52260.0,3.72,4,No,4,2025,0
E12890,Operations,34,71729.0,3.55,1,No,4,2020,0
E12891,Sales,31,52497.0,3.29,7,No,3,2025,0
E12892,Marketing,26,95607.0,2.71,10,No,2,2026,0
E12893,Finance,26,63520.0,2.9,15,No,7,2022,0
E12894,Operations,29,67058.0,4.71,9,No,1,2018,0
E12895,Sales,27,58970.0,3.52,0,No,0,2023,1
E12896,HR,56,123015.0,2.58,17,No,7,2026,1
E12897,HR,37,39421.0,4.09,16,No,5,2026,0
E12898,Finance,34,51914.0,3.69,6,Yes,5,2022,0
E12899,Sales,31,74056.0,1.47,10,No,4,2018,0
E12900,Operations,40,101074.0,4.71,5,No,5,2023,0
E12901,IT,21,71752.0,3.43,16,No,7,2020,0
E12902,Operations,46,54910.0,3.08,7,Yes,1,2020,0
E12903,HR,36,111779.0,3.92,6,No,3,2026,0
E12904,Marketing,56,44106.0,1.62,7,No,6,2020,0
E12905,Operations,21,31301.0,4.15,9,Yes,5,2022,0
E12906,Sales,42,64931.0,3.83,7,No,0,2025,0
E12907,HR,36,65892.0,4.04,10,No,6,2020,0
E12908,Operations,46,85562.0,3.53,15,No,3,2025,0
E12909,IT,37,66672.0,3.03,13,No,2,2019,0
E12910,IT,22,54287.0,3.32,15,No,4,2022,0
E12911,Operations,35,51398.0,3.54,14,Yes,7,2020,0
E12912,Sales,50,84835.0,2.33,13,Yes,1,2021,1
E12913,Sales,50,67059.0,4.54,13,No,4,2022,1
E12914,Marketing,37,76252.0,3.27,13,Yes,1,2021,0
E12915,Operations,33,67908.0,3.41,5,No,7,2023,0
E12916,IT,48,108447.0,2.56,4,No,5,2021,0
E12917,Operations,36,92290.0,3.76,3,No,5,2018,0
E12918,Finance,29,82896.0,3.27,3,Yes,1,2020,0
E12919,IT,41,62935.0,3.29,14,No,3,2018,0
E12920,Sales,58,92724.0,3.48,7,Yes,1,2018,0
E12921,Sales,47,51283.0,2.83,17,No,7,2023,0
E12922,Sales,24,92242.0,2.81,1,Yes,3,2023,0
E12923,Sales,26,49566.0,2.62,8,No,5,2023,0
E12924,Sales,28,105264.0,2.88,11,Yes,1,2018,0
E12925,HR,38,82571.0,3.9,8,No,0,2019,0
E12926,Sales,39,31445.0,2.02,2,Yes,3,2024,0
E12927,Marketing,60,78628.0,2.81,12,No,3,2025,0
E12928,IT,32,56224.0,3.16,17,No,4,2020,0
E12929,Operations,35,72078.0,4.19,8,No,2,2024,0
E12930,Sales,32,72564.0,3.84,12,Yes,6,2018,0
E12931,IT,30,65291.0,3.54,0,No,2,2025,0
E12932,IT,40,67146.0,2.8,8,Yes,6,2023,0
E12933,Operations,56,76940.0,4.34,7,No,7,2023,0
E12934,Sales,53,69188.0,4.41,14,Yes,2,2020,0
E12935,Finance,26,46080.0,3.92,10,Yes,5,2021,0
E12936,Sales,37,76833.0,3.78,3,No,3,2022,0
E12937,Sales,59,62304.0,2.69,14,No,6,2022,1
E12938,Finance,58,71992.0,2.89,2,Yes,2,2020,0
E12939,Sales,56,58543.0,4.62,8,Yes,4,2021,0
E12940,Finance,37,62158.0,2.84,1,Yes,6,2020,0
E12941,Operations,31,44034.0,3.39,14,No,0,2021,0
E12942,Operations,39,76972.0,3.5,8,No,1,2025,0
E12943,Operations,34,53650.0,3.37,8,No,4,2021,0
E12944,Marketing,54,43397.0,3.38,2,No,3,2025,0
E12945,IT,56,69988.0,5.0,9,Yes,5,2026,0
E12946,HR,42,78237.0,2.67,5,Yes,2,2022,0
E12947,Operations,45,53060.0,2.93,1,No,5,2021,0
E12948,IT,52,90850.0,5.0,17,No,7,2024,0
E12949,Operations,41,78622.0,3.62,15,No,3,2021,0
E12950,Operations,45,93533.0,2.87,11,No,4,2018,1
E12951,Finance,36,89134.0,3.23,6,Yes,0,2019,0
E12952,Sales,23,87683.0,3.82,9,No,2,2026,0
E12953,Finance,43,31917.0,2.86,16,No,4,2022,0
E12954,Marketing,60,44543.0,2.88,12,No,4,2026,0
E12955,Sales,23,88283.0,1.73,2,No,7,2026,0
E12956,Sales,49,78081.0,3.98,12,No,7,2022,0
E12957,Operations,47,60300.0,3.34,12,Yes,2,2020,0
E12958,Finance,24,56405.0,3.07,0,No,2,2024,0
E12959,Finance,50,57414.0,2.74,8,Yes,6,2021,0
E12960,Operations,43,91816.0,3.46,0,No,4,2026,0
E12961,Marketing,38,64354.0,3.2,3,Yes,2,2025,0
E12962,Sales,57,58067.0,4.31,16,Yes,2,2022,1
E12963,Operations,59,39603.0,4.06,1,No,7,2019,0
E12964,Operations,37,32842.0,3.55,13,No,4,2019,0
E12965,Marketing,57,81296.0,4.26,1,No,6,2022,0
E12966,Operations,55,57844.0,4.88,17,No,0,2024,0
E12967,HR,28,69265.0,3.58,10,No,3,2018,0
E12968,HR,33,73531.0,4.76,17,Yes,0,2026,0
E12969,Operations,30,78163.0,3.24,13,Yes,6,2024,0
E12970,Marketing,29,77447.0,2.98,3,No,4,2023,0
E12971,Sales,41,86313.0,2.87,15,No,6,2022,0
E12972,Sales,52,69948.0,3.62,14,No,6,2023,0
E12973,Sales,30,66361.0,3.3,4,No,3,2022,0
E12974,Sales,31,48849.0,4.03,3,No,3,2023,0
E12975,Sales,49,70298.0,3.49,10,No,2,2020,0
E12976,Operations,46,50896.0,3.56,16,No,7,2022,0
E12977,HR,31,50827.0,3.31,2,Yes,1,2025,0
E12978,Marketing,56,76271.0,3.67,1,Yes,5,2018,1
E12979,Operations,25,37621.0,3.61,5,No,4,2024,0
E12980,Sales,54,67528.0,3.56,2,Yes,1,2019,0
E12981,Sales,25,71019.0,3.06,3,No,6,2019,0
E12982,Marketing,56,62889.0,4.3,14,No,0,2019,0
E12983,Marketing,40,57070.0,3.84,9,No,4,2019,0
E12984,Sales,31,103710.0,3.62,10,No,2,2020,0
E12985,Marketing,51,89334.0,3.73,13,No,6,2018,1
E12986,Sales,33,49497.0,3.01,0,No,7,2022,1
E12987,Sales,52,71595.0,3.58,12,No,7,2026,0
E12988,Operations,27,61104.0,2.17,14,No,0,2019,0
E12989,Operations,28,67451.0,3.35,15,Yes,1,2022,0
E12990,IT,33,58853.0,3.43,7,No,3,2021,0
E12991,Operations,60,55617.0,3.74,10,No,1,2026,0
E12992,IT,40,56891.0,3.99,1,Yes,7,2024,0
E12993,IT,56,64266.0,3.93,3,No,5,2022,0
E12994,HR,28,53596.0,3.19,10,No,0,2020,0
E12995,Finance,37,41948.0,3.97,16,No,0,2018,0
E12996,Operations,47,60250.0,3.22,13,No,7,2019,0
E12997,Sales,41,53597.0,3.63,0,No,1,2018,0
E12998,Sales,46,60247.0,3.47,8,No,7,2018,0
E12999,Marketing,21,65676.0,3.87,8,No,4,2021,0
E13000,Finance,55,44118.0,4.05,7,No,2,2026,0
E13001,Operations,41,90938.0,3.15,14,Yes,4,2023,1
E13002,IT,21,77719.0,2.84,15,Yes,4,2025,0
E13003,Sales,29,55631.0,4.36,3,No,1,2026,0
E13004,Finance,44,73243.0,3.47,5,No,7,2022,0
E13005,Sales,30,75226.0,3.19,2,No,5,2019,1
E13006,Operations,49,91458.0,3.05,3,Yes,1,2026,0
E13007,IT,51,93616.0,3.66,17,Yes,7,2021,1
E13008,Sales,56,51614.0,3.04,5,No,0,2021,0
E13009,Operations,30,68975.0,3.64,11,No,6,2025,0
E13010,Operations,32,83276.0,3.78,10,Yes,4,2019,1
E13011,Operations,52,73557.0,3.64,9,No,0,2024,0
E13012,Operations,21,68794.0,3.68,13,Yes,4,2023,0
E13013,IT,26,64614.0,2.96,13,Yes,4,2021,0
E13014,Marketing,57,70984.0,2.64,8,Yes,6,2018,0
E13015,Sales,21,72764.0,3.22,3,No,5,2021,0
E13016,IT,39,48448.0,3.87,3,No,6,2025,0
E13017,Sales,27,54219.0,3.89,12,Yes,4,2021,0
E13018,Sales,46,92108.0,2.92,17,No,0,2024,0
E13019,Sales,34,49300.0,4.02,16,No,0,2025,0
E13020,Finance,36,62314.0,2.88,12,No,7,2021,0
E13021,IT,48,69782.0,2.71,12,No,1,2024,0
E13022,Operations,37,66953.0,2.79,16,No,7,2022,0
E13023,Operations,37,85572.0,4.42,14,Yes,3,2022,0
E13024,HR,28,75019.0,3.28,15,No,7,2024,1
E13025,HR,41,38855.0,3.84,4,No,0,2024,1
E13026,Sales,32,73222.0,3.56,4,No,4,2025,0
E13027,IT,45,41360.0,3.78,8,No,0,2020,0
E13028,HR,23,56881.0,2.87,5,Yes,0,2021,0
E13029,Finance,54,32859.0,2.02,10,No,5,2019,0
E13030,IT,35,71348.0,3.25,6,No,2,2021,0
E13031,Sales,43,80383.0,3.21,6,No,0,2020,0
E13032,Sales,35,71773.0,4.19,17,Yes,7,2025,0
E13033,Sales,40,76909.0,3.05,5,No,5,2018,0
E13034,Finance,53,107478.0,4.64,13,Yes,1,2019,1
E13035,Finance,28,79609.0,2.81,6,No,4,2025,0
E13036,Finance,53,46313.0,3.19,14,No,7,2020,0
E13037,Sales,25,81567.0,3.26,13,Yes,3,2025,0
E13038,Sales,35,90230.0,2.86,7,No,5,2021,0
E13039,IT,32,39495.0,2.99,16,No,3,2019,0
E13040,Sales,46,58083.0,2.76,13,No,3,2024,0
E13041,Sales,21,79345.0,4.17,4,No,4,2023,1
E13042,Sales,48,50067.0,3.5,3,Yes,0,2026,0
E13043,HR,50,55334.0,2.19,8,No,3,2024,1
E13044,Sales,22,86474.0,2.79,12,No,6,2023,1
E13045,Marketing,60,84030.0,4.12,13,No,0,2020,0
E13046,Sales,32,51841.0,2.81,11,No,7,2019,0
E13047,Finance,57,40235.0,2.76,11,No,5,2020,1
E13048,Finance,49,83996.0,2.98,12,No,4,2019,0
E13049,Sales,35,61933.0,3.12,12,Yes,1,2021,0
E13050,Finance,25,59308.0,3.45,2,No,0,2018,0
E13051,Marketing,58,28000.0,3.45,11,No,3,2026,0
E13052,Operations,26,70705.0,3.8,14,No,3,2025,0
E13053,Marketing,48,81577.0,2.99,15,No,1,2025,0
E13054,Sales,27,60306.0,3.7,15,No,0,2021,0
E13055,Operations,53,45490.0,1.9,2,No,7,2024,1
E13056,HR,53,54107.0,3.39,8,Yes,1,2024,1
E13057,Operations,21,72647.0,2.86,3,No,0,2025,0
E13058,IT,29,62070.0,2.08,3,Yes,5,2019,0
E13059,Operations,58,89568.0,3.2,10,Yes,6,2020,0
E13060,IT,31,41586.0,3.67,12,No,5,2025,0
E13061,IT,57,35253.0,3.02,0,No,2,2021,0
E13062,Finance,42,55754.0,4.04,12,No,7,2018,0
E13063,HR,58,61204.0,4.36,13,No,7,2024,0
E13064,Operations,43,28000.0,3.07,8,No,4,2024,0
E13065,Marketing,43,74383.0,2.58,11,No,5,2019,0
E13066,Finance,26,76537.0,3.43,14,Yes,7,2024,0
E13067,HR,35,61180.0,2.96,13,No,1,2023,0
E13068,Finance,24,78401.0,3.75,0,No,3,2023,0
E13069,Finance,59,51524.0,4.68,9,No,3,2026,0
E13070,IT,24,49175.0,3.08,12,No,5,2022,0
E13071,Operations,21,66733.0,2.72,16,Yes,4,2021,0
E13072,IT,40,64732.0,3.74,14,No,7,2022,0
E13073,IT,24,47237.0,3.48,4,No,1,2024,0
E13074,Finance,27,59484.0,2.47,2,Yes,4,2026,0
E13075,Marketing,53,44253.0,2.26,11,No,2,2023,0
E13076,Finance,58,62347.0,2.91,15,No,4,2021,0
E13077,Marketing,49,54566.0,3.27,7,No,4,2018,0
E13078,Operations,32,66644.0,3.47,6,No,7,2021,0
E13079,Operations,45,38297.0,3.58,12,No,6,2020,0
E13080,IT,60,53264.0,2.5,9,No,5,2025,0
E13081,Operations,30,48778.0,3.21,3,No,0,2019,0
E13082,Operations,26,57094.0,3.25,2,Yes,3,2020,0
E13083,Marketing,59,46177.0,3.26,11,Yes,2,2020,1
E13084,Operations,40,77479.0,4.24,13,Yes,7,2019,0
E13085,Finance,22,32439.0,3.8,10,Yes,5,2025,1
E13086,Operations,25,28000.0,3.26,5,No,0,2022,0
E13087,Finance,55,70896.0,3.39,0,No,6,2025,0
E13088,IT,28,58767.0,3.06,3,No,3,2019,0
E13089,Finance,37,101129.0,2.65,16,No,2,2025,0
E13090,Operations,42,48948.0,3.41,13,No,1,2026,0
E13091,IT,50,93098.0,3.25,16,No,0,2023,1
E13092,IT,32,75354.0,4.26,10,No,0,2026,0
E13093,Sales,53,48070.0,4.23,0,No,7,2022,0
E13094,HR,28,78643.0,2.93,4,Yes,1,2026,0
E13095,Sales,25,42696.0,2.94,15,No,0,2019,0
E13096,Marketing,30,48264.0,3.07,0,Yes,6,2021,0
E13097,Sales,35,34143.0,3.09,2,No,5,2018,0
E13098,Sales,53,39109.0,3.77,12,Yes,2,2018,0
E13099,IT,49,60393.0,4.4,11,No,7,2018,0
E13100,Sales,27,56095.0,4.34,2,No,7,2019,0
E13101,IT,50,84973.0,4.08,12,No,3,2018,0
E13102,Marketing,31,75120.0,3.79,17,No,1,2025,0
E13103,HR,28,39917.0,4.27,15,No,2,2020,0
E13104,Sales,32,79552.0,4.43,9,Yes,0,2023,0
E13105,Sales,50,71891.0,2.5,3,Yes,5,2022,1
E13106,Operations,60,33130.0,2.51,11,No,2,2018,0
E13107,Marketing,56,82028.0,3.55,8,Yes,6,2024,0
E13108,IT,48,46695.0,3.3,0,No,4,2024,0
E13109,Marketing,48,81656.0,2.98,3,Yes,7,2026,0
E13110,Marketing,37,96164.0,2.93,7,No,5,2026,0
E13111,Sales,37,105345.0,3.54,7,No,1,2020,0
E13112,Sales,34,52980.0,3.3,14,Yes,4,2023,0
E13113,Sales,31,69420.0,3.08,8,No,0,2025,0
E13114,IT,59,86640.0,3.27,3,Yes,5,2021,0
E13115,HR,33,77812.0,2.16,7,No,5,2020,0
E13116,HR,21,63040.0,3.36,2,No,5,2021,0
E13117,Finance,58,66389.0,3.55,3,No,6,2022,0
E13118,IT,27,102354.0,3.18,10,Yes,7,2019,0
E13119,Sales,35,75446.0,2.77,1,No,7,2023,0
E13120,Operations,23,81274.0,2.69,3,Yes,6,2018,1
E13121,Operations,21,50574.0,3.56,15,Yes,4,2023,0
E13122,HR,54,81166.0,3.3,10,Yes,1,2022,0
E13123,Operations,39,87295.0,3.08,11,No,7,2020,0
E13124,Sales,48,83791.0,2.89,7,No,7,2020,0
E13125,IT,39,34342.0,3.55,1,Yes,3,2020,0
E13126,Sales,49,60081.0,2.52,4,No,7,2022,0
E13127,Sales,30,61614.0,4.94,5,Yes,5,2024,0
E13128,Marketing,32,56978.0,3.49,15,No,1,2025,0
E13129,Operations,41,49550.0,3.48,7,No,6,2020,0
E13130,Finance,50,44225.0,2.87,11,No,5,2018,0
E13131,HR,32,70312.0,4.67,14,No,6,2018,0
E13132,Operations,27,56905.0,2.71,7,No,6,2023,0
E13133,HR,54,37643.0,2.93,11,No,2,2023,0
E13134,Finance,44,96929.0,3.12,9,No,3,2025,0
E13135,IT,38,81336.0,4.22,0,Yes,2,2021,0
E13136,Sales,32,56825.0,4.02,14,No,0,2019,0
E13137,IT,51,30824.0,3.68,4,No,4,2018,0
E13138,Operations,45,70836.0,3.38,3,No,4,2025,0
E13139,Sales,51,87730.0,2.95,15,Yes,5,2026,0
E13140,Sales,37,59173.0,3.03,9,No,3,2026,0
E13141,Marketing,32,94783.0,3.86,14,Yes,1,2026,0
E13142,Sales,59,39153.0,3.93,5,Yes,5,2019,1
E13143,Operations,59,97568.0,3.33,0,No,5,2022,0
E13144,IT,29,59467.0,3.91,8,No,3,2021,0
E13145,Sales,54,63669.0,4.26,0,No,4,2020,1
E13146,Sales,21,79335.0,2.6,11,Yes,5,2023,1
E13147,IT,42,60579.0,4.26,0,No,3,2026,0
E13148,Sales,50,69326.0,3.48,1,No,6,2024,0
E13149,Operations,32,85334.0,3.28,4,No,7,2024,0
E13150,Marketing,58,45586.0,3.72,13,No,6,2024,0
E13151,Sales,53,72332.0,4.84,14,Yes,6,2026,0
E13152,Operations,29,71713.0,3.59,8,Yes,4,2021,0
E13153,IT,35,119044.0,2.97,16,Yes,5,2018,0
E13154,Operations,46,98368.0,3.68,13,Yes,1,2026,0
E13155,Finance,39,67370.0,2.55,15,No,3,2025,0
E13156,Operations,21,49032.0,3.57,1,No,4,2025,0
E13157,Operations,23,78188.0,3.32,13,No,3,2024,0
E13158,IT,46,79540.0,2.8,11,No,1,2018,0
E13159,Finance,35,104579.0,3.77,12,No,4,2021,0
E13160,Marketing,49,63811.0,3.37,14,No,3,2019,0
E13161,Operations,43,58006.0,2.84,5,No,3,2020,0
E13162,Sales,24,62995.0,3.04,14,No,1,2018,0
E13163,Sales,57,69320.0,4.03,17,Yes,5,2020,0
E13164,Operations,26,70859.0,3.58,12,Yes,6,2018,0
E13165,Sales,37,85503.0,2.7,5,Yes,1,2019,1
E13166,Operations,56,55424.0,3.48,7,No,1,2022,0
E13167,IT,56,71595.0,2.27,6,No,4,2025,1
E13168,Sales,29,62847.0,3.16,11,No,5,2023,0
E13169,Sales,38,60440.0,2.42,8,No,7,2024,0
E13170,Operations,59,54430.0,4.21,16,No,2,2021,0
E13171,Marketing,26,81384.0,2.92,10,No,7,2022,0
E13172,Finance,27,71724.0,3.02,10,Yes,4,2024,1
E13173,HR,25,84535.0,4.54,8,No,7,2021,0
E13174,Operations,22,103812.0,3.48,0,No,3,2022,0
E13175,Marketing,50,51910.0,3.86,14,No,3,2020,0
E13176,Operations,25,61560.0,3.39,14,No,4,2022,0
E13177,Marketing,54,78067.0,2.48,15,No,2,2024,0
E13178,Sales,42,81782.0,2.33,13,No,6,2023,0
E13179,Sales,49,48902.0,4.06,10,No,1,2022,0
E13180,Marketing,44,60228.0,2.53,9,No,5,2026,0
E13181,Sales,31,107730.0,2.16,5,No,0,2023,0
E13182,Marketing,40,51357.0,2.44,13,No,6,2022,0
E13183,Sales,46,73663.0,3.04,0,No,1,2020,0
E13184,Operations,28,56250.0,3.57,6,No,2,2021,0
E13185,Operations,53,67175.0,3.29,13,Yes,7,2025,0
E13186,Operations,47,54355.0,3.51,8,No,1,2024,0
E13187,IT,25,72127.0,2.88,17,No,4,2022,0
E13188,HR,57,86777.0,2.91,16,No,7,2024,0
E13189,Operations,51,56180.0,4.44,9,Yes,7,2023,0
E13190,Marketing,36,67677.0,3.53,16,No,3,2023,0
E13191,Sales,29,71941.0,3.32,14,No,0,2026,0
E13192,IT,49,41914.0,3.74,12,No,3,2024,0
E13193,IT,27,42676.0,2.8,0,No,0,2026,0
E13194,Sales,21,61606.0,2.78,6,No,0,2018,0
E13195,Marketing,21,88612.0,3.47,7,No,7,2021,0
E13196,Operations,51,97311.0,4.08,15,No,3,2025,1
E13197,Marketing,30,58191.0,2.17,12,No,7,2026,0
E13198,Sales,39,59920.0,3.22,15,No,0,2023,0
E13199,HR,59,65993.0,3.14,0,Yes,6,2025,0
E13200,Sales,34,73723.0,3.66,3,No,6,2022,0
E13201,HR,47,70678.0,3.96,16,No,4,2024,0
E13202,IT,46,92266.0,4.03,17,No,1,2023,0
E13203,Marketing,32,29860.0,2.05,3,Yes,4,2021,0
E13204,HR,37,65540.0,4.35,9,No,2,2026,0
E13205,Operations,53,67985.0,2.75,16,No,1,2026,0
E13206,Marketing,29,38287.0,2.26,14,No,6,2021,1
E13207,Operations,29,75104.0,3.25,16,Yes,3,2018,0
E13208,Sales,26,37237.0,2.74,7,No,1,2024,0
E13209,Sales,39,53916.0,3.54,11,No,5,2026,0
E13210,Finance,45,67742.0,3.59,1,No,1,2018,0
E13211,HR,43,94428.0,3.21,2,No,6,2024,0
E13212,Operations,24,79849.0,3.75,6,No,2,2021,0
E13213,Finance,22,90402.0,3.37,10,No,4,2019,0
E13214,Marketing,31,61704.0,3.17,2,No,4,2021,0
E13215,Marketing,38,72313.0,3.88,15,No,5,2018,0
E13216,Sales,50,44972.0,3.51,16,No,0,2019,0
E13217,Marketing,47,74879.0,3.75,8,Yes,0,2021,0
E13218,Marketing,56,71416.0,4.16,16,No,7,2019,0
E13219,Sales,44,80432.0,3.62,15,No,0,2024,0
E13220,Sales,25,107710.0,3.68,15,No,2,2026,0
E13221,HR,49,39105.0,4.78,11,Yes,6,2019,0
E13222,IT,40,58112.0,5.0,10,No,2,2020,0
E13223,Sales,40,53843.0,3.51,10,No,4,2020,0
E13224,Finance,24,53184.0,2.9,2,Yes,0,2023,0
E13225,Operations,49,68450.0,2.91,4,Yes,0,2019,0
E13226,Operations,24,45083.0,2.75,7,Yes,4,2022,0
E13227,Sales,37,94911.0,3.96,14,Yes,1,2018,0
E13228,Finance,53,69821.0,2.68,16,No,0,2023,0
E13229,Finance,41,100593.0,4.48,2,No,7,2023,0
E13230,HR,51,67822.0,2.85,8,No,7,2021,0
E13231,Marketing,43,83287.0,3.19,12,Yes,6,2021,0
E13232,Finance,31,66215.0,3.5,12,No,5,2020,0
E13233,Finance,22,61537.0,3.78,3,No,3,2019,0
E13234,Sales,51,53522.0,3.86,13,No,6,2018,0
E13235,Finance,55,78452.0,3.75,9,Yes,0,2019,0
E13236,Sales,27,70432.0,2.47,3,No,3,2026,0
E13237,Sales,28,102019.0,4.03,1,No,7,2020,0
E13238,Sales,42,58146.0,4.21,16,No,5,2023,0
E13239,HR,29,47728.0,3.33,13,No,6,2023,0
E13240,Sales,36,44874.0,3.34,5,No,2,2026,0
E13241,Marketing,54,73137.0,4.08,5,Yes,2,2019,0
E13242,IT,42,77365.0,3.67,9,No,6,2026,0
E13243,IT,40,52097.0,3.93,3,Yes,2,2021,0
E13244,Marketing,45,70427.0,3.03,10,No,5,2022,0
E13245,HR,37,81653.0,2.62,2,Yes,7,2018,0
E13246,Operations,40,43244.0,4.12,17,No,1,2019,0
E13247,Operations,26,110598.0,3.98,15,Yes,6,2020,0
E13248,Operations,56,70413.0,3.86,13,No,0,2019,0
E13249,Sales,29,64551.0,3.18,14,No,4,2023,0
E13250,Operations,47,86813.0,3.84,10,No,2,2021,0
E13251,Operations,48,55294.0,3.61,2,No,6,2021,0
E13252,Sales,23,40397.0,4.27,3,No,2,2019,0
E13253,Marketing,49,70536.0,3.24,10,No,6,2025,0
E13254,Finance,60,32765.0,2.95,8,No,4,2022,0
E13255,Sales,48,64841.0,3.42,2,No,4,2023,0
E13256,IT,51,117726.0,3.63,0,Yes,6,2018,1
E13257,Finance,46,70780.0,3.18,9,Yes,0,2019,0
E13258,Operations,31,72885.0,3.75,8,No,0,2019,1
E13259,IT,22,78978.0,3.19,12,No,4,2019,0
E13260,HR,26,86256.0,4.1,11,No,1,2024,0
E13261,Finance,21,62745.0,3.82,8,Yes,0,2018,0
E13262,IT,38,74769.0,2.29,10,No,1,2021,0
E13263,Finance,34,60330.0,2.43,2,Yes,1,2020,0
E13264,IT,28,46524.0,3.08,16,No,6,2022,0
E13265,Marketing,54,76570.0,3.93,7,No,0,2025,0
E13266,Marketing,57,52840.0,3.76,16,Yes,3,2020,0
E13267,HR,41,35493.0,5.0,10,Yes,6,2018,0
E13268,Sales,51,67323.0,4.34,14,No,3,2018,0
E13269,Sales,22,44405.0,3.49,0,No,7,2024,0
E13270,IT,51,42150.0,3.7,15,No,6,2025,0
E13271,Sales,35,71193.0,1.68,0,Yes,7,2026,0
E13272,Operations,21,52732.0,2.69,7,Yes,3,2020,0
E13273,Sales,30,62033.0,2.26,13,No,7,2022,0
E13274,IT,30,72660.0,4.35,12,Yes,1,2018,1
E13275,Finance,51,68650.0,3.34,3,No,5,2024,0
E13276,Marketing,48,63639.0,3.67,4,No,1,2019,1
E13277,IT,48,74852.0,2.61,1,Yes,3,2023,0
E13278,HR,50,42038.0,2.94,5,Yes,7,2023,0
E13279,IT,41,42040.0,2.98,11,No,2,2026,0
E13280,Operations,40,63034.0,4.15,10,Yes,3,2018,0
E13281,Operations,28,67167.0,4.4,9,No,5,2019,0
E13282,Sales,45,74652.0,2.59,9,Yes,2,2025,0
E13283,Finance,39,77666.0,4.22,16,No,3,2024,0
E13284,IT,25,73790.0,2.92,12,Yes,0,2021,0
E13285,Operations,30,84137.0,4.6,9,No,5,2024,0
E13286,Operations,52,77406.0,3.44,2,No,5,2021,0
E13287,IT,31,59831.0,4.08,9,No,3,2021,0
E13288,Operations,50,58576.0,2.95,12,Yes,5,2025,0
E13289,Operations,60,68213.0,2.84,8,No,3,2021,0
E13290,Operations,29,50319.0,3.24,13,No,4,2022,0
E13291,HR,42,56052.0,2.45,1,No,3,2024,1
E13292,Operations,34,103300.0,2.92,15,Yes,5,2021,1
E13293,Operations,22,89852.0,2.27,13,No,2,2026,0
E13294,Operations,53,73250.0,3.73,2,No,2,2020,0
E13295,Marketing,52,62669.0,4.39,7,No,7,2021,0
E13296,HR,30,53986.0,4.02,4,No,0,2020,0
E13297,IT,34,77355.0,3.71,17,No,4,2021,0
E13298,IT,53,80020.0,4.83,11,Yes,5,2025,0
E13299,Finance,23,83920.0,2.91,6,No,1,2022,0
E13300,Sales,53,64403.0,3.7,6,No,3,2020,0
E13301,IT,29,66852.0,3.37,2,No,1,2022,0
E13302,IT,37,80370.0,3.24,10,No,0,2019,0
E13303,Sales,57,56358.0,3.28,15,No,1,2021,0
E13304,Finance,53,73486.0,2.91,5,No,5,2025,0
E13305,Sales,35,63313.0,3.15,0,Yes,2,2018,0
E13306,Marketing,41,58426.0,3.62,8,No,5,2019,0
E13307,Sales,21,76286.0,2.56,13,No,6,2022,0
E13308,HR,60,90750.0,4.37,7,Yes,2,2022,0
E13309,Finance,59,42279.0,3.52,13,No,0,2018,0
E13310,HR,34,28000.0,3.57,11,No,1,2019,0
E13311,IT,31,69293.0,3.85,11,No,4,2025,0
E13312,HR,25,79512.0,3.8,0,No,1,2023,0
E13313,Operations,33,40744.0,3.38,13,No,7,2025,0
E13314,Sales,23,68165.0,3.28,0,No,4,2023,0
E13315,Marketing,26,65383.0,3.5,11,No,2,2024,0
E13316,Operations,60,57331.0,3.75,12,No,2,2019,0
E13317,Marketing,37,46054.0,2.47,12,Yes,6,2021,1
E13318,Finance,23,45068.0,4.19,5,Yes,2,2022,1
E13319,Marketing,53,29813.0,3.88,11,Yes,3,2022,0
E13320,Operations,49,60895.0,2.18,10,Yes,4,2021,1
E13321,Operations,33,50703.0,3.32,2,Yes,3,2020,0
E13322,HR,59,86702.0,3.95,7,No,4,2022,0
E13323,Operations,43,91711.0,4.1,5,Yes,6,2022,0
E13324,Sales,45,88868.0,3.34,13,No,0,2021,0
E13325,Sales,59,56856.0,3.86,7,Yes,2,2020,0
E13326,Operations,36,68995.0,3.17,3,No,5,2019,0
E13327,Operations,28,77384.0,4.23,4,Yes,2,2024,0
E13328,Sales,31,46513.0,4.41,12,No,2,2018,0
E13329,IT,56,34711.0,4.06,10,No,0,2018,0
E13330,Sales,57,62337.0,3.69,12,No,7,2019,0
E13331,HR,33,67046.0,4.1,2,No,6,2018,0
E13332,HR,40,59913.0,3.01,6,No,2,2021,0
E13333,Sales,57,57410.0,1.79,9,No,6,2023,0
E13334,IT,38,80315.0,4.03,11,No,6,2020,0
E13335,Finance,36,59600.0,3.47,11,No,1,2023,0
E13336,Operations,29,53843.0,3.31,13,No,7,2018,0
E13337,Marketing,25,77220.0,3.45,9,No,0,2026,0
E13338,Operations,55,91386.0,2.78,2,Yes,1,2018,0
E13339,Operations,50,72949.0,2.18,16,No,5,2023,0
E13340,Sales,38,79440.0,3.32,17,No,4,2024,0
E13341,IT,26,76889.0,3.63,0,No,6,2025,0
E13342,Finance,23,43234.0,4.46,11,Yes,2,2023,0
E13343,IT,51,85359.0,3.8,10,Yes,4,2022,0
E13344,Operations,36,81047.0,3.59,10,No,7,2018,0
E13345,Finance,55,54876.0,3.27,11,Yes,7,2018,0
E13346,Operations,27,59343.0,3.25,7,No,7,2022,0
E13347,IT,35,58092.0,3.72,8,No,1,2018,0
E13348,Sales,26,72998.0,4.9,0,No,0,2021,0
E13349,IT,34,54557.0,3.62,8,No,5,2024,0
E13350,Operations,26,79953.0,4.16,4,No,6,2026,0
E13351,Operations,42,43182.0,2.98,10,Yes,6,2018,0
E13352,Sales,30,76509.0,4.15,14,No,0,2020,0
E13353,IT,32,55548.0,2.75,17,No,7,2020,0
E13354,Finance,40,68190.0,3.51,16,No,5,2019,0
E13355,Operations,45,49708.0,4.09,14,No,2,2024,0
E13356,Sales,25,80970.0,2.96,0,No,4,2026,0
E13357,Marketing,37,70036.0,3.65,6,No,7,2018,0
E13358,Sales,35,57217.0,2.56,15,No,1,2022,0
E13359,IT,35,72448.0,3.2,16,No,0,2026,0
E13360,HR,51,76327.0,2.61,15,Yes,0,2020,1
E13361,HR,58,66178.0,2.52,1,No,3,2023,0
E13362,HR,46,72073.0,4.04,16,Yes,6,2018,0
E13363,Sales,54,69174.0,2.32,9,No,7,2019,1
E13364,Marketing,21,65486.0,3.81,15,No,2,2022,0
E13365,Marketing,43,72295.0,3.66,13,No,4,2018,0
E13366,Sales,55,54580.0,2.87,3,Yes,1,2018,0
E13367,HR,22,56089.0,4.36,10,No,5,2021,0
E13368,IT,51,92317.0,3.92,11,No,0,2025,0
E13369,Operations,50,78452.0,3.24,4,Yes,3,2026,1
E13370,Sales,36,74477.0,2.86,13,No,7,2018,0
E13371,Marketing,33,72174.0,4.5,12,Yes,4,2020,0
E13372,IT,60,71738.0,4.21,6,No,0,2025,0
E13373,Operations,28,68502.0,3.96,17,Yes,0,2020,0
E13374,Sales,25,77349.0,2.75,3,Yes,1,2025,0
E13375,Marketing,54,63309.0,3.62,17,Yes,5,2024,0
E13376,Marketing,60,59447.0,2.72,9,No,7,2023,0
E13377,Operations,30,75554.0,3.46,7,Yes,0,2026,0
E13378,Operations,51,58791.0,3.67,7,Yes,4,2025,0
E13379,Sales,57,86632.0,4.6,6,Yes,5,2019,0
E13380,IT,53,91469.0,3.29,13,Yes,0,2023,0
E13381,Finance,45,52753.0,2.88,10,No,4,2026,0
E13382,Sales,40,39954.0,3.52,2,No,6,2021,0
E13383,Sales,31,67727.0,3.37,12,No,3,2019,0
E13384,Operations,41,63800.0,4.81,9,No,7,2023,0
E13385,Sales,22,41668.0,4.8,8,No,0,2021,0
E13386,HR,51,67974.0,4.38,15,Yes,2,2023,0
E13387,Marketing,21,77464.0,3.81,13,No,1,2026,0
E13388,IT,60,28395.0,2.26,2,No,1,2021,0
E13389,Sales,56,74076.0,2.85,5,Yes,7,2024,0
E13390,Sales,23,66389.0,3.46,8,No,0,2025,0
E13391,HR,29,85040.0,3.87,16,No,5,2019,0
E13392,Marketing,49,83674.0,3.96,3,No,4,2021,0
E13393,HR,47,30480.0,4.25,17,No,5,2021,0
E13394,Sales,35,47470.0,4.33,10,Yes,2,2020,1
E13395,Operations,52,47833.0,1.73,3,No,0,2025,0
E13396,Finance,36,74018.0,3.33,17,Yes,2,2025,0
E13397,Operations,43,72073.0,3.58,14,No,4,2025,0
E13398,Marketing,41,42072.0,3.65,5,No,3,2022,0
E13399,Operations,54,55606.0,3.11,12,No,7,2024,0
E13400,Operations,40,45038.0,2.98,17,Yes,0,2026,0
E13401,Operations,49,80310.0,1.91,7,No,0,2022,1
E13402,HR,31,43105.0,3.78,11,No,7,2018,0
E13403,Marketing,50,75240.0,2.72,6,No,1,2021,0
E13404,Finance,59,68818.0,2.39,4,No,6,2026,0
E13405,IT,22,80477.0,3.25,6,No,0,2020,0
E13406,Marketing,33,67298.0,3.88,9,Yes,5,2024,0
E13407,Operations,31,64749.0,2.93,14,No,3,2026,0
E13408,Sales,60,84424.0,2.78,12,Yes,3,2022,1
E13409,IT,49,58725.0,4.25,5,No,7,2024,0
E13410,IT,50,56979.0,3.82,6,No,6,2025,0
E13411,Operations,40,79880.0,2.44,13,Yes,3,2022,0
E13412,Sales,34,76094.0,2.91,15,No,5,2024,1
E13413,Operations,37,60757.0,4.28,4,No,5,2020,0
E13414,Marketing,36,43432.0,3.33,0,No,0,2021,0
E13415,Finance,46,37478.0,3.83,9,No,3,2024,0
E13416,Finance,29,52280.0,3.04,2,No,2,2020,0
E13417,Finance,32,28000.0,3.35,17,Yes,3,2025,0
E13418,IT,34,53799.0,4.07,15,Yes,2,2022,0
E13419,Operations,43,55764.0,3.29,17,No,3,2020,0
E13420,Finance,29,54720.0,2.69,14,No,6,2019,0
E13421,HR,42,57117.0,2.91,14,Yes,6,2023,0
E13422,IT,33,86138.0,4.09,1,Yes,0,2025,0
E13423,Sales,58,59179.0,3.75,13,Yes,6,2018,0
E13424,Operations,40,54843.0,3.01,15,Yes,2,2024,0
E13425,IT,55,70024.0,5.0,15,No,2,2026,0
E13426,Finance,48,58420.0,3.84,8,Yes,7,2023,0
E13427,Operations,50,31351.0,3.63,14,No,7,2025,0
E13428,Operations,39,28000.0,2.67,12,No,0,2024,0
E13429,Operations,56,63840.0,2.69,5,No,3,2018,0
E13430,IT,42,66118.0,3.1,7,No,0,2022,0
E13431,Sales,59,76786.0,3.84,0,Yes,4,2019,0
E13432,Finance,53,48324.0,4.06,14,No,3,2022,0
E13433,Operations,57,43862.0,2.68,11,Yes,4,2026,1
E13434,HR,25,66884.0,1.7,14,No,4,2022,0
E13435,Sales,46,73501.0,3.8,5,No,1,2018,0
E13436,Sales,42,38610.0,3.48,14,Yes,7,2024,1
E13437,Finance,28,76525.0,2.46,12,No,1,2026,0
E13438,IT,31,55290.0,4.93,6,No,5,2025,0
E13439,IT,29,57587.0,3.46,13,Yes,2,2019,0
E13440,Operations,48,69939.0,4.21,8,Yes,6,2025,0
E13441,Operations,23,60856.0,3.79,13,Yes,1,2019,0
E13442,Finance,34,41576.0,1.56,0,No,5,2025,0
E13443,Marketing,55,69528.0,3.06,15,Yes,1,2025,1
E13444,Marketing,49,63789.0,3.62,7,Yes,0,2024,0
E13445,Operations,26,106627.0,3.32,3,No,2,2025,0
E13446,IT,22,47841.0,3.24,13,No,0,2025,1
E13447,Operations,29,95138.0,3.78,16,No,1,2018,0
E13448,Sales,44,79287.0,2.88,4,No,3,2021,0
E13449,IT,60,33522.0,4.13,15,Yes,0,2024,1
E13450,Operations,48,42467.0,3.45,17,No,3,2020,0
E13451,IT,43,57885.0,3.43,7,No,3,2026,0
E13452,Marketing,53,53496.0,2.79,15,No,0,2025,0
E13453,Marketing,43,84868.0,3.08,16,Yes,4,2024,0
E13454,Operations,43,60091.0,3.77,4,No,4,2022,0
E13455,Marketing,34,85366.0,2.28,7,No,0,2019,0
E13456,Sales,40,85330.0,2.29,10,Yes,4,2026,0
E13457,Finance,43,68654.0,2.89,15,No,6,2025,0
E13458,Marketing,42,81192.0,2.88,16,Yes,3,2026,0
E13459,Finance,26,58734.0,3.24,3,No,1,2018,0
E13460,Operations,53,40238.0,4.22,3,Yes,1,2025,1
E13461,Sales,54,86725.0,2.21,5,Yes,3,2021,0
E13462,Marketing,29,82487.0,4.18,12,No,2,2021,0
E13463,IT,58,65591.0,3.73,5,No,5,2018,0
E13464,Operations,21,32808.0,3.42,15,No,1,2026,0
E13465,Operations,45,51733.0,2.77,9,No,5,2018,0
E13466,Sales,38,30796.0,4.38,4,No,6,2021,0
E13467,IT,42,59859.0,2.78,7,Yes,1,2021,1
E13468,Sales,27,65983.0,3.17,1,Yes,2,2026,0
E13469,IT,57,64509.0,2.14,6,Yes,4,2026,0
E13470,Marketing,51,53824.0,1.87,17,Yes,5,2023,0
E13471,Sales,40,54747.0,5.0,16,Yes,5,2020,0
E13472,Sales,23,69047.0,4.87,8,No,5,2023,0
E13473,Operations,39,35840.0,3.83,13,No,1,2021,0
E13474,Finance,42,86367.0,2.61,2,No,5,2020,0
E13475,Sales,24,37935.0,2.98,8,Yes,3,2020,0
E13476,Operations,55,38906.0,4.05,15,No,1,2024,0
E13477,Operations,36,53125.0,3.18,7,Yes,6,2026,0
E13478,Operations,53,61764.0,3.83,6,Yes,6,2026,0
E13479,Sales,33,90442.0,3.18,16,No,6,2020,0
E13480,Finance,57,74270.0,3.43,11,Yes,6,2020,0
E13481,Operations,60,70597.0,4.01,14,Yes,2,2023,1
E13482,Sales,24,53115.0,4.37,7,Yes,3,2022,0
E13483,IT,35,63559.0,2.71,17,No,2,2020,0
E13484,Sales,50,71447.0,3.04,10,Yes,3,2019,0
E13485,Operations,31,70821.0,3.27,0,Yes,7,2018,0
E13486,Sales,40,57662.0,3.67,14,No,1,2018,0
E13487,Sales,57,75658.0,3.63,6,Yes,1,2022,0
E13488,Operations,41,91369.0,4.09,10,No,1,2018,0
E13489,Marketing,34,62139.0,3.49,16,Yes,5,2024,0
E13490,Operations,28,119081.0,3.72,10,No,6,2023,0
E13491,Marketing,43,102288.0,3.48,13,Yes,1,2026,1
E13492,IT,49,44039.0,3.78,16,Yes,7,2018,0
E13493,Marketing,26,80187.0,3.01,5,Yes,6,2020,0
E13494,Sales,36,35650.0,3.46,14,Yes,6,2021,0
E13495,Sales,44,61670.0,4.48,15,No,2,2021,1
E13496,Finance,30,65464.0,3.33,7,Yes,2,2024,0
E13497,IT,30,60097.0,3.31,1,Yes,4,2021,0
E13498,HR,46,68790.0,2.06,13,No,6,2022,0
E13499,IT,60,72943.0,4.26,3,No,6,2025,0
E13500,Sales,47,28000.0,3.49,1,No,0,2022,0
E13501,Operations,45,51126.0,3.37,13,No,2,2019,0
E13502,Operations,36,79888.0,4.97,11,No,6,2020,0
E13503,Operations,59,85617.0,1.75,12,No,3,2026,0
E13504,IT,55,80256.0,1.42,11,Yes,5,2022,0
E13505,Sales,30,72335.0,4.06,0,No,1,2024,0
E13506,IT,32,89170.0,3.75,2,No,7,2018,0
E13507,IT,27,60799.0,2.88,8,Yes,7,2019,0
E13508,IT,50,71144.0,3.75,8,No,3,2026,0
E13509,Sales,22,71809.0,3.01,8,No,7,2020,0
E13510,Marketing,28,68310.0,1.58,1,No,0,2018,0
E13511,HR,39,43430.0,3.41,6,Yes,1,2019,0
E13512,Operations,35,48845.0,5.0,2,No,6,2026,0
E13513,Finance,49,53568.0,3.13,5,No,5,2026,0
E13514,Sales,53,72696.0,2.74,15,Yes,1,2020,1
E13515,Operations,41,74415.0,3.59,11,No,3,2023,0
E13516,IT,34,28000.0,3.85,14,Yes,7,2024,0
E13517,Sales,26,84272.0,3.25,2,No,1,2026,0
E13518,Operations,54,61902.0,2.98,2,Yes,7,2023,0
E13519,Operations,46,65693.0,2.57,4,No,2,2026,0
E13520,Sales,59,78680.0,2.96,4,No,5,2022,0
E13521,IT,22,38437.0,3.32,16,No,4,2019,0
E13522,Marketing,47,51369.0,4.0,13,Yes,7,2022,0
E13523,Sales,40,59417.0,3.84,13,No,1,2024,0
E13524,Sales,34,73622.0,3.02,16,No,5,2024,0
E13525,Marketing,50,35657.0,3.15,16,No,3,2023,0
E13526,Sales,33,46649.0,3.73,16,No,1,2022,0
E13527,Finance,22,28000.0,3.16,1,Yes,6,2024,0
E13528,Sales,37,60678.0,4.09,14,No,2,2023,0
E13529,IT,52,33105.0,2.16,13,No,6,2021,1
E13530,Finance,25,71795.0,3.78,10,No,0,2019,0
E13531,Marketing,56,88877.0,3.2,13,No,2,2023,0
E13532,Sales,44,53214.0,4.15,10,Yes,0,2023,0
E13533,Operations,30,78189.0,4.03,3,Yes,5,2018,0
E13534,Marketing,36,64136.0,3.7,17,No,0,2018,0
E13535,IT,40,76211.0,2.1,10,Yes,6,2020,0
E13536,Operations,40,76191.0,2.35,13,Yes,1,2020,0
E13537,Operations,28,83804.0,2.65,4,No,0,2020,0
E13538,Sales,51,62621.0,3.18,1,Yes,5,2024,0
E13539,Sales,31,73262.0,2.93,7,No,3,2020,0
E13540,Operations,44,38999.0,2.45,3,Yes,1,2025,1
E13541,IT,56,66095.0,3.09,3,No,5,2026,1
E13542,Marketing,48,69822.0,3.35,9,No,0,2023,0
E13543,HR,25,86000.0,2.95,4,No,7,2023,1
E13544,IT,41,55481.0,2.95,2,No,7,2020,0
E13545,IT,54,46006.0,3.58,10,No,1,2020,0
E13546,IT,56,96908.0,4.0,12,Yes,6,2019,0
E13547,IT,60,45703.0,2.99,9,Yes,7,2021,0
E13548,Sales,27,70772.0,2.51,3,No,4,2019,0
E13549,HR,33,62292.0,3.48,17,Yes,2,2021,1
E13550,Marketing,39,34234.0,3.96,3,No,7,2020,0
E13551,Marketing,29,69930.0,3.68,2,No,7,2021,1
E13552,Operations,49,46165.0,2.62,7,No,7,2020,0
E13553,Operations,25,45748.0,2.15,2,No,2,2018,0
E13554,Sales,53,78641.0,4.69,16,No,5,2021,0
E13555,Marketing,25,67281.0,3.0,10,No,3,2020,0
E13556,Operations,52,74368.0,3.4,12,No,0,2024,0
E13557,Sales,38,37753.0,4.38,14,No,6,2023,0
E13558,IT,32,84199.0,5.0,2,Yes,3,2019,0
E13559,IT,60,42290.0,3.28,11,No,1,2024,0
E13560,Marketing,49,60410.0,2.94,17,No,5,2025,0
E13561,Finance,59,58128.0,2.93,6,No,6,2019,0
E13562,Sales,47,90193.0,1.47,8,No,5,2018,0
E13563,IT,57,59658.0,4.27,8,Yes,2,2022,0
E13564,Finance,55,71243.0,3.01,13,No,1,2025,0
E13565,IT,30,41444.0,2.82,14,No,4,2021,0
E13566,Operations,32,66574.0,3.77,5,No,3,2025,0
E13567,Marketing,36,57211.0,3.82,6,Yes,5,2019,0
E13568,Sales,26,77705.0,5.0,10,No,0,2019,0
E13569,IT,25,78642.0,1.47,17,No,7,2018,1
E13570,IT,48,66451.0,4.09,17,No,1,2019,0
E13571,Marketing,28,84489.0,2.07,2,No,5,2022,0
E13572,Marketing,29,48024.0,2.99,9,No,2,2023,0
E13573,IT,36,76785.0,2.94,0,No,7,2023,0
E13574,Sales,47,51639.0,4.66,12,Yes,2,2018,1
E13575,Finance,46,74135.0,3.24,10,Yes,0,2024,1
E13576,Operations,51,37232.0,3.41,5,No,0,2021,0
E13577,IT,39,51015.0,3.8,9,No,0,2020,0
E13578,Sales,36,57194.0,3.36,13,No,4,2025,0
E13579,IT,55,43675.0,4.41,11,No,3,2026,0
E13580,Sales,46,60622.0,2.57,2,No,0,2022,1
E13581,HR,27,44687.0,3.07,5,Yes,5,2020,1
E13582,Sales,40,63655.0,3.21,3,No,2,2018,0
E13583,Marketing,55,37629.0,3.99,16,No,2,2022,0
E13584,IT,46,71575.0,2.73,11,No,6,2024,0
E13585,Operations,38,64706.0,3.64,16,Yes,5,2024,0
E13586,Marketing,54,82665.0,3.9,17,No,1,2019,0
E13587,Sales,31,44410.0,2.47,2,Yes,2,2025,0
E13588,IT,24,55804.0,2.23,15,No,0,2022,0
E13589,Operations,26,56837.0,1.7,6,Yes,5,2025,1
E13590,Finance,39,38335.0,2.91,14,No,0,2018,0
E13591,Operations,46,71201.0,4.25,8,No,3,2018,0
E13592,Operations,32,49103.0,2.77,4,Yes,5,2020,1
E13593,Sales,35,61860.0,4.13,3,No,6,2019,0
E13594,Operations,27,55872.0,2.49,8,No,7,2021,0
E13595,Operations,43,86176.0,1.91,8,Yes,1,2025,0
E13596,Finance,37,69279.0,3.16,7,No,1,2025,0
E13597,HR,31,46411.0,2.98,7,Yes,7,2024,1
E13598,Operations,59,49150.0,5.0,17,No,6,2018,0
E13599,IT,60,51640.0,4.81,3,No,5,2020,0
E13600,IT,38,49754.0,4.25,4,No,1,2018,0
E13601,IT,30,70513.0,2.58,11,No,1,2025,0
E13602,IT,46,46498.0,3.64,1,No,2,2019,0
E13603,Operations,28,44507.0,3.77,10,No,5,2026,0
E13604,Sales,58,37982.0,5.0,5,No,0,2026,0
E13605,Operations,57,35748.0,3.96,10,No,3,2024,0
E13606,Sales,27,49662.0,2.86,8,Yes,3,2023,0
E13607,Operations,46,50467.0,3.63,13,No,6,2022,0
E13608,Sales,54,75490.0,2.56,1,No,1,2026,0
E13609,Operations,60,58949.0,4.53,16,Yes,1,2024,1
E13610,Operations,24,65486.0,2.46,10,No,7,2023,0
E13611,IT,24,79026.0,3.47,0,No,3,2022,0
E13612,Sales,26,55566.0,3.55,12,No,2,2021,0
E13613,IT,52,73952.0,2.73,9,No,7,2020,0
E13614,Sales,57,67629.0,3.17,6,Yes,5,2020,0
E13615,Marketing,28,76440.0,2.52,14,No,0,2025,0
E13616,Marketing,23,98881.0,2.97,13,No,4,2022,0
E13617,Operations,47,80931.0,2.54,5,No,7,2025,0
E13618,Sales,30,47226.0,2.82,10,No,2,2026,0
E13619,Operations,50,52469.0,1.86,3,No,2,2025,0
E13620,Operations,55,79161.0,4.17,12,No,7,2025,0
E13621,Marketing,31,57513.0,1.93,16,Yes,0,2024,0
E13622,Marketing,32,46782.0,2.78,3,Yes,7,2019,0
E13623,IT,33,52937.0,2.75,2,Yes,1,2020,0
E13624,Marketing,39,91554.0,3.57,7,No,4,2021,0
E13625,IT,21,63372.0,2.79,6,No,7,2023,1
E13626,IT,55,71121.0,3.94,8,Yes,4,2026,0
E13627,Operations,39,39492.0,2.41,7,No,4,2026,0
E13628,Operations,57,56349.0,4.33,8,No,7,2024,0
E13629,Operations,26,84213.0,4.19,6,No,5,2022,0
E13630,Sales,27,73484.0,3.23,13,Yes,5,2019,1
E13631,Sales,50,38495.0,4.35,6,Yes,4,2020,0
E13632,Operations,33,72638.0,3.06,1,No,3,2022,1
E13633,Sales,42,46983.0,2.39,17,No,5,2022,0
E13634,Sales,48,73232.0,3.09,12,No,1,2026,0
E13635,Sales,51,57998.0,3.27,17,No,1,2026,0
E13636,Marketing,42,61183.0,3.65,8,No,3,2025,0
E13637,Sales,43,88834.0,3.87,12,No,2,2023,1
E13638,IT,34,32919.0,4.15,9,No,0,2022,0
E13639,Sales,23,50878.0,2.73,4,No,6,2018,1
E13640,HR,26,55338.0,4.81,17,No,6,2024,0
E13641,Operations,43,41374.0,4.12,17,Yes,4,2023,0
E13642,Marketing,54,87278.0,3.58,12,Yes,3,2019,0
E13643,IT,36,40940.0,3.65,2,No,4,2021,0
E13644,Sales,42,62739.0,3.17,13,No,7,2026,1
E13645,Operations,39,84330.0,2.53,7,No,7,2019,0
E13646,Sales,37,49283.0,4.88,10,Yes,2,2019,0
E13647,Operations,38,86241.0,3.45,13,No,2,2022,0
E13648,Sales,52,67217.0,3.46,8,No,6,2019,0
E13649,Operations,22,50318.0,3.86,15,Yes,3,2022,0
E13650,Sales,23,63318.0,3.01,0,No,6,2025,0
E13651,Operations,48,64058.0,2.76,2,No,3,2024,0
E13652,IT,39,35185.0,2.52,4,No,2,2022,0
E13653,Operations,50,64344.0,3.75,1,No,0,2024,0
E13654,Sales,41,50451.0,3.68,6,No,1,2020,0
E13655,Operations,50,62913.0,2.8,0,Yes,3,2024,0
E13656,Marketing,29,87541.0,2.47,11,No,0,2024,0
E13657,Finance,39,68040.0,3.87,6,No,7,2022,0
E13658,IT,57,90891.0,3.42,8,No,7,2026,0
E13659,Sales,50,82208.0,3.62,2,Yes,5,2022,1
E13660,Operations,46,28000.0,2.96,1,No,3,2022,1
E13661,IT,23,77460.0,4.01,10,No,4,2025,0
E13662,Finance,56,84326.0,1.8,2,Yes,4,2018,0
E13663,Operations,51,64124.0,2.92,0,No,1,2018,0
E13664,Marketing,47,114219.0,2.72,5,Yes,7,2021,1
E13665,IT,25,46594.0,4.45,14,No,6,2022,0
E13666,HR,39,77360.0,3.81,8,Yes,1,2025,0
E13667,HR,54,68899.0,3.39,15,No,0,2025,0
E13668,Finance,22,94413.0,4.25,8,No,6,2022,0
E13669,IT,36,49535.0,4.03,0,No,0,2021,0
E13670,Finance,55,28000.0,3.37,7,No,1,2025,0
E13671,Operations,41,55413.0,2.04,11,No,7,2022,0
E13672,Operations,34,66975.0,3.62,3,No,0,2026,0
E13673,Sales,30,96509.0,1.61,0,Yes,6,2024,0
E13674,Finance,29,84005.0,2.59,0,No,3,2019,0
E13675,Finance,40,61345.0,1.8,12,No,5,2026,0
E13676,Operations,53,56799.0,4.4,14,No,0,2022,1
E13677,Sales,40,60714.0,2.84,7,No,1,2022,0
E13678,Operations,44,76721.0,3.5,13,No,0,2023,0
E13679,Marketing,50,79199.0,3.48,14,No,0,2026,0
E13680,Marketing,46,59182.0,3.48,14,No,7,2025,0
E13681,Operations,46,83193.0,4.95,12,Yes,1,2023,0
E13682,Finance,54,77583.0,2.66,16,No,5,2023,0
E13683,Operations,32,68979.0,3.96,17,No,7,2018,0
E13684,Marketing,49,48879.0,2.9,5,No,4,2026,0
E13685,Sales,50,75908.0,2.22,7,Yes,3,2026,0
E13686,Finance,28,65667.0,4.93,17,Yes,2,2026,0
E13687,Sales,37,50125.0,2.52,16,Yes,3,2020,0
E13688,Sales,29,74052.0,3.18,4,No,1,2025,0
E13689,HR,48,62734.0,2.24,7,No,5,2018,0
E13690,HR,21,44629.0,3.45,3,Yes,5,2026,0
E13691,Sales,34,70321.0,4.05,10,No,5,2024,0
E13692,Sales,28,41594.0,3.05,11,No,6,2024,0
E13693,Marketing,40,81284.0,2.78,11,No,2,2019,0
E13694,Sales,21,74746.0,2.54,4,No,3,2024,0
E13695,Sales,43,59825.0,2.88,3,Yes,7,2022,0
E13696,HR,56,46021.0,4.08,10,Yes,2,2021,0
E13697,HR,26,73853.0,3.6,1,No,2,2023,1
E13698,Sales,52,66365.0,3.88,3,No,2,2019,0
E13699,IT,36,46510.0,1.55,6,No,4,2026,0
E13700,Finance,53,42813.0,5.0,17,Yes,6,2025,1
E13701,Marketing,24,76052.0,3.31,5,No,6,2019,0
E13702,Finance,30,46156.0,3.82,3,Yes,5,2022,0
E13703,Operations,56,105264.0,2.95,14,No,5,2026,0
E13704,Sales,36,52427.0,2.22,10,No,2,2026,0
E13705,Finance,21,29912.0,3.26,12,No,0,2019,0
E13706,Sales,60,75744.0,1.96,16,No,6,2021,1
E13707,Operations,27,60076.0,3.86,9,Yes,7,2023,0
E13708,IT,25,45044.0,2.57,8,No,4,2026,0
E13709,Operations,25,63051.0,2.58,9,No,5,2024,0
E13710,Operations,47,79545.0,3.38,12,No,0,2024,0
E13711,IT,34,66945.0,2.87,9,No,7,2024,0
E13712,Operations,53,30767.0,2.99,14,No,4,2026,0
E13713,Operations,42,79196.0,3.48,15,No,3,2019,0
E13714,HR,32,91490.0,3.43,1,No,7,2024,0
E13715,IT,58,49177.0,3.76,7,No,7,2025,0
E13716,IT,23,55706.0,3.81,9,No,5,2019,0
E13717,Sales,49,54037.0,4.29,7,No,6,2025,1
E13718,Marketing,55,63220.0,3.54,15,No,3,2018,0
E13719,IT,35,28135.0,3.7,15,No,1,2021,0
E13720,Marketing,25,52162.0,3.09,15,Yes,2,2026,0
E13721,IT,49,60561.0,3.88,7,No,2,2019,0
E13722,Marketing,36,73781.0,2.99,2,Yes,0,2025,0
E13723,Sales,21,65568.0,3.26,4,Yes,0,2020,0
E13724,IT,56,82311.0,4.27,16,No,4,2024,0
E13725,Marketing,25,68294.0,4.41,9,No,2,2021,0
E13726,Finance,47,67365.0,5.0,5,No,3,2024,0
E13727,Finance,45,67707.0,3.47,10,No,0,2021,0
E13728,Marketing,45,63276.0,2.52,2,No,6,2018,0
E13729,HR,21,75124.0,4.5,6,Yes,2,2022,0
E13730,Operations,53,61162.0,2.09,8,No,3,2025,0
E13731,Marketing,52,73273.0,4.15,5,No,0,2023,0
E13732,IT,22,55212.0,3.26,4,No,2,2022,1
E13733,Marketing,47,30500.0,4.42,10,No,4,2021,0
E13734,Finance,42,68146.0,3.52,15,Yes,1,2019,0
E13735,Operations,57,57005.0,3.66,11,No,5,2025,0
E13736,Sales,26,39598.0,3.5,10,No,5,2024,0
E13737,Finance,54,52277.0,4.15,7,No,3,2026,0
E13738,Operations,24,83556.0,3.62,0,Yes,4,2018,0
E13739,Finance,41,43801.0,4.2,13,No,7,2018,0
E13740,HR,57,69767.0,3.6,4,No,7,2018,0
E13741,Finance,21,57326.0,3.48,15,No,7,2020,0
E13742,Operations,34,62612.0,3.44,7,No,0,2024,0
E13743,Operations,30,28000.0,2.26,12,No,6,2021,0
E13744,Marketing,47,58019.0,3.31,3,No,1,2020,0
E13745,Operations,31,63857.0,3.13,4,No,1,2024,0
E13746,IT,32,76806.0,2.72,11,No,2,2024,0
E13747,Operations,55,61070.0,3.27,5,No,3,2019,0
E13748,IT,24,47657.0,3.29,14,Yes,1,2019,0
E13749,Operations,21,45955.0,3.77,4,Yes,1,2021,0
E13750,Operations,53,65963.0,3.25,1,No,0,2020,0
E13751,Finance,31,65693.0,2.75,6,Yes,3,2018,1
E13752,Operations,30,51317.0,3.43,3,No,5,2022,0
E13753,Marketing,45,52809.0,3.09,5,No,2,2019,0
E13754,Sales,59,68680.0,3.53,3,Yes,4,2021,0
E13755,IT,33,71072.0,3.53,0,No,1,2025,0
E13756,Operations,23,59712.0,3.28,14,Yes,0,2022,1
E13757,HR,53,69096.0,3.47,15,No,5,2024,0
E13758,HR,54,28000.0,4.36,8,No,0,2018,0
E13759,Marketing,58,52532.0,2.67,16,Yes,3,2022,0
E13760,Finance,52,78823.0,3.87,13,No,1,2019,0
E13761,Finance,37,33340.0,4.6,14,No,7,2026,0
E13762,IT,43,55712.0,2.48,9,No,1,2025,0
E13763,Marketing,25,57039.0,3.73,8,No,6,2023,1
E13764,Operations,38,71457.0,4.32,10,No,1,2019,0
E13765,HR,22,44822.0,2.98,0,Yes,1,2024,1
E13766,Finance,24,93235.0,2.62,5,No,4,2020,0
E13767,IT,58,90694.0,3.59,5,No,0,2024,0
E13768,Finance,23,55157.0,2.95,1,Yes,3,2023,0
E13769,Operations,49,75450.0,2.61,9,No,6,2022,1
E13770,Marketing,49,42797.0,3.39,4,No,2,2018,0
E13771,Marketing,39,60531.0,3.71,2,No,1,2025,0
E13772,Finance,26,53179.0,3.91,12,No,7,2022,0
E13773,Operations,47,36299.0,3.63,3,No,1,2021,1
E13774,Operations,51,52466.0,3.92,12,No,4,2024,0
E13775,IT,44,76118.0,4.11,7,Yes,6,2024,0
E13776,Operations,55,78252.0,3.21,0,No,7,2020,0
E13777,Sales,47,81682.0,3.39,15,No,0,2019,0
E13778,Sales,23,82231.0,2.57,1,No,6,2022,0
E13779,Sales,28,78110.0,3.3,14,No,1,2025,0
E13780,Marketing,26,63624.0,2.23,2,No,2,2025,0
E13781,Operations,29,48325.0,2.42,4,Yes,5,2022,0
E13782,Operations,34,86646.0,3.22,11,No,4,2019,0
E13783,HR,55,77400.0,3.78,10,No,7,2020,0
E13784,IT,27,68800.0,2.42,11,No,4,2023,0
E13785,Finance,48,82073.0,4.11,13,No,2,2020,0
E13786,IT,22,52793.0,3.43,12,No,4,2018,0
E13787,IT,41,61280.0,4.27,2,Yes,2,2025,0
E13788,Operations,50,77110.0,3.79,9,No,5,2023,0
E13789,HR,46,39236.0,3.08,12,No,1,2022,0
E13790,Marketing,39,79923.0,3.2,6,Yes,1,2025,0
E13791,Operations,23,61261.0,4.19,14,No,6,2018,0
E13792,Sales,23,46593.0,3.04,1,No,0,2022,1
E13793,Sales,47,47226.0,3.07,4,Yes,7,2024,0
E13794,Marketing,43,75311.0,2.93,6,No,1,2019,0
E13795,Operations,58,66199.0,2.71,13,Yes,0,2019,0
E13796,HR,46,69878.0,4.08,0,No,1,2022,0
E13797,HR,32,65560.0,3.41,7,No,2,2025,0
E13798,HR,23,68840.0,4.07,1,No,2,2025,0
E13799,HR,53,51957.0,3.24,2,No,2,2018,0
E13800,Sales,21,38271.0,3.55,0,No,3,2020,0
E13801,Sales,58,55232.0,3.21,8,No,3,2020,0
E13802,Sales,41,46731.0,3.67,9,Yes,6,2018,0
E13803,IT,26,90650.0,5.0,2,No,6,2019,0
E13804,Finance,33,73120.0,2.65,9,Yes,6,2025,1
E13805,Sales,35,50935.0,3.29,13,No,0,2025,0
E13806,Marketing,57,62669.0,2.75,16,No,2,2025,0
E13807,Finance,32,71025.0,3.33,1,No,4,2018,1
E13808,IT,47,68987.0,3.66,8,No,2,2018,1
E13809,IT,24,54011.0,4.12,17,No,1,2026,0
E13810,Sales,26,75657.0,2.86,16,No,3,2024,0
E13811,Sales,58,88989.0,4.22,17,No,4,2019,0
E13812,Sales,49,56135.0,2.87,17,No,7,2018,0
E13813,Operations,23,37793.0,3.65,12,Yes,1,2022,0
E13814,Operations,48,28000.0,3.23,0,No,5,2026,0
E13815,Operations,32,82708.0,2.65,10,No,7,2020,0
E13816,Sales,47,71777.0,4.25,3,No,3,2021,1
E13817,IT,47,49800.0,2.72,13,No,2,2021,0
E13818,Sales,42,54438.0,3.81,0,No,6,2022,0
E13819,Sales,49,64210.0,3.2,0,No,2,2018,0
E13820,Sales,31,89787.0,2.92,9,No,6,2025,0
E13821,Operations,51,65904.0,3.78,9,No,6,2025,0
E13822,Finance,42,72971.0,2.87,16,No,2,2020,0
E13823,Sales,55,81994.0,3.12,15,Yes,1,2022,0
E13824,Sales,53,49899.0,3.28,13,No,1,2024,0
E13825,Finance,34,70694.0,3.34,5,No,0,2018,0
E13826,Finance,45,37961.0,3.11,6,Yes,2,2023,0
E13827,Operations,30,53629.0,3.25,17,No,1,2022,0
E13828,Marketing,42,96438.0,3.99,11,No,6,2018,0
E13829,IT,41,74155.0,2.91,8,Yes,5,2024,0
E13830,Marketing,49,64996.0,4.43,10,No,3,2019,0
E13831,Sales,28,51783.0,2.89,4,Yes,2,2024,0
E13832,IT,45,47732.0,2.82,16,No,2,2021,0
E13833,Sales,34,47483.0,3.05,6,No,3,2020,0
E13834,Sales,27,55752.0,3.83,4,Yes,7,2019,0
E13835,IT,28,95761.0,3.79,17,No,1,2025,1
E13836,Operations,45,86330.0,2.99,10,Yes,0,2025,0
E13837,IT,39,80713.0,3.2,14,Yes,5,2020,0
E13838,IT,21,52582.0,3.15,15,No,6,2020,0
E13839,Operations,43,77899.0,2.94,11,No,3,2021,0
E13840,HR,45,90299.0,3.74,13,No,4,2026,0
E13841,Marketing,23,35557.0,2.4,4,No,3,2019,0
E13842,IT,59,47903.0,4.79,14,Yes,2,2021,0
E13843,Marketing,44,84432.0,3.53,11,Yes,2,2022,0
E13844,HR,52,36836.0,2.79,10,Yes,6,2026,1
E13845,Sales,46,77894.0,2.11,0,Yes,6,2018,0
E13846,Operations,22,54009.0,3.74,12,No,3,2021,0
E13847,Operations,21,85509.0,2.52,8,Yes,3,2020,0
E13848,Operations,56,53703.0,1.82,6,No,1,2020,1
E13849,Sales,54,70868.0,4.34,16,No,1,2022,0
E13850,Marketing,22,109600.0,3.08,4,No,3,2021,0
E13851,Operations,27,80904.0,4.45,17,Yes,1,2024,0
E13852,IT,40,65078.0,3.58,15,No,2,2018,0
E13853,Operations,53,46276.0,3.5,3,No,3,2025,0
E13854,IT,24,39164.0,2.63,9,No,0,2021,0
E13855,IT,39,46262.0,3.05,13,No,4,2020,0
E13856,Finance,25,47335.0,3.82,10,No,7,2026,0
E13857,Sales,60,86334.0,4.28,7,Yes,3,2025,0
E13858,Operations,42,55852.0,3.89,1,Yes,7,2020,1
E13859,Operations,30,65041.0,3.57,14,No,6,2024,0
E13860,Operations,30,72511.0,2.04,13,No,3,2019,0
E13861,Operations,34,71517.0,4.24,16,No,5,2023,0
E13862,IT,25,69836.0,4.72,14,No,2,2022,0
E13863,IT,56,81460.0,4.29,5,No,6,2026,0
E13864,Marketing,42,72319.0,2.79,2,No,4,2019,0
E13865,IT,39,62404.0,2.62,14,No,7,2026,1
E13866,Sales,59,80911.0,3.93,13,No,5,2019,0
E13867,Operations,40,60099.0,3.31,1,No,4,2022,0
E13868,Operations,55,80975.0,4.22,17,No,1,2024,0
E13869,Marketing,34,46273.0,2.89,14,Yes,3,2021,1
E13870,IT,34,57906.0,3.93,15,No,1,2023,0
E13871,HR,54,42249.0,2.66,12,No,2,2022,1
E13872,IT,32,29665.0,4.17,0,No,4,2018,0
E13873,HR,54,104523.0,2.89,17,No,3,2018,0
E13874,Sales,34,61685.0,3.2,0,No,0,2022,0
E13875,HR,43,73714.0,4.61,10,No,2,2024,0
E13876,IT,22,63997.0,5.0,11,No,4,2019,0
E13877,Finance,43,33328.0,2.99,16,Yes,4,2021,0
E13878,Operations,59,93092.0,3.52,13,No,7,2018,0
E13879,Marketing,59,44697.0,2.34,9,Yes,5,2018,0
E13880,Finance,25,92514.0,3.73,14,No,3,2020,0
E13881,Operations,58,87081.0,4.02,11,Yes,6,2021,0
E13882,Operations,58,41196.0,2.96,13,No,7,2018,0
E13883,Sales,53,54665.0,3.28,17,Yes,2,2019,0
E13884,Sales,51,84722.0,2.77,6,Yes,2,2022,0
E13885,Marketing,57,74682.0,3.61,0,Yes,5,2020,0
E13886,Operations,35,75198.0,4.42,10,No,1,2018,0
E13887,IT,39,83279.0,2.92,5,No,6,2024,0
E13888,IT,25,90108.0,3.27,10,No,3,2026,1
E13889,Sales,42,54979.0,3.0,7,No,4,2019,0
E13890,Marketing,52,79621.0,2.83,13,No,7,2024,0
E13891,HR,51,39582.0,3.9,10,No,4,2023,1
E13892,Sales,54,87935.0,2.93,10,No,7,2025,0
E13893,Finance,49,118949.0,2.52,14,Yes,4,2020,0
E13894,Operations,52,45955.0,3.06,7,No,4,2025,0
E13895,Operations,53,64184.0,3.08,4,Yes,3,2023,0
E13896,IT,49,33280.0,3.25,12,No,0,2019,0
E13897,IT,26,53878.0,3.44,6,Yes,0,2023,0
E13898,Sales,54,38789.0,3.83,5,No,0,2019,0
E13899,Sales,26,54390.0,4.61,12,No,4,2026,1
E13900,Finance,57,79454.0,4.36,1,Yes,1,2024,0
E13901,Operations,49,98528.0,3.84,14,No,2,2022,0
E13902,Finance,22,88287.0,3.73,3,Yes,4,2026,0
E13903,Operations,42,81531.0,2.17,0,Yes,3,2024,0
E13904,Operations,54,59105.0,3.29,13,No,7,2026,0
E13905,Marketing,59,75241.0,3.4,16,Yes,0,2024,0
E13906,HR,56,59249.0,3.8,2,No,0,2022,1
E13907,Sales,43,69267.0,4.28,9,No,4,2026,0
E13908,Marketing,57,50658.0,3.34,3,No,0,2026,0
E13909,IT,23,56606.0,3.54,15,No,6,2022,0
E13910,HR,47,84802.0,4.44,4,No,6,2026,0
E13911,Sales,57,45576.0,3.29,13,No,2,2021,0
E13912,Operations,22,50269.0,2.96,17,No,7,2026,0
E13913,Sales,42,36253.0,2.81,5,No,6,2026,0
E13914,Marketing,54,51690.0,2.71,11,No,6,2022,0
E13915,Sales,35,69189.0,3.6,0,Yes,5,2026,1
E13916,Finance,44,28240.0,2.93,12,Yes,0,2018,0
E13917,Operations,42,80764.0,3.53,5,No,7,2022,1
E13918,Sales,46,60601.0,2.99,4,No,7,2026,0
E13919,Sales,53,58246.0,2.61,1,Yes,1,2024,0
E13920,IT,40,68167.0,3.73,5,No,2,2024,0
E13921,Operations,34,66179.0,4.77,8,No,3,2021,0
E13922,HR,32,67799.0,4.18,10,Yes,1,2021,0
E13923,Operations,31,60985.0,4.46,5,Yes,7,2022,0
E13924,HR,28,58739.0,3.12,15,No,7,2022,0
E13925,Sales,38,62781.0,3.15,2,Yes,1,2022,0
E13926,Finance,22,73411.0,3.77,3,No,6,2022,0
E13927,Marketing,59,68834.0,3.71,15,No,7,2019,0
E13928,IT,50,90377.0,3.51,16,No,3,2021,0
E13929,Operations,39,69342.0,3.36,1,No,1,2018,0
E13930,Operations,36,51491.0,4.73,2,No,2,2021,1
E13931,Finance,53,67803.0,3.17,11,No,7,2021,0
E13932,IT,54,46424.0,4.32,13,No,5,2020,0
E13933,Sales,40,86905.0,3.44,12,No,1,2025,0
E13934,Operations,54,43492.0,3.74,14,No,3,2018,1
E13935,Operations,33,63531.0,3.28,6,Yes,7,2026,0
E13936,Sales,47,58638.0,3.87,17,Yes,1,2021,0
E13937,Sales,55,41339.0,3.81,2,No,3,2018,0
E13938,Operations,51,28000.0,4.44,3,Yes,1,2022,0
E13939,Finance,49,66064.0,3.86,1,No,6,2024,0
E13940,Operations,27,116150.0,2.68,0,Yes,4,2020,0
E13941,Sales,48,44170.0,3.09,6,Yes,2,2020,0
E13942,Operations,35,71135.0,3.51,2,No,3,2025,0
E13943,Marketing,53,83809.0,2.96,2,No,6,2025,0
E13944,IT,54,51833.0,3.7,2,No,2,2019,0
E13945,Operations,34,44420.0,4.1,16,No,0,2022,0
E13946,IT,35,70019.0,3.79,9,Yes,1,2021,0
E13947,Marketing,54,40734.0,2.72,4,No,6,2025,0
E13948,Operations,45,47881.0,2.32,13,No,3,2025,1
E13949,Marketing,23,67830.0,2.82,7,No,0,2025,1
E13950,Operations,58,73891.0,3.05,16,No,4,2026,0
E13951,Sales,52,66951.0,3.58,13,Yes,4,2018,0
E13952,Operations,27,90853.0,2.63,17,Yes,4,2026,0
E13953,Operations,46,45197.0,5.0,9,No,1,2025,0
E13954,Marketing,49,61642.0,4.21,6,No,5,2019,0
E13955,Operations,29,55225.0,3.64,12,No,0,2019,0
E13956,Finance,52,54604.0,3.19,2,No,4,2025,0
E13957,IT,56,53132.0,3.63,11,No,0,2019,0
E13958,IT,40,39801.0,3.64,12,Yes,3,2024,0
E13959,HR,48,45528.0,1.98,10,No,2,2022,0
E13960,Operations,52,76054.0,1.56,1,Yes,6,2024,0
E13961,IT,40,79310.0,3.11,14,No,2,2026,0
E13962,IT,53,72293.0,4.51,11,No,6,2024,0
E13963,Sales,52,84334.0,3.46,6,No,7,2023,0
E13964,IT,39,61647.0,4.53,9,No,7,2022,0
E13965,Operations,37,62842.0,4.32,1,No,4,2023,0
E13966,IT,22,41327.0,2.82,3,No,2,2021,0
E13967,Finance,27,38741.0,4.06,1,No,0,2018,0
E13968,IT,36,59321.0,4.76,12,No,7,2019,0
E13969,Marketing,45,96836.0,3.28,1,No,7,2025,0
E13970,Sales,54,50525.0,3.32,12,No,7,2019,0
E13971,Finance,22,89814.0,2.93,11,Yes,4,2025,0
E13972,IT,24,40355.0,3.71,0,No,2,2019,0
E13973,IT,44,36140.0,3.57,6,No,3,2022,0
E13974,Sales,39,57408.0,3.49,15,No,6,2023,0
E13975,IT,29,58404.0,3.63,4,No,2,2021,0
E13976,Finance,32,61945.0,3.6,15,No,2,2019,0
E13977,Operations,38,73817.0,3.09,4,No,2,2020,0
E13978,Operations,26,72174.0,2.98,4,No,4,2024,1
E13979,HR,27,28000.0,3.48,2,No,6,2025,0
E13980,Marketing,49,58782.0,4.05,6,No,2,2025,0
E13981,IT,60,95716.0,3.97,5,Yes,5,2026,1
E13982,HR,46,64861.0,3.37,17,No,1,2018,0
E13983,Operations,49,45998.0,2.45,9,Yes,1,2022,1
E13984,Operations,27,76837.0,2.88,14,No,4,2019,0
E13985,Finance,50,62781.0,4.26,14,No,5,2019,0
E13986,Marketing,26,65457.0,3.83,5,No,7,2020,0
E13987,IT,24,75101.0,3.83,5,No,0,2024,0
E13988,Operations,22,52067.0,2.46,10,No,7,2019,0
E13989,Marketing,60,71931.0,3.12,7,Yes,7,2024,0
E13990,Marketing,59,79115.0,2.47,15,No,5,2020,0
E13991,Sales,56,58778.0,2.87,17,No,2,2020,0
E13992,Marketing,39,72816.0,3.24,0,No,0,2021,0
E13993,Marketing,54,63314.0,4.27,16,Yes,5,2022,0
E13994,Finance,45,84214.0,4.47,6,Yes,6,2021,1
E13995,Operations,26,46868.0,4.16,6,Yes,0,2020,0
E13996,Marketing,50,58893.0,2.99,17,No,5,2019,0
E13997,Finance,38,39162.0,3.0,14,Yes,0,2023,1
E13998,IT,31,37272.0,3.55,7,Yes,0,2022,0
E13999,Sales,59,53187.0,2.51,16,No,2,2023,0
E14000,Marketing,52,62931.0,3.82,5,No,7,2025,0
E14001,IT,41,51214.0,2.74,13,No,7,2025,0
E14002,Sales,57,71667.0,3.71,1,No,2,2026,0
E14003,IT,33,81819.0,3.36,6,Yes,5,2026,0
E14004,Marketing,48,60183.0,3.34,9,No,7,2019,0
E14005,Finance,39,64060.0,2.23,14,No,5,2026,0
E14006,IT,48,75168.0,2.85,6,No,0,2020,0
E14007,Finance,28,57527.0,4.52,13,No,5,2025,0
E14008,Marketing,48,72050.0,2.27,14,Yes,0,2019,1
E14009,Sales,28,69986.0,4.72,4,No,2,2021,0
E14010,IT,52,46711.0,3.75,8,Yes,6,2021,0
E14011,IT,26,58107.0,2.61,9,No,1,2018,1
E14012,Sales,25,67724.0,2.37,17,No,2,2021,0
E14013,Sales,24,92955.0,3.5,1,Yes,0,2023,0
E14014,IT,39,74232.0,3.7,9,Yes,7,2020,0
E14015,Finance,58,72834.0,3.78,3,No,7,2024,0
E14016,Sales,25,50084.0,3.83,16,No,5,2025,1
E14017,Sales,56,57271.0,3.82,15,No,2,2021,0
E14018,Marketing,36,72470.0,2.82,3,No,1,2023,0
E14019,Sales,43,88017.0,2.58,1,No,2,2022,0
E14020,Marketing,53,54229.0,4.01,9,No,5,2023,0
E14021,IT,47,63160.0,3.95,0,No,6,2024,0
E14022,Operations,25,70145.0,2.96,2,Yes,7,2019,0
E14023,Operations,42,61654.0,3.89,17,Yes,2,2024,0
E14024,Marketing,29,65403.0,3.05,1,No,6,2021,0
E14025,Operations,60,92992.0,3.28,6,Yes,2,2024,0
E14026,Marketing,28,80921.0,3.29,0,Yes,4,2022,0
E14027,Marketing,38,77490.0,3.46,10,Yes,1,2024,0
E14028,Operations,57,49465.0,3.02,6,Yes,3,2021,0
E14029,Sales,43,56300.0,2.97,17,No,2,2023,0
E14030,IT,40,58310.0,3.5,15,Yes,7,2024,0
E14031,Marketing,60,63255.0,2.53,16,No,5,2025,0
E14032,Operations,31,74787.0,3.97,7,No,7,2018,0
E14033,Marketing,24,80640.0,4.29,17,Yes,7,2024,0
E14034,Operations,21,67543.0,2.31,5,Yes,2,2020,0
E14035,Marketing,37,44552.0,3.44,5,No,6,2026,0
E14036,HR,32,39698.0,3.42,8,No,6,2024,0
E14037,IT,42,53620.0,1.54,10,Yes,4,2021,0
E14038,IT,49,56989.0,3.7,17,No,3,2022,0
E14039,Sales,30,61626.0,4.45,13,No,5,2025,0
E14040,HR,39,64440.0,3.32,1,No,0,2021,0
E14041,IT,46,71755.0,2.49,6,No,1,2023,0
E14042,Finance,35,69037.0,3.58,14,No,5,2025,0
E14043,Marketing,38,64938.0,3.46,14,No,0,2021,0
E14044,Operations,36,61162.0,2.22,6,No,2,2019,0
E14045,HR,28,86252.0,3.48,9,No,3,2026,0
E14046,Finance,54,54726.0,2.47,14,Yes,5,2022,0
E14047,IT,51,95199.0,3.61,16,No,1,2018,0
E14048,HR,51,90154.0,3.7,14,No,3,2026,0
E14049,Sales,57,85067.0,3.87,2,Yes,1,2025,1
E14050,Sales,46,81791.0,4.12,12,Yes,1,2021,1
E14051,HR,44,28000.0,4.01,10,No,2,2020,0
E14052,Finance,31,79463.0,4.45,7,Yes,6,2025,1
E14053,Sales,48,43835.0,3.32,13,No,1,2024,0
E14054,Operations,21,78149.0,3.8,11,No,4,2021,0
E14055,HR,30,63689.0,3.37,2,No,3,2024,0
E14056,Finance,42,80066.0,2.17,8,No,1,2025,0
E14057,Operations,39,28000.0,3.53,9,No,2,2026,0
E14058,Sales,36,76768.0,3.45,4,Yes,6,2025,0
E14059,Finance,42,36729.0,4.07,4,No,0,2019,0
E14060,Sales,59,96658.0,3.78,7,No,7,2019,0
E14061,Marketing,25,88960.0,4.18,17,No,4,2023,0
E14062,Operations,33,81629.0,2.83,0,Yes,1,2024,0
E14063,Operations,25,91070.0,4.13,17,Yes,5,2018,1
E14064,Marketing,36,72471.0,3.69,6,No,0,2023,0
E14065,Marketing,27,61621.0,3.2,3,No,4,2022,0
E14066,Operations,44,67678.0,3.38,7,No,3,2025,0
E14067,Operations,40,66822.0,3.68,12,Yes,4,2026,0
E14068,Sales,46,57935.0,2.73,1,No,6,2024,0
E14069,Operations,35,90768.0,3.95,0,Yes,5,2025,0
E14070,Operations,42,63288.0,4.34,11,Yes,2,2024,0
E14071,Operations,26,79343.0,3.05,14,No,5,2022,0
E14072,Sales,37,77285.0,3.38,15,No,4,2020,0
E14073,Operations,42,63590.0,3.95,3,No,6,2025,1
E14074,Operations,40,66471.0,3.78,14,Yes,1,2025,0
E14075,Sales,22,61574.0,4.2,17,No,5,2026,0
E14076,Marketing,25,72270.0,3.01,14,Yes,3,2026,0
E14077,Operations,43,57660.0,3.9,3,No,5,2025,0
E14078,Operations,36,46515.0,3.12,9,No,5,2023,0
E14079,Operations,49,74737.0,4.27,3,No,6,2021,0
E14080,Sales,27,43716.0,3.24,6,No,7,2024,0
E14081,Finance,44,54615.0,2.89,11,No,3,2024,0
E14082,IT,24,63310.0,3.79,13,No,2,2021,0
E14083,Finance,57,62210.0,1.69,2,Yes,2,2022,0
E14084,HR,28,63422.0,3.52,11,No,1,2025,0
E14085,HR,58,69216.0,3.07,10,No,5,2022,0
E14086,Marketing,34,70626.0,2.56,1,No,7,2025,0
E14087,Finance,60,66363.0,3.68,8,Yes,7,2019,0
E14088,HR,22,77454.0,2.78,15,No,0,2022,0
E14089,Sales,57,80432.0,3.0,1,Yes,6,2025,0
E14090,IT,48,45908.0,3.07,4,No,2,2021,0
E14091,Marketing,48,40153.0,3.87,11,No,7,2025,0
E14092,Sales,32,58942.0,3.15,12,Yes,4,2018,0
E14093,IT,35,49836.0,4.37,16,No,6,2025,0
E14094,Operations,34,69545.0,2.82,0,No,4,2021,0
E14095,Sales,52,82585.0,3.15,16,Yes,1,2018,0
E14096,Sales,58,76992.0,2.38,17,Yes,5,2022,0
E14097,Operations,59,56590.0,3.19,15,No,2,2022,0
E14098,IT,55,59397.0,3.14,2,No,5,2026,0
E14099,Marketing,47,40928.0,2.59,12,Yes,2,2024,0
E14100,HR,21,65530.0,2.97,11,No,2,2025,0
E14101,IT,57,82232.0,4.0,12,No,5,2021,0
E14102,Sales,46,62533.0,2.7,12,No,7,2018,0
E14103,Operations,50,60069.0,3.8,7,No,3,2025,0
E14104,Marketing,28,65279.0,2.96,9,Yes,2,2023,0
E14105,IT,43,42653.0,2.22,12,No,5,2022,0
E14106,Operations,41,28000.0,4.12,7,No,6,2024,0
E14107,Marketing,26,60723.0,3.11,15,No,4,2021,1
E14108,Operations,33,64808.0,2.96,15,Yes,0,2025,0
E14109,IT,51,82446.0,3.62,14,No,1,2018,0
E14110,Finance,47,77215.0,3.38,16,No,5,2025,0
E14111,Operations,42,54427.0,3.68,16,No,4,2025,1
E14112,Sales,28,28000.0,3.62,15,No,6,2022,0
E14113,Operations,45,86003.0,3.52,16,No,4,2020,0
E14114,IT,59,66915.0,2.5,7,Yes,5,2020,0
E14115,HR,59,60078.0,5.0,12,No,5,2026,0
E14116,Marketing,22,74708.0,2.44,9,No,4,2020,0
E14117,Operations,32,37938.0,2.62,4,Yes,4,2026,0
E14118,IT,45,64876.0,3.97,8,No,6,2018,0
E14119,Sales,26,94836.0,2.54,10,No,1,2022,0
E14120,IT,37,61913.0,3.95,15,No,4,2023,0
E14121,Operations,22,39823.0,2.56,2,No,0,2019,0
E14122,Sales,25,34273.0,3.07,0,Yes,0,2018,1
E14123,Marketing,49,79351.0,3.31,14,Yes,0,2025,0
E14124,Marketing,46,91581.0,4.13,4,No,0,2025,0
E14125,Sales,54,46308.0,3.94,1,No,0,2024,0
E14126,Sales,46,75533.0,3.0,1,No,5,2019,0
E14127,Operations,58,48062.0,4.1,8,Yes,3,2024,0
E14128,Sales,48,80404.0,3.92,5,No,3,2023,0
E14129,Sales,29,66059.0,4.34,4,Yes,4,2022,0
E14130,HR,54,47557.0,4.18,2,No,0,2020,0
E14131,Sales,46,75924.0,3.7,17,No,6,2018,0
E14132,Operations,30,40706.0,3.79,15,No,6,2022,0
E14133,Finance,59,56098.0,4.02,15,Yes,5,2019,0
E14134,IT,56,64558.0,2.16,8,No,3,2021,1
E14135,Sales,24,46929.0,2.98,16,No,2,2025,0
E14136,Sales,51,63454.0,3.47,11,No,0,2026,0
E14137,Marketing,52,89274.0,4.33,11,Yes,2,2023,0
E14138,Operations,40,46232.0,3.28,2,No,7,2020,0
E14139,Finance,53,53194.0,3.84,8,No,4,2022,0
E14140,Operations,60,38328.0,4.29,3,No,4,2025,0
E14141,HR,35,81957.0,3.89,4,No,6,2024,0
E14142,IT,50,90462.0,3.4,4,No,7,2023,0
E14143,Operations,45,83538.0,2.03,10,No,7,2023,0
E14144,Operations,33,61782.0,2.36,6,No,2,2026,0
E14145,Sales,35,54752.0,4.13,4,No,5,2025,0
E14146,Sales,53,85916.0,3.87,16,No,0,2025,0
E14147,Operations,53,46550.0,2.97,11,No,7,2023,0
E14148,Marketing,25,56198.0,3.51,5,No,6,2019,0
E14149,Operations,38,60196.0,3.34,4,No,4,2026,0
E14150,Marketing,30,103464.0,3.23,4,No,5,2025,0
E14151,Operations,42,60353.0,3.23,17,Yes,6,2026,0
E14152,HR,24,71258.0,3.31,9,No,7,2026,0
E14153,Sales,46,96595.0,2.11,5,Yes,6,2024,1
E14154,Sales,52,83657.0,3.92,7,No,4,2020,0
E14155,Sales,56,44161.0,2.94,14,Yes,6,2026,0
E14156,IT,23,79583.0,3.41,6,No,7,2018,0
E14157,HR,46,62933.0,3.12,3,Yes,7,2023,1
E14158,Finance,48,60981.0,3.88,5,Yes,7,2021,1
E14159,Operations,26,28000.0,3.22,3,Yes,2,2022,0
E14160,HR,25,55248.0,2.15,2,No,0,2018,0
E14161,Operations,59,78612.0,2.71,7,No,0,2026,0
E14162,Sales,21,46170.0,3.0,8,No,1,2023,0
E14163,IT,30,65537.0,2.4,11,Yes,1,2025,1
E14164,Marketing,36,71322.0,3.19,2,No,7,2021,0
E14165,Operations,54,66957.0,2.93,1,No,6,2022,0
E14166,Sales,21,75614.0,3.36,10,No,2,2021,1
E14167,Operations,54,75937.0,3.12,14,No,0,2020,0
E14168,IT,21,71109.0,3.87,14,No,2,2021,0
E14169,Marketing,44,80481.0,3.21,1,No,5,2024,0
E14170,Marketing,60,92335.0,3.07,4,No,6,2023,0
E14171,Sales,49,54672.0,2.59,7,No,4,2026,0
E14172,Sales,46,59778.0,2.79,10,No,5,2020,0
E14173,Sales,57,54964.0,3.59,12,No,5,2026,0
E14174,Finance,45,101033.0,2.85,1,No,5,2019,1
E14175,Finance,42,57087.0,4.42,1,No,2,2021,0
E14176,Operations,32,73913.0,3.83,13,Yes,1,2019,0
E14177,Finance,30,46513.0,3.03,16,No,1,2022,0
E14178,Sales,31,55288.0,3.35,1,Yes,3,2025,0
E14179,Sales,26,82464.0,3.27,14,No,0,2018,0
E14180,IT,28,34631.0,2.83,3,No,0,2021,0
E14181,Sales,28,45402.0,3.46,2,Yes,6,2024,0
E14182,Finance,24,28000.0,2.93,4,No,6,2023,0
E14183,Finance,50,43618.0,4.0,6,No,5,2018,0
E14184,Finance,33,68243.0,3.7,4,No,4,2020,0
E14185,IT,32,74511.0,3.56,13,Yes,0,2025,0
E14186,IT,21,39847.0,4.03,14,No,5,2020,0
E14187,Sales,29,68160.0,3.24,12,No,3,2026,0
E14188,Marketing,51,65997.0,3.08,8,No,1,2021,0
E14189,HR,41,73963.0,2.51,12,No,2,2025,0
E14190,Sales,42,82528.0,3.65,5,No,1,2018,0
E14191,HR,60,71329.0,3.62,17,Yes,3,2020,1
E14192,Marketing,60,69386.0,2.88,13,No,4,2025,0
E14193,Finance,56,86890.0,3.51,7,Yes,0,2018,0
E14194,Operations,56,46721.0,3.48,7,No,0,2021,0
E14195,Finance,60,73893.0,3.86,8,No,7,2023,0
E14196,Marketing,27,82474.0,3.45,10,No,3,2020,0
E14197,Operations,49,75920.0,3.56,2,Yes,3,2023,0
E14198,IT,39,94479.0,2.83,13,No,3,2025,0
E14199,Sales,37,63777.0,3.29,6,No,6,2023,0
E14200,Operations,42,72491.0,2.38,8,No,7,2024,0
E14201,Marketing,25,82873.0,3.17,16,Yes,7,2021,0
E14202,IT,57,70805.0,3.02,16,No,1,2022,0
E14203,Sales,27,78253.0,3.41,16,No,6,2022,0
E14204,Finance,38,88294.0,2.84,16,No,4,2026,0
E14205,Operations,22,47354.0,2.87,15,No,2,2019,0
E14206,Marketing,58,47885.0,2.84,15,No,4,2023,0
E14207,Operations,40,84164.0,3.29,6,Yes,4,2018,0
E14208,IT,44,69027.0,2.88,10,No,3,2026,0
E14209,Finance,44,56654.0,2.76,8,Yes,4,2019,0
E14210,IT,47,50858.0,3.33,0,No,3,2022,1
E14211,Marketing,23,63036.0,3.58,1,Yes,7,2024,0
E14212,Operations,27,60494.0,3.26,1,No,6,2023,0
E14213,Marketing,25,68967.0,2.81,11,No,2,2019,0
E14214,IT,23,41919.0,3.14,14,Yes,2,2020,0
E14215,Finance,40,77404.0,2.51,10,No,4,2023,0
E14216,IT,42,82274.0,2.75,1,No,4,2024,1
E14217,IT,52,67749.0,4.74,6,No,2,2025,0
E14218,Operations,54,67372.0,4.28,17,No,1,2021,1
E14219,Marketing,35,47797.0,4.26,14,No,6,2023,0
E14220,Operations,46,60855.0,3.07,7,No,3,2023,0
E14221,HR,29,82615.0,3.96,16,No,5,2021,0
E14222,IT,24,87957.0,3.7,13,No,7,2022,0
E14223,Marketing,29,58452.0,3.74,8,No,3,2019,0
E14224,Sales,53,66318.0,3.58,4,No,5,2024,0
E14225,Sales,54,53282.0,3.12,16,No,7,2024,0
E14226,IT,57,71282.0,1.94,13,Yes,0,2019,1
E14227,Sales,44,40163.0,2.88,7,No,5,2023,0
E14228,Finance,56,71135.0,3.18,3,No,5,2025,0
E14229,IT,47,86863.0,3.12,8,No,3,2025,0
E14230,IT,50,61492.0,3.35,16,No,4,2024,0
E14231,IT,47,60528.0,2.94,7,No,3,2021,0
E14232,Marketing,49,60042.0,3.24,14,No,5,2021,0
E14233,Sales,56,71981.0,4.11,13,Yes,1,2019,0
E14234,Operations,55,52451.0,4.0,3,Yes,7,2023,0
E14235,Finance,43,32344.0,3.88,3,Yes,4,2024,0
E14236,Finance,40,61295.0,4.05,5,No,1,2018,0
E14237,Operations,43,48451.0,2.97,2,Yes,5,2025,0
E14238,Sales,34,63886.0,3.57,8,No,3,2021,0
E14239,IT,37,47920.0,4.37,3,No,3,2024,0
E14240,Finance,29,77281.0,3.99,6,No,4,2021,0
E14241,Sales,37,64874.0,3.13,14,Yes,3,2024,0
E14242,Operations,50,51845.0,3.57,2,No,6,2021,0
E14243,Marketing,25,49170.0,5.0,15,No,6,2021,0
E14244,Operations,30,88589.0,3.17,13,No,0,2022,0
E14245,Operations,32,28000.0,3.67,11,No,5,2023,0
E14246,Sales,24,84535.0,3.66,16,No,7,2020,0
E14247,Sales,22,43240.0,2.58,9,Yes,7,2023,0
E14248,Marketing,35,52773.0,4.67,1,No,0,2024,0
E14249,HR,31,79352.0,3.49,8,Yes,2,2021,0
E14250,Marketing,28,72866.0,3.78,14,No,5,2020,0
E14251,Finance,43,72564.0,4.19,15,No,4,2023,0
E14252,IT,41,41117.0,2.84,4,Yes,0,2020,0
E14253,IT,53,28000.0,4.1,7,No,4,2024,0
E14254,IT,57,38642.0,2.96,0,No,1,2019,0
E14255,IT,34,64793.0,3.8,10,No,7,2024,0
E14256,Sales,37,85462.0,2.78,1,No,0,2026,0
E14257,Finance,52,45025.0,3.57,15,No,1,2018,0
E14258,HR,58,59481.0,3.34,4,Yes,4,2021,0
E14259,Sales,58,54732.0,3.52,13,No,1,2024,0
E14260,IT,44,78908.0,4.16,5,Yes,2,2019,0
E14261,IT,30,67243.0,4.21,2,No,3,2021,0
E14262,Operations,41,71419.0,3.76,0,Yes,7,2025,0
E14263,Marketing,29,58203.0,3.88,8,Yes,1,2025,0
E14264,Finance,21,70963.0,4.57,6,No,2,2026,0
E14265,Sales,40,39754.0,3.65,9,Yes,4,2022,1
E14266,HR,34,86116.0,3.17,9,No,6,2021,1
E14267,Sales,55,45797.0,3.45,3,No,3,2023,0
E14268,Finance,27,72077.0,4.2,5,No,3,2021,0
E14269,Operations,46,68575.0,3.08,7,Yes,7,2021,0
E14270,Operations,56,77075.0,4.04,15,No,0,2018,0
E14271,Sales,28,57386.0,3.89,12,No,4,2025,1
E14272,Sales,42,43948.0,3.97,1,No,4,2025,1
E14273,Marketing,48,71149.0,3.0,11,No,6,2024,0
E14274,Sales,30,60955.0,4.27,2,Yes,4,2021,1
E14275,Operations,50,74534.0,4.44,0,No,7,2022,0
E14276,Sales,27,49414.0,2.84,2,No,1,2025,0
E14277,IT,27,47135.0,5.0,14,No,5,2020,0
E14278,Sales,50,50925.0,3.24,16,No,5,2018,0
E14279,HR,33,47526.0,3.64,14,No,7,2024,0
E14280,Sales,49,49958.0,3.47,11,No,5,2018,0
E14281,IT,34,52449.0,4.69,0,Yes,6,2023,0
E14282,Finance,21,49497.0,4.0,0,No,2,2021,0
E14283,Marketing,39,46614.0,2.67,12,Yes,2,2022,1
E14284,Sales,32,41087.0,2.08,7,No,2,2019,0
E14285,Marketing,49,69550.0,2.85,10,Yes,3,2018,0
E14286,Marketing,28,67429.0,4.13,4,No,1,2024,0
E14287,Finance,55,86329.0,3.34,15,Yes,1,2018,0
E14288,Marketing,49,66419.0,2.52,1,No,6,2021,0
E14289,Marketing,44,49618.0,3.18,10,Yes,5,2019,1
E14290,Marketing,57,31433.0,2.8,12,No,6,2024,0
E14291,Operations,47,73392.0,3.45,1,No,2,2025,1
E14292,Sales,56,70631.0,3.35,2,No,1,2018,0
E14293,Marketing,58,89688.0,2.47,15,No,6,2024,0
E14294,IT,41,82593.0,4.06,9,No,0,2020,0
E14295,Sales,45,67763.0,3.1,16,No,1,2019,0
E14296,Operations,54,86750.0,4.29,16,Yes,0,2025,0
E14297,Sales,28,43559.0,2.97,9,Yes,4,2021,0
E14298,HR,60,51506.0,2.58,15,No,1,2022,0
E14299,Operations,43,53680.0,3.77,8,Yes,5,2025,0
E14300,Operations,53,32472.0,3.18,16,No,0,2022,0
E14301,Sales,52,75877.0,4.07,8,No,0,2022,0
E14302,Sales,44,71698.0,3.35,15,Yes,0,2020,0
E14303,Operations,23,74137.0,3.93,7,No,0,2018,0
E14304,Marketing,49,107333.0,3.0,3,No,4,2018,0
E14305,Operations,29,64839.0,3.98,17,No,3,2021,0
E14306,Sales,24,97079.0,3.19,0,No,2,2019,0
E14307,IT,54,66790.0,3.93,2,No,2,2022,0
E14308,HR,31,72085.0,3.6,16,Yes,3,2025,0
E14309,Operations,59,75343.0,3.88,14,No,0,2024,1
E14310,Marketing,36,41320.0,3.96,10,No,1,2021,0
E14311,Sales,29,84002.0,2.46,8,No,7,2026,0
E14312,Operations,57,89445.0,3.4,12,Yes,7,2020,0
E14313,Finance,30,48519.0,2.9,2,No,0,2025,0
E14314,Sales,29,47226.0,3.34,6,No,7,2021,0
E14315,IT,29,45473.0,4.14,17,No,6,2018,0
E14316,Operations,22,31440.0,2.65,14,No,0,2026,0
E14317,IT,35,50961.0,2.17,3,No,6,2020,0
E14318,Sales,34,55996.0,3.34,10,No,3,2019,0
E14319,Operations,60,55517.0,3.67,10,No,2,2026,0
E14320,IT,38,78957.0,3.73,11,No,1,2018,0
E14321,Operations,59,67146.0,4.19,9,No,3,2020,0
E14322,Marketing,31,81597.0,3.52,0,No,1,2026,0
E14323,Marketing,56,54083.0,2.58,9,No,5,2023,0
E14324,Operations,40,90616.0,4.17,15,No,4,2020,0
E14325,Marketing,56,28000.0,2.11,8,No,1,2025,0
E14326,Operations,57,86853.0,3.87,5,No,0,2023,0
E14327,Sales,33,54820.0,4.01,2,No,4,2022,0
E14328,Marketing,26,28000.0,3.94,12,No,2,2021,0
E14329,Sales,30,78037.0,2.51,13,Yes,6,2020,0
E14330,IT,37,88438.0,3.23,14,No,6,2018,0
E14331,Sales,38,72553.0,3.42,14,No,7,2019,0
E14332,IT,22,39638.0,2.94,7,Yes,6,2023,0
E14333,IT,43,66143.0,3.36,11,No,4,2021,0
E14334,IT,50,63548.0,1.09,13,No,7,2025,0
E14335,IT,31,51944.0,3.11,12,No,3,2021,0
E14336,Operations,47,44415.0,3.22,3,Yes,6,2023,0
E14337,Sales,48,75978.0,4.42,0,Yes,7,2018,0
E14338,Marketing,57,37714.0,3.45,11,No,3,2024,0
E14339,Sales,59,84446.0,2.43,13,Yes,1,2024,0
E14340,Finance,22,66137.0,1.9,9,No,1,2021,0
E14341,IT,44,63694.0,2.74,14,No,0,2023,0
E14342,Sales,59,51118.0,3.5,17,Yes,0,2021,0
E14343,Marketing,48,89333.0,1.08,8,Yes,6,2018,0
E14344,HR,54,63899.0,3.41,6,No,5,2021,0
E14345,Marketing,47,59152.0,3.23,12,Yes,3,2018,0
E14346,IT,34,45017.0,3.03,15,No,7,2024,0
E14347,Operations,47,78240.0,2.9,10,Yes,7,2025,0
E14348,IT,43,78612.0,3.63,5,No,5,2021,0
E14349,Finance,25,68910.0,3.18,4,Yes,1,2018,0
E14350,Sales,53,80055.0,3.17,14,No,2,2021,0
E14351,Sales,49,81714.0,4.35,4,No,6,2024,0
E14352,Operations,54,63561.0,3.55,1,Yes,7,2021,0
E14353,Sales,21,78778.0,2.35,1,No,4,2020,0
E14354,Sales,28,28000.0,4.78,0,No,7,2019,1
E14355,Operations,40,69910.0,3.25,3,No,6,2023,0
E14356,Sales,27,76767.0,3.0,10,No,2,2021,0
E14357,IT,37,66104.0,3.71,15,Yes,4,2020,0
E14358,Marketing,46,86135.0,4.52,17,No,3,2020,0
E14359,Operations,21,64293.0,3.32,17,No,7,2020,0
E14360,Operations,58,49130.0,2.99,3,No,2,2019,0
E14361,Sales,42,68052.0,2.9,15,No,2,2024,0
E14362,Marketing,44,88085.0,4.66,7,No,6,2021,0
E14363,Sales,43,53408.0,4.77,9,No,0,2020,1
E14364,IT,28,88339.0,1.93,3,No,0,2020,0
E14365,HR,32,57703.0,1.91,5,No,1,2021,0
E14366,Sales,26,63942.0,3.44,0,No,0,2018,0
E14367,Sales,37,78434.0,2.87,15,No,4,2023,0
E14368,Sales,46,73182.0,3.28,12,Yes,1,2023,0
E14369,Finance,42,70350.0,2.85,1,No,6,2020,0
E14370,IT,24,57863.0,3.47,15,No,7,2025,0
E14371,Operations,32,83566.0,3.09,1,No,3,2021,0
E14372,Operations,30,88905.0,3.23,14,No,5,2022,0
E14373,Marketing,44,79739.0,2.92,16,Yes,4,2024,0
E14374,IT,33,65355.0,3.45,16,No,6,2023,0
E14375,Operations,26,75066.0,3.71,13,No,4,2026,0
E14376,HR,58,67862.0,3.6,13,No,1,2019,1
E14377,IT,21,49809.0,2.86,0,Yes,3,2020,0
E14378,Operations,30,72693.0,3.63,15,Yes,1,2019,0
E14379,Operations,56,80785.0,4.01,6,No,6,2018,0
E14380,Marketing,30,87084.0,2.61,9,No,7,2024,0
E14381,IT,46,41275.0,4.16,8,No,0,2018,0
E14382,Finance,33,82047.0,4.08,11,No,5,2022,0
E14383,HR,34,33681.0,3.58,9,No,2,2026,0
E14384,Marketing,27,33226.0,3.1,7,No,1,2025,0
E14385,Operations,28,33073.0,2.56,7,No,1,2024,0
E14386,Finance,60,86111.0,3.39,5,Yes,6,2025,0
E14387,Finance,55,80072.0,4.52,17,No,3,2018,0
E14388,IT,60,94885.0,3.15,11,No,0,2020,0
E14389,Sales,52,81458.0,3.81,0,No,5,2018,0
E14390,HR,24,57212.0,3.71,8,No,4,2019,0
E14391,Marketing,54,56993.0,3.86,8,Yes,1,2021,0
E14392,Finance,58,66336.0,4.94,9,Yes,0,2019,1
E14393,Finance,54,77066.0,3.6,10,No,0,2019,0
E14394,Operations,52,28373.0,4.01,2,Yes,1,2021,0
E14395,Sales,26,80051.0,1.73,15,Yes,6,2026,0
E14396,IT,37,44465.0,4.47,14,No,2,2019,0
E14397,Operations,23,28764.0,3.57,2,No,7,2023,0
E14398,HR,55,70112.0,3.11,5,No,4,2024,0
E14399,Sales,21,87217.0,2.44,8,No,2,2020,0
E14400,Operations,50,58541.0,4.11,14,No,4,2021,0
E14401,Sales,22,76059.0,2.76,6,Yes,1,2025,0
E14402,Sales,47,63614.0,3.18,2,No,5,2025,0
E14403,HR,27,61114.0,3.28,1,Yes,7,2021,1
E14404,IT,43,42699.0,3.22,5,No,1,2020,0
E14405,Sales,22,70833.0,2.61,16,No,7,2021,1
E14406,Marketing,44,65174.0,3.03,15,Yes,4,2026,0
E14407,Marketing,47,48166.0,3.9,17,Yes,6,2024,0
E14408,IT,22,54456.0,4.22,6,No,4,2021,0
E14409,Sales,56,69599.0,2.22,9,No,0,2021,0
E14410,Marketing,49,43830.0,4.37,0,No,6,2022,0
E14411,Operations,31,54224.0,2.87,9,No,1,2025,0
E14412,Operations,48,109933.0,2.91,9,Yes,2,2025,0
E14413,Operations,29,52004.0,2.78,9,No,6,2024,0
E14414,Operations,43,42278.0,3.84,1,No,0,2020,0
E14415,IT,37,99039.0,3.81,17,No,7,2021,0
E14416,HR,45,53139.0,3.13,8,Yes,3,2021,1
E14417,Marketing,22,56324.0,3.99,12,No,3,2023,0
E14418,Sales,36,46128.0,2.53,4,Yes,1,2024,0
E14419,Finance,21,52009.0,3.06,4,No,0,2019,0
E14420,IT,26,74213.0,4.17,15,No,0,2021,0
E14421,IT,34,91253.0,3.51,8,Yes,1,2020,0
E14422,IT,52,79764.0,3.48,13,No,4,2025,0
E14423,Marketing,35,81283.0,4.57,8,No,3,2022,0
E14424,Finance,23,77283.0,3.78,1,Yes,1,2026,0
E14425,Sales,36,75497.0,3.22,9,No,4,2023,1
E14426,Operations,49,70776.0,2.26,10,No,6,2022,0
E14427,Operations,42,84428.0,1.96,13,No,7,2022,0
E14428,HR,46,47056.0,3.91,0,No,4,2020,0
E14429,Sales,54,66990.0,3.5,13,No,1,2025,0
E14430,Finance,40,64002.0,2.75,9,Yes,6,2018,0
E14431,IT,26,46181.0,2.74,13,No,6,2025,0
E14432,IT,39,42863.0,2.39,15,No,2,2018,0
E14433,Sales,46,65294.0,3.46,2,No,2,2026,0
E14434,Finance,22,64009.0,3.18,11,No,0,2023,0
E14435,IT,29,28000.0,3.75,1,Yes,4,2024,0
E14436,Finance,25,85187.0,2.67,0,Yes,1,2018,0
E14437,IT,27,56962.0,3.66,17,No,4,2026,0
E14438,Marketing,60,85992.0,3.12,2,No,0,2020,0
E14439,Sales,56,39967.0,3.32,9,Yes,5,2023,0
E14440,Sales,35,89909.0,3.35,1,No,6,2019,0
E14441,Marketing,22,45700.0,2.98,0,No,2,2024,0
E14442,Sales,38,73401.0,3.03,0,No,7,2024,0
E14443,Operations,23,77675.0,3.31,2,No,1,2025,0
E14444,Finance,31,46155.0,3.68,17,No,1,2023,1
E14445,Operations,46,93322.0,4.25,2,Yes,4,2023,0
E14446,IT,58,69358.0,3.49,7,Yes,3,2020,0
E14447,Finance,45,63197.0,2.91,12,No,1,2019,0
E14448,Operations,30,93146.0,3.26,1,No,2,2025,0
E14449,Sales,32,78002.0,5.0,13,No,6,2023,0
E14450,Marketing,29,33164.0,2.79,11,No,3,2023,0
E14451,Sales,48,65368.0,4.8,16,No,5,2023,0
E14452,Marketing,60,72691.0,3.82,17,Yes,6,2026,0
E14453,Operations,51,49054.0,3.62,13,No,7,2019,0
E14454,Operations,39,70118.0,2.67,3,No,4,2021,1
E14455,Sales,45,82209.0,4.27,13,Yes,7,2024,0
E14456,Operations,25,34747.0,4.26,16,Yes,4,2019,0
E14457,Sales,21,68732.0,1.6,16,Yes,6,2026,0
E14458,Operations,32,81333.0,3.55,2,No,0,2024,0
E14459,Operations,34,90221.0,3.06,2,No,4,2022,0
E14460,Sales,27,45627.0,3.83,14,No,6,2021,0
E14461,HR,55,78762.0,3.79,5,No,5,2026,0
E14462,IT,58,60734.0,3.79,10,No,0,2021,0
E14463,Operations,37,70756.0,4.04,16,No,0,2018,0
E14464,Sales,47,41207.0,3.37,11,No,6,2018,0
E14465,Sales,28,62807.0,3.38,13,No,7,2023,0
E14466,Marketing,23,39967.0,4.98,8,No,7,2025,0
E14467,Marketing,28,69331.0,3.07,5,No,5,2026,0
E14468,Operations,57,96524.0,3.78,13,No,1,2018,0
E14469,Operations,21,104888.0,2.72,17,No,2,2025,0
E14470,IT,23,45722.0,4.03,0,Yes,3,2023,0
E14471,IT,39,63547.0,3.68,4,Yes,2,2025,0
E14472,Operations,41,78316.0,4.6,2,No,0,2022,0
E14473,HR,46,42014.0,3.41,8,No,5,2021,0
E14474,Finance,32,43229.0,4.32,15,No,3,2018,0
E14475,Operations,31,31325.0,3.09,13,No,5,2024,0
E14476,Operations,36,67494.0,3.31,10,Yes,2,2023,0
E14477,IT,54,55653.0,3.71,15,Yes,4,2024,0
E14478,IT,51,48807.0,4.06,1,Yes,6,2026,0
E14479,Operations,56,59346.0,4.03,10,No,5,2019,0
E14480,Marketing,47,47527.0,3.91,8,No,4,2025,0
E14481,IT,39,70112.0,3.33,10,No,4,2024,0
E14482,Operations,55,60583.0,2.87,14,No,5,2019,0
E14483,Marketing,33,89464.0,3.73,10,Yes,5,2018,0
E14484,Operations,31,67567.0,4.72,5,No,3,2025,0
E14485,Finance,54,41780.0,3.84,10,No,6,2020,0
E14486,HR,54,30912.0,3.33,3,Yes,5,2025,1
E14487,IT,35,81610.0,4.23,14,No,1,2023,0
E14488,Sales,28,95720.0,4.25,7,No,4,2026,0
E14489,Marketing,24,104219.0,4.77,4,No,1,2020,0
E14490,Sales,60,86592.0,4.44,7,No,7,2024,0
E14491,HR,36,52560.0,4.21,3,Yes,5,2026,1
E14492,Sales,28,49187.0,3.84,12,No,4,2019,0
E14493,Marketing,25,93294.0,2.84,3,No,0,2021,0
E14494,Sales,35,62848.0,2.84,3,Yes,7,2024,0
E14495,HR,45,68862.0,3.01,9,No,7,2025,0
E14496,IT,42,65264.0,3.71,9,No,7,2026,1
E14497,Marketing,60,62414.0,2.67,17,Yes,3,2023,0
E14498,Operations,50,59967.0,2.58,1,No,1,2025,1
E14499,Sales,40,68392.0,3.8,7,No,7,2019,0
E14500,IT,27,78138.0,3.74,9,Yes,0,2025,0
E14501,Finance,53,82296.0,2.39,7,No,5,2025,0
E14502,Sales,32,86367.0,3.99,3,No,4,2025,0
E14503,Operations,31,58426.0,2.83,7,No,7,2025,0
E14504,Sales,26,58185.0,3.33,15,No,5,2026,0
E14505,Operations,52,57743.0,3.71,6,No,7,2021,0
E14506,IT,53,101788.0,2.99,1,No,0,2018,1
E14507,HR,32,62677.0,4.19,16,Yes,3,2018,1
E14508,Sales,54,53441.0,4.06,8,No,3,2020,0
E14509,Sales,58,55151.0,3.05,14,No,2,2024,0
E14510,Sales,43,72300.0,3.38,9,No,1,2020,0
E14511,HR,25,35378.0,3.62,12,No,4,2023,1
E14512,Sales,50,45267.0,4.09,1,Yes,1,2019,0
E14513,Finance,51,75215.0,3.91,16,Yes,0,2020,0
E14514,Finance,29,70920.0,3.97,6,No,5,2026,0
E14515,Operations,33,59427.0,3.36,6,No,5,2019,0
E14516,Sales,58,72603.0,3.78,0,No,2,2026,0
E14517,IT,31,76286.0,2.41,13,No,0,2023,0
E14518,Operations,47,69796.0,4.4,5,Yes,6,2022,0
E14519,Operations,31,52740.0,3.73,0,No,1,2024,0
E14520,Marketing,33,49422.0,3.53,11,Yes,3,2026,0
E14521,Sales,51,58667.0,2.97,2,No,3,2021,0
E14522,Finance,49,61105.0,4.74,4,No,1,2018,0
E14523,Sales,40,52431.0,3.23,3,No,6,2024,0
E14524,Operations,22,77749.0,3.35,15,No,3,2021,0
E14525,IT,38,74048.0,4.3,2,No,4,2022,0
E14526,IT,46,64849.0,3.06,15,No,3,2018,0
E14527,Finance,39,66422.0,4.39,15,No,2,2026,0
E14528,Operations,37,68743.0,4.26,9,No,2,2024,0
E14529,IT,31,35900.0,4.75,2,Yes,1,2021,1
E14530,IT,30,74281.0,4.22,3,No,1,2019,0
E14531,Sales,47,68093.0,3.65,13,Yes,0,2022,0
E14532,Marketing,59,99682.0,2.6,10,No,3,2020,1
E14533,IT,28,28000.0,4.34,14,No,1,2025,1
E14534,Marketing,45,88279.0,2.71,0,No,0,2024,0
E14535,Finance,60,84441.0,3.32,5,No,6,2025,0
E14536,Marketing,26,77380.0,4.3,7,No,1,2021,0
E14537,Operations,51,40611.0,3.94,8,No,2,2022,0
E14538,Sales,56,60315.0,3.36,8,No,6,2021,0
E14539,Marketing,45,57122.0,3.65,4,Yes,3,2019,0
E14540,Sales,50,81465.0,2.67,17,No,4,2026,0
E14541,Finance,42,60231.0,3.85,17,No,1,2021,0
E14542,Marketing,55,90116.0,2.89,6,Yes,1,2024,0
E14543,Operations,44,66577.0,4.03,17,No,0,2019,0
E14544,Operations,42,68728.0,2.06,13,No,4,2020,0
E14545,Sales,28,38745.0,3.14,5,No,6,2020,0
E14546,Operations,42,91592.0,3.53,15,No,7,2020,0
E14547,Operations,45,63734.0,3.31,5,Yes,1,2026,0
E14548,Finance,21,68821.0,2.77,4,No,6,2026,0
E14549,Operations,41,40479.0,4.69,17,Yes,6,2021,0
E14550,Finance,32,74549.0,3.46,16,Yes,2,2026,0
E14551,Finance,23,92083.0,2.5,16,No,0,2026,0
E14552,Marketing,21,35611.0,3.56,1,No,4,2026,0
E14553,Sales,21,74809.0,3.37,17,No,3,2023,0
E14554,Sales,23,68690.0,3.26,0,No,3,2021,0
E14555,Sales,53,65424.0,3.73,2,Yes,1,2019,0
E14556,IT,22,38061.0,3.49,13,No,1,2024,0
E14557,Marketing,57,72521.0,3.45,14,Yes,0,2023,0
E14558,Finance,39,68534.0,3.43,5,Yes,1,2022,0
E14559,IT,51,67243.0,2.96,0,Yes,5,2026,1
E14560,Operations,23,55604.0,3.12,10,No,5,2020,1
E14561,IT,60,57182.0,2.85,9,No,7,2025,0
E14562,Operations,25,86450.0,3.85,8,Yes,0,2026,0
E14563,Sales,58,82900.0,4.62,7,No,6,2020,0
E14564,IT,54,82772.0,2.56,4,No,3,2025,1
E14565,Operations,47,28000.0,2.85,14,Yes,1,2026,0
E14566,Sales,59,44763.0,3.28,7,No,7,2023,0
E14567,IT,57,88238.0,3.15,1,Yes,2,2018,0
E14568,Finance,53,55358.0,3.55,8,Yes,7,2024,0
E14569,Sales,23,65209.0,3.12,10,No,7,2022,0
E14570,Sales,41,61657.0,3.02,5,No,0,2023,0
E14571,Marketing,52,76951.0,3.47,0,Yes,6,2022,0
E14572,Sales,57,81021.0,3.81,2,No,6,2019,0
E14573,HR,23,69665.0,2.48,7,No,4,2018,0
E14574,IT,36,48509.0,2.64,4,No,6,2024,0
E14575,IT,58,70926.0,3.37,15,Yes,1,2022,0
E14576,IT,60,28000.0,4.17,13,No,7,2023,0
E14577,Sales,40,66855.0,3.88,13,No,3,2025,0
E14578,IT,57,60733.0,2.81,2,No,7,2024,0
E14579,IT,55,38813.0,3.04,0,No,7,2019,0
E14580,Sales,35,56619.0,3.26,13,No,4,2022,0
E14581,Marketing,47,34682.0,3.52,11,Yes,2,2024,1
E14582,Sales,59,59638.0,4.16,9,No,5,2024,0
E14583,HR,47,28000.0,4.63,2,Yes,2,2026,0
E14584,Operations,59,60003.0,3.06,4,No,4,2023,0
E14585,Operations,40,50410.0,3.7,1,Yes,6,2023,0
E14586,Sales,58,44961.0,3.29,15,No,2,2020,1
E14587,Operations,22,66323.0,3.37,9,Yes,4,2024,0
E14588,Operations,42,35046.0,2.87,0,No,4,2025,0
E14589,Operations,39,86656.0,2.51,5,No,5,2022,0
E14590,IT,32,98231.0,4.73,17,No,4,2019,0
E14591,IT,26,63490.0,2.3,11,No,1,2025,0
E14592,Operations,52,37641.0,3.95,16,No,2,2018,1
E14593,IT,45,50038.0,4.59,14,No,2,2023,0
E14594,IT,59,37582.0,2.35,6,Yes,6,2022,1
E14595,HR,58,83618.0,3.31,6,No,2,2025,0
E14596,Marketing,37,28000.0,3.36,4,Yes,7,2019,0
E14597,Finance,37,60484.0,4.34,0,No,5,2019,0
E14598,IT,51,75120.0,3.48,15,No,7,2018,0
E14599,Marketing,48,29116.0,2.31,8,No,6,2026,0
E14600,Marketing,49,76196.0,3.43,1,No,7,2026,0
E14601,Operations,32,43119.0,3.07,12,No,6,2019,0
E14602,Operations,48,77918.0,2.76,16,No,7,2026,0
E14603,Finance,52,59140.0,3.07,11,No,6,2018,0
E14604,Operations,52,98351.0,2.63,0,No,2,2026,0
E14605,Sales,40,77237.0,4.33,3,Yes,3,2020,0
E14606,Finance,37,45132.0,3.89,16,No,2,2026,0
E14607,HR,56,80557.0,3.52,6,No,5,2019,0
E14608,Operations,46,48367.0,3.2,4,No,6,2019,0
E14609,IT,27,58757.0,2.86,11,No,3,2021,0
E14610,HR,33,64678.0,4.67,9,Yes,1,2020,0
E14611,Finance,42,64371.0,4.28,1,No,0,2026,0
E14612,Operations,50,68502.0,3.43,15,No,6,2022,0
E14613,Operations,60,77010.0,2.67,4,No,6,2024,0
E14614,Sales,24,50692.0,3.44,7,Yes,5,2024,0
E14615,Marketing,50,55470.0,4.56,9,No,6,2018,0
E14616,Operations,33,77371.0,3.95,16,Yes,1,2019,1
E14617,HR,50,54667.0,3.46,15,No,0,2021,0
E14618,Operations,44,35902.0,3.27,10,No,2,2022,0
E14619,Finance,53,95150.0,4.52,7,Yes,1,2023,0
E14620,Operations,55,64334.0,3.09,17,No,6,2020,0
E14621,Marketing,60,65745.0,3.27,14,No,0,2026,0
E14622,Operations,35,30205.0,2.85,10,No,6,2019,0
E14623,Operations,23,55754.0,3.08,2,Yes,0,2024,0
E14624,IT,38,72918.0,3.71,6,No,4,2023,0
E14625,Sales,35,56444.0,3.39,13,Yes,4,2024,1
E14626,Operations,55,89305.0,4.23,12,No,4,2022,0
E14627,Marketing,52,48683.0,2.12,14,No,7,2020,0
E14628,Operations,52,111615.0,3.99,17,No,0,2026,1
E14629,IT,31,94760.0,3.74,8,No,3,2018,0
E14630,Operations,38,30543.0,3.04,3,No,4,2019,1
E14631,IT,30,75255.0,2.2,7,Yes,5,2019,0
E14632,Operations,35,67227.0,4.33,6,No,5,2019,0
E14633,Sales,60,74524.0,5.0,15,No,1,2022,0
E14634,IT,33,81051.0,3.84,1,No,2,2025,0
E14635,Finance,45,67790.0,3.46,1,Yes,0,2018,0
E14636,Operations,41,77649.0,2.39,6,No,6,2020,0
E14637,IT,48,79634.0,2.54,3,Yes,7,2022,0
E14638,IT,53,78535.0,3.61,3,No,7,2024,0
E14639,Operations,37,30211.0,2.08,4,Yes,1,2026,0
E14640,Finance,26,35778.0,3.31,6,No,0,2025,0
E14641,IT,54,65193.0,3.05,2,No,4,2023,0
E14642,Sales,39,58723.0,2.13,11,No,7,2022,0
E14643,IT,27,76177.0,2.95,12,No,1,2020,0
E14644,Operations,21,28000.0,3.83,10,No,0,2026,0
E14645,Operations,40,38607.0,3.37,9,No,1,2020,0
E14646,Sales,38,45338.0,4.05,9,Yes,6,2018,0
E14647,Marketing,32,62719.0,2.11,12,No,6,2021,0
E14648,Marketing,34,45650.0,3.4,17,No,7,2020,0
E14649,Marketing,31,30420.0,4.05,10,Yes,1,2023,0
E14650,Marketing,26,28000.0,3.97,0,No,0,2020,0
E14651,Operations,41,41367.0,3.4,0,Yes,3,2020,0
E14652,IT,53,73858.0,4.06,15,No,2,2026,0
E14653,Sales,23,58116.0,3.91,11,No,3,2023,0
E14654,Operations,34,49926.0,4.57,9,No,2,2023,0
E14655,Operations,25,50269.0,2.03,0,No,2,2019,0
E14656,IT,57,76168.0,4.02,4,No,0,2025,0
E14657,Operations,56,36963.0,3.93,0,Yes,2,2018,0
E14658,Finance,41,72545.0,2.68,13,Yes,3,2018,0
E14659,Marketing,51,44555.0,3.64,0,Yes,7,2024,0
E14660,Sales,21,77820.0,3.18,15,No,6,2021,0
E14661,HR,40,80859.0,2.88,1,No,1,2018,0
E14662,Operations,37,98599.0,4.21,5,No,0,2025,0
E14663,Sales,36,68562.0,2.34,6,No,2,2022,0
E14664,IT,23,89915.0,3.22,7,Yes,7,2018,0
E14665,Sales,38,63646.0,3.26,12,No,6,2021,0
E14666,Marketing,39,65457.0,3.02,5,Yes,3,2019,0
E14667,Finance,56,65297.0,3.14,11,Yes,4,2019,0
E14668,Finance,43,72564.0,1.88,10,Yes,0,2020,0
E14669,Operations,39,62815.0,3.97,9,No,1,2022,0
E14670,IT,23,82554.0,4.94,3,No,0,2023,0
E14671,Sales,24,66753.0,2.97,4,No,3,2018,0
E14672,Operations,44,60063.0,2.8,11,Yes,6,2024,0
E14673,HR,26,59580.0,3.02,6,No,6,2019,0
E14674,IT,37,79845.0,4.25,2,No,7,2022,1
E14675,Finance,45,64012.0,3.82,13,No,3,2019,0
E14676,Operations,31,31513.0,3.61,5,No,5,2019,0
E14677,IT,38,67021.0,3.46,1,Yes,0,2022,0
E14678,Sales,32,41690.0,4.82,5,No,5,2019,0
E14679,Sales,25,38007.0,2.65,1,No,7,2019,0
E14680,IT,35,63300.0,3.82,10,Yes,0,2022,0
E14681,Sales,48,76482.0,3.84,14,No,2,2019,0
E14682,IT,40,32944.0,3.15,4,No,3,2024,0
E14683,Operations,33,60376.0,1.9,9,No,1,2018,0
E14684,Sales,25,51406.0,2.6,4,No,1,2021,0
E14685,Operations,46,69892.0,2.56,10,No,7,2020,0
E14686,IT,49,56275.0,3.01,2,No,7,2020,0
E14687,Sales,54,61341.0,2.83,11,No,6,2024,0
E14688,IT,24,70396.0,4.46,7,Yes,3,2021,0
E14689,Operations,33,105159.0,2.61,8,No,4,2021,0
E14690,Finance,24,75527.0,3.91,10,Yes,7,2018,0
E14691,Finance,51,53914.0,3.02,11,No,0,2026,0
E14692,Operations,50,64504.0,3.74,2,No,5,2020,0
E14693,Finance,43,46865.0,2.99,11,Yes,7,2024,0
E14694,Operations,43,90936.0,3.27,13,No,2,2025,0
E14695,IT,22,88498.0,3.86,11,No,3,2020,0
E14696,Sales,59,74615.0,2.52,0,No,4,2021,0
E14697,Operations,29,46756.0,3.59,11,Yes,7,2020,1
E14698,Finance,53,75726.0,3.54,6,No,7,2023,0
E14699,Operations,24,72432.0,2.37,1,No,2,2023,0
E14700,Operations,30,58276.0,4.03,15,No,0,2020,0
E14701,Finance,57,49013.0,3.5,1,Yes,2,2024,0
E14702,Marketing,30,67878.0,3.11,13,No,5,2019,0
E14703,IT,53,63445.0,3.83,11,No,0,2020,0
E14704,Operations,45,77026.0,3.69,12,No,5,2023,0
E14705,Finance,60,89158.0,4.03,15,No,0,2019,0
E14706,Sales,55,28000.0,4.04,17,Yes,5,2023,0
E14707,IT,58,59877.0,3.22,12,No,4,2026,0
E14708,Sales,23,68546.0,3.54,1,Yes,3,2022,0
E14709,Sales,32,55450.0,3.59,3,No,7,2023,0
E14710,Sales,49,64347.0,5.0,4,No,0,2019,0
E14711,IT,40,81534.0,3.21,7,Yes,0,2024,0
E14712,Finance,25,56166.0,3.75,14,No,2,2026,0
E14713,Sales,60,68020.0,2.85,1,No,1,2026,0
E14714,Sales,33,64435.0,2.14,12,No,7,2024,0
E14715,Marketing,55,101811.0,3.3,17,No,5,2021,0
E14716,IT,25,101363.0,3.74,4,Yes,4,2021,0
E14717,IT,51,44426.0,1.45,4,No,2,2018,1
E14718,Finance,38,88034.0,2.86,2,Yes,6,2023,0
E14719,IT,33,50588.0,3.46,13,No,2,2026,0
E14720,HR,45,45532.0,2.75,1,No,3,2022,0
E14721,Finance,36,82006.0,3.15,14,No,6,2018,0
E14722,HR,21,85434.0,4.21,7,No,3,2022,0
E14723,Sales,38,62312.0,4.47,14,No,2,2026,0
E14724,Operations,52,74013.0,3.9,5,No,4,2020,0
E14725,IT,49,58959.0,3.74,0,No,3,2025,0
E14726,IT,22,62045.0,3.15,4,No,0,2022,0
E14727,Sales,57,79306.0,3.37,5,Yes,2,2018,0
E14728,IT,54,79406.0,2.54,0,No,5,2018,0
E14729,Sales,60,28000.0,4.07,16,No,7,2018,0
E14730,Sales,24,83915.0,3.1,13,No,6,2023,0
E14731,Marketing,40,40417.0,4.13,3,No,5,2022,0
E14732,IT,60,78546.0,4.48,7,No,3,2025,0
E14733,Marketing,25,70917.0,2.68,14,Yes,4,2019,0
E14734,Finance,23,63274.0,3.38,17,No,7,2020,0
E14735,Sales,35,89847.0,4.99,1,No,5,2020,0
E14736,Sales,51,86822.0,4.02,11,Yes,5,2023,0
E14737,HR,60,63598.0,2.9,3,Yes,6,2023,0
E14738,Sales,55,40404.0,2.3,1,No,2,2025,1
E14739,Sales,22,77132.0,2.71,0,No,3,2025,0
E14740,Operations,40,45129.0,3.25,12,Yes,0,2020,1
E14741,Finance,58,73220.0,2.79,2,No,3,2021,0
E14742,Sales,42,57295.0,2.74,12,No,6,2019,0
E14743,Operations,26,57834.0,2.96,10,Yes,3,2021,0
E14744,HR,46,66965.0,2.83,14,No,4,2022,0
E14745,Finance,43,65088.0,2.99,7,No,3,2020,0
E14746,Marketing,47,57562.0,4.45,3,No,3,2020,0
E14747,Finance,36,74749.0,3.93,1,Yes,0,2018,0
E14748,Sales,52,89053.0,4.2,2,No,4,2022,0
E14749,Sales,35,47512.0,3.58,17,No,7,2026,0
E14750,IT,37,54939.0,3.99,6,No,6,2026,0
E14751,Marketing,59,57485.0,2.35,5,No,1,2024,1
E14752,Operations,55,56469.0,2.72,9,No,1,2024,0
E14753,IT,47,101890.0,3.69,3,No,6,2023,0
E14754,Sales,24,56102.0,1.62,4,Yes,3,2020,0
E14755,Operations,34,92377.0,3.81,14,Yes,2,2019,0
E14756,HR,26,49525.0,2.77,17,Yes,7,2024,0
E14757,HR,22,42796.0,3.22,16,No,7,2020,0
E14758,Operations,55,66342.0,2.89,8,No,5,2024,0
E14759,IT,45,66437.0,3.24,6,Yes,3,2021,1
E14760,Sales,56,66976.0,2.54,5,Yes,2,2018,0
E14761,IT,29,74159.0,3.59,11,No,7,2023,0
E14762,Operations,51,74705.0,3.8,7,Yes,6,2021,0
E14763,Operations,28,61576.0,2.67,9,No,3,2023,0
E14764,Operations,23,83456.0,3.55,7,No,3,2024,0
E14765,Operations,32,70618.0,3.74,14,Yes,4,2021,0
E14766,HR,49,102044.0,3.45,12,Yes,0,2022,0
E14767,Operations,43,29538.0,4.15,0,Yes,4,2022,0
E14768,Sales,30,68643.0,3.17,10,No,3,2021,0
E14769,Marketing,57,91090.0,3.45,12,No,3,2025,0
E14770,Sales,55,80124.0,3.69,1,No,2,2018,0
E14771,Finance,21,80431.0,4.41,1,No,0,2025,0
E14772,Sales,33,89208.0,1.92,17,No,0,2022,0
E14773,Operations,60,63775.0,3.96,5,Yes,6,2021,0
E14774,Sales,42,60995.0,4.71,13,Yes,5,2019,1
E14775,Sales,54,76277.0,3.05,0,No,2,2025,1
E14776,Marketing,32,54352.0,4.3,3,No,5,2020,0
E14777,Sales,32,46482.0,2.99,11,Yes,7,2025,0
E14778,Marketing,35,82419.0,2.62,0,No,6,2026,1
E14779,IT,49,86106.0,4.68,1,No,1,2024,0
E14780,Sales,30,68612.0,2.43,3,Yes,0,2020,0
E14781,IT,56,71124.0,3.98,10,No,3,2020,0
E14782,Marketing,52,76560.0,2.94,16,No,5,2026,1
E14783,Finance,43,92093.0,4.01,12,No,6,2026,0
E14784,Finance,33,42152.0,3.34,9,Yes,5,2022,0
E14785,Marketing,39,61780.0,2.21,6,No,6,2023,1
E14786,Sales,39,54624.0,1.58,16,No,6,2019,0
E14787,IT,55,99578.0,2.31,8,No,1,2023,0
E14788,Marketing,28,105206.0,4.86,3,No,5,2020,0
E14789,Finance,26,97551.0,4.2,17,Yes,6,2023,0
E14790,Operations,53,41418.0,2.95,3,No,4,2019,0
E14791,IT,23,28000.0,2.95,13,No,2,2021,0
E14792,IT,55,59743.0,3.64,12,No,5,2019,0
E14793,Operations,48,63810.0,3.28,13,Yes,2,2021,0
E14794,IT,42,64959.0,4.01,7,Yes,0,2023,0
E14795,Sales,47,57937.0,4.98,5,No,3,2026,0
E14796,Finance,55,74034.0,2.7,13,No,7,2019,0
E14797,HR,29,95742.0,4.3,8,No,3,2023,0
E14798,Sales,30,45082.0,3.63,4,No,7,2022,0
E14799,Operations,45,74123.0,4.35,12,Yes,1,2023,0
E14800,IT,22,60943.0,2.83,5,Yes,1,2025,0
E14801,IT,21,102553.0,3.53,8,No,3,2020,0
E14802,Operations,35,28000.0,3.78,3,No,5,2020,0
E14803,IT,50,108123.0,4.32,5,No,5,2026,0
E14804,Sales,50,68798.0,4.14,5,Yes,3,2026,0
E14805,Finance,51,48094.0,4.97,4,Yes,3,2024,0
E14806,Operations,24,53779.0,2.87,4,No,5,2025,0
E14807,Operations,38,64908.0,4.17,9,No,1,2025,0
E14808,Operations,32,94408.0,2.66,16,No,6,2023,0
E14809,HR,52,84475.0,2.9,4,No,5,2019,0
E14810,Operations,38,80196.0,3.91,13,Yes,7,2020,1
E14811,IT,40,78970.0,3.89,6,No,7,2025,0
E14812,Finance,24,62856.0,3.82,0,Yes,2,2023,0
E14813,Sales,44,69131.0,3.6,2,No,5,2024,0
E14814,IT,25,66328.0,3.74,0,No,7,2018,1
E14815,HR,45,66577.0,2.57,7,Yes,5,2018,0
E14816,Sales,32,67008.0,3.91,13,No,4,2025,0
E14817,Sales,30,81585.0,2.94,2,No,1,2025,0
E14818,Marketing,22,67910.0,4.77,10,No,2,2022,0
E14819,HR,48,78191.0,3.49,6,Yes,1,2025,0
E14820,Marketing,48,46082.0,4.03,15,No,3,2026,0
E14821,IT,27,48630.0,2.99,1,No,0,2019,0
E14822,IT,40,63933.0,2.54,7,No,5,2020,0
E14823,Finance,36,67788.0,3.75,2,No,4,2019,0
E14824,IT,58,48366.0,2.24,8,No,6,2020,0
E14825,HR,29,65683.0,3.31,15,No,7,2021,0
E14826,Operations,56,28220.0,3.93,0,No,1,2020,0
E14827,Operations,40,28000.0,2.8,1,Yes,7,2018,0
E14828,HR,58,77928.0,4.2,15,No,5,2018,0
E14829,Operations,39,68959.0,3.93,3,No,0,2026,0
E14830,Operations,40,64615.0,2.98,0,No,6,2018,0
E14831,Marketing,55,85469.0,3.89,3,No,3,2023,0
E14832,Sales,55,82965.0,2.7,13,No,6,2022,0
E14833,Operations,56,73185.0,4.73,5,No,7,2023,0
E14834,Operations,25,49888.0,2.31,13,Yes,4,2025,0
E14835,Marketing,56,130768.0,3.4,15,No,1,2021,0
E14836,HR,29,106888.0,3.46,1,No,2,2020,0
E14837,HR,55,28000.0,2.96,5,No,4,2021,0
E14838,IT,40,53368.0,3.17,16,No,6,2021,0
E14839,Finance,43,89263.0,2.75,5,No,0,2024,0
E14840,Sales,48,72827.0,3.57,14,Yes,1,2026,0
E14841,IT,21,81576.0,3.07,17,No,2,2022,0
E14842,Sales,44,66810.0,3.53,13,No,4,2026,0
E14843,Sales,44,68752.0,4.25,12,No,6,2022,0
E14844,IT,30,78437.0,4.16,1,No,3,2023,0
E14845,Operations,39,43786.0,2.73,17,No,7,2022,0
E14846,HR,23,70165.0,4.1,2,Yes,2,2025,0
E14847,IT,52,56136.0,4.19,16,No,1,2021,0
E14848,Sales,22,63303.0,2.76,3,No,0,2023,0
E14849,Sales,55,72722.0,2.71,8,No,7,2023,0
E14850,Operations,42,85524.0,3.84,1,Yes,3,2021,0
E14851,Sales,59,66706.0,2.74,12,No,2,2020,0
E14852,Operations,35,56250.0,3.34,7,No,3,2019,0
E14853,Finance,26,36221.0,3.34,3,No,5,2026,0
E14854,Sales,56,77934.0,4.14,4,Yes,3,2023,0
E14855,IT,34,47983.0,3.92,0,No,6,2018,0
E14856,Operations,57,28000.0,4.91,4,No,2,2024,0
E14857,Sales,24,104412.0,2.69,3,Yes,2,2024,0
E14858,Sales,33,64310.0,3.22,7,No,5,2018,0
E14859,Sales,25,49825.0,3.22,9,No,2,2026,0
E14860,IT,36,58583.0,4.38,1,No,2,2023,0
E14861,Operations,38,39144.0,3.06,6,No,2,2020,0
E14862,Marketing,30,83681.0,2.68,16,No,0,2026,0
E14863,Sales,26,90183.0,4.61,16,Yes,4,2026,0
E14864,Marketing,34,79784.0,4.64,7,No,7,2021,0
E14865,Sales,21,103396.0,2.8,12,No,2,2021,0
E14866,Sales,50,57424.0,3.36,16,Yes,7,2020,0
E14867,Operations,59,41847.0,3.55,10,No,6,2026,0
E14868,Marketing,21,60365.0,4.49,14,No,6,2023,0
E14869,Operations,56,53812.0,3.03,14,No,6,2019,0
E14870,Sales,59,63574.0,2.42,1,No,3,2020,1
E14871,Sales,27,65938.0,2.13,17,No,6,2023,0
E14872,IT,44,48330.0,2.03,4,No,4,2021,0
E14873,Sales,36,78207.0,3.97,16,Yes,1,2018,0
E14874,Sales,53,72131.0,3.02,11,No,2,2021,0
E14875,Operations,31,78502.0,3.55,13,Yes,6,2022,0
E14876,Sales,29,106955.0,2.73,12,No,6,2018,0
E14877,Finance,46,101369.0,4.05,11,No,4,2022,1
E14878,Operations,31,52908.0,4.03,4,Yes,1,2018,0
E14879,IT,52,39737.0,3.33,11,No,6,2021,0
E14880,IT,28,65445.0,3.09,12,No,7,2022,0
E14881,IT,25,38150.0,2.34,2,No,6,2020,0
E14882,Operations,44,127832.0,2.71,15,Yes,4,2020,0
E14883,Operations,22,63516.0,3.53,15,No,6,2019,0
E14884,Marketing,25,51399.0,3.84,2,No,1,2022,0
E14885,Marketing,43,63868.0,3.37,2,No,2,2026,0
E14886,Sales,53,92355.0,3.47,16,No,1,2024,1
E14887,Operations,37,70436.0,3.26,16,No,5,2021,0
E14888,Finance,24,64375.0,2.39,1,No,2,2022,0
E14889,Operations,33,76395.0,2.96,10,Yes,5,2026,0
E14890,Finance,46,90573.0,3.25,3,No,1,2023,0
E14891,Finance,41,55756.0,2.94,14,Yes,5,2018,0
E14892,Operations,57,70849.0,2.38,5,Yes,3,2025,0
E14893,Operations,35,75674.0,3.04,0,No,3,2022,0
E14894,IT,56,43062.0,2.93,5,No,4,2019,0
E14895,Marketing,44,77917.0,2.31,16,No,1,2026,0
E14896,IT,35,61419.0,4.28,6,No,3,2025,0
E14897,Sales,35,50598.0,3.83,12,Yes,2,2024,0
E14898,HR,41,83453.0,3.77,10,No,1,2024,0
E14899,IT,59,64050.0,2.91,3,No,6,2021,0
E14900,Sales,51,57214.0,2.6,14,No,4,2026,0
E14901,Sales,23,64172.0,3.77,3,Yes,5,2018,0
E14902,IT,30,69866.0,3.71,14,No,5,2026,0
E14903,Marketing,24,44350.0,2.58,1,Yes,3,2023,1
E14904,IT,51,81350.0,3.02,17,Yes,3,2023,0
E14905,Finance,59,28000.0,5.0,1,No,3,2024,0
E14906,Sales,43,57851.0,4.26,9,No,6,2025,0
E14907,Operations,30,71341.0,2.84,17,No,2,2021,0
E14908,IT,32,60591.0,3.02,3,No,0,2025,0
E14909,Operations,21,42350.0,3.97,1,No,6,2026,0
E14910,IT,59,65495.0,3.41,2,Yes,7,2026,0
E14911,Marketing,53,51205.0,3.16,11,No,2,2019,0
E14912,Sales,58,71652.0,4.04,11,No,2,2023,0
E14913,IT,24,53898.0,3.13,9,No,5,2023,0
E14914,HR,24,50625.0,3.59,17,Yes,7,2020,0
E14915,Sales,43,69604.0,2.81,2,No,0,2026,0
E14916,Sales,53,75362.0,2.09,7,No,3,2026,0
E14917,IT,35,28000.0,4.48,2,Yes,6,2020,0
E14918,Sales,49,98313.0,2.73,15,Yes,7,2020,0
E14919,Sales,43,74264.0,4.43,0,Yes,0,2026,0
E14920,Sales,37,81559.0,2.9,1,No,1,2020,0
E14921,Finance,56,71476.0,3.2,6,No,4,2018,0
E14922,Marketing,54,136866.0,3.63,7,Yes,4,2020,0
E14923,Marketing,22,86986.0,2.71,11,No,5,2024,0
E14924,Marketing,43,61283.0,3.44,13,No,3,2019,0
E14925,Marketing,51,69690.0,3.18,11,No,3,2021,0
E14926,Marketing,59,56688.0,4.42,2,No,7,2022,0
E14927,Operations,28,60395.0,2.26,12,Yes,2,2024,0
E14928,IT,58,71386.0,3.68,0,No,0,2025,0
E14929,Marketing,32,85520.0,4.78,17,No,1,2018,0
E14930,Operations,32,46454.0,5.0,17,No,6,2018,0
E14931,Sales,56,83693.0,2.92,3,Yes,2,2023,0
E14932,Marketing,49,61618.0,2.98,6,No,6,2025,0
E14933,Operations,45,58879.0,4.08,16,No,1,2018,0
E14934,Operations,32,53876.0,1.52,9,No,0,2026,0
E14935,IT,31,60709.0,3.85,13,No,3,2022,0
E14936,HR,38,77967.0,4.16,13,Yes,7,2023,0
E14937,Sales,60,70571.0,3.64,17,No,4,2018,0
E14938,IT,23,83463.0,3.04,17,No,5,2025,1
E14939,Marketing,43,43994.0,3.16,5,No,0,2018,0
E14940,Marketing,59,63191.0,3.98,7,No,2,2024,0
E14941,Marketing,37,68789.0,4.21,14,No,7,2023,0
E14942,IT,27,78975.0,3.87,1,No,1,2022,0
E14943,Finance,60,35161.0,2.91,11,Yes,6,2022,0
E14944,Operations,46,79634.0,4.26,17,No,3,2023,0
E14945,Finance,43,28000.0,3.31,1,Yes,5,2024,1
E14946,Marketing,57,78767.0,2.6,14,No,5,2018,0
E14947,Marketing,57,77047.0,3.05,4,No,0,2019,0
E14948,IT,46,41632.0,3.75,9,No,1,2018,1
E14949,Finance,53,59132.0,2.61,4,No,6,2019,0
E14950,Operations,57,83904.0,3.66,9,No,7,2020,0
E14951,Sales,56,60069.0,2.87,14,No,5,2021,0
E14952,Sales,59,39497.0,4.08,4,Yes,7,2019,0
E14953,Operations,25,65670.0,3.0,1,Yes,4,2026,0
E14954,IT,45,71539.0,3.33,16,No,7,2019,0
E14955,IT,53,57188.0,3.94,13,No,2,2020,0
E14956,Operations,54,49393.0,3.81,6,No,4,2020,0
E14957,Operations,49,96857.0,4.2,0,No,5,2024,0
E14958,Finance,57,59667.0,2.68,10,No,1,2021,0
E14959,Operations,24,77914.0,5.0,13,No,3,2018,0
E14960,Operations,55,44734.0,3.62,7,No,4,2018,0
E14961,IT,54,35316.0,3.61,4,Yes,1,2026,0
E14962,IT,50,64901.0,3.16,3,No,2,2019,0
E14963,IT,28,79961.0,3.43,6,Yes,4,2025,0
E14964,HR,34,50753.0,3.97,10,No,7,2021,0
E14965,Operations,28,53413.0,3.86,2,No,7,2024,0
E14966,Marketing,30,57901.0,3.26,12,No,2,2018,0
E14967,Sales,44,49590.0,3.85,4,No,3,2026,0
E14968,Marketing,48,65927.0,5.0,7,No,7,2021,0
E14969,Sales,41,52094.0,2.32,0,Yes,2,2021,1
E14970,Marketing,33,60655.0,2.69,17,Yes,5,2018,0
E14971,Finance,27,55082.0,3.64,3,No,0,2026,0
E14972,Finance,23,62349.0,4.38,11,No,6,2018,0
E14973,Sales,58,94512.0,4.37,6,No,0,2019,0
E14974,Operations,24,73994.0,3.18,10,No,4,2021,0
E14975,Operations,44,79102.0,4.28,8,Yes,3,2022,0
E14976,IT,44,56840.0,3.48,0,No,3,2021,0
E14977,Operations,53,79291.0,4.62,3,Yes,0,2025,0
E14978,Finance,44,59483.0,3.13,6,No,0,2018,0
E14979,Sales,36,28000.0,3.32,4,No,4,2018,0
E14980,Operations,24,107903.0,2.7,8,Yes,5,2026,0
E14981,HR,50,75218.0,2.99,4,Yes,7,2025,0
E14982,IT,56,72742.0,2.52,11,No,1,2025,0
E14983,Marketing,32,74801.0,4.37,11,Yes,0,2022,0
E14984,Marketing,43,64053.0,3.36,12,Yes,1,2018,1
E14985,Marketing,28,64121.0,3.11,15,Yes,1,2024,0
E14986,HR,34,65717.0,3.23,11,No,0,2023,0
E14987,Operations,22,63200.0,3.65,16,No,7,2023,1
E14988,Sales,25,50956.0,3.09,7,No,7,2018,0
E14989,Marketing,40,83355.0,3.7,15,No,5,2026,1
E14990,IT,49,88478.0,2.42,17,Yes,1,2020,0
E14991,IT,37,84047.0,4.42,3,Yes,3,2021,0
E14992,Finance,45,56942.0,3.59,1,No,4,2025,0
E14993,Sales,23,52645.0,4.54,11,Yes,5,2021,0
E14994,IT,26,57645.0,3.72,13,No,4,2026,0
E14995,IT,56,74108.0,3.91,9,No,6,2023,0
E14996,IT,39,87441.0,3.14,0,Yes,4,2021,0
E14997,Operations,31,80318.0,4.18,7,Yes,0,2019,0
E14998,Finance,26,68745.0,4.21,8,Yes,2,2020,0
E14999,Finance,39,72750.0,3.71,10,No,7,2019,0
E15000,Operations,47,38975.0,3.88,9,No,1,2021,1
E15001,Sales,28,49424.0,3.84,8,Yes,0,2020,0
E15002,IT,56,99222.0,3.06,10,Yes,3,2024,0
E15003,Operations,39,45607.0,4.15,3,No,6,2024,0
E15004,Marketing,51,76246.0,2.68,15,No,1,2019,0
E15005,Sales,44,72975.0,4.68,8,No,6,2022,0
E15006,Marketing,57,73508.0,2.11,1,No,7,2019,0
E15007,IT,57,76296.0,2.84,14,No,1,2024,0
E15008,Operations,52,28000.0,2.78,0,No,6,2018,0
E15009,IT,44,49974.0,3.76,17,No,6,2021,0
E15010,IT,57,68931.0,3.36,14,No,7,2018,0
E15011,Sales,57,62771.0,3.79,8,No,3,2025,0
E15012,IT,35,61806.0,2.7,10,Yes,6,2019,0
E15013,Sales,53,28000.0,2.78,12,No,1,2022,0
E15014,Finance,54,75884.0,4.41,14,No,7,2025,0
E15015,IT,34,47260.0,2.81,16,No,6,2018,0
E15016,Sales,57,48189.0,4.14,7,No,3,2022,0
E15017,Finance,46,61483.0,2.61,16,No,0,2023,0
E15018,Sales,46,48130.0,3.28,8,Yes,4,2020,0
E15019,Sales,21,74951.0,2.39,8,No,5,2018,0
E15020,Sales,23,42249.0,3.12,16,Yes,3,2025,0
E15021,Sales,25,64988.0,2.94,1,No,0,2022,0
E15022,IT,33,70340.0,4.0,14,Yes,7,2019,0
E15023,IT,46,70453.0,4.46,12,No,5,2024,0
E15024,Sales,32,70403.0,2.51,5,No,2,2019,0
E15025,Operations,38,52804.0,3.02,7,No,5,2020,0
E15026,Finance,30,50969.0,3.26,5,No,4,2024,0
E15027,Sales,49,68191.0,2.86,4,No,6,2021,0
E15028,Marketing,52,56410.0,2.82,3,No,7,2024,0
E15029,IT,56,34281.0,4.33,11,No,3,2020,0
E15030,Sales,39,59056.0,3.46,3,No,0,2020,0
E15031,Finance,45,48748.0,3.49,2,No,7,2024,0
E15032,Sales,44,105223.0,3.15,1,No,7,2026,0
E15033,Sales,29,54522.0,3.97,5,No,3,2026,0
E15034,Sales,48,86939.0,3.27,15,No,3,2023,0
E15035,Finance,28,90308.0,2.46,10,No,3,2024,0
E15036,Operations,41,65776.0,3.8,12,No,7,2025,0
E15037,Marketing,21,52844.0,4.14,11,No,5,2018,0
E15038,IT,49,35843.0,4.93,3,No,2,2026,0
E15039,Sales,33,73051.0,3.67,14,No,6,2023,0
E15040,Sales,28,29795.0,3.45,7,Yes,0,2025,1
E15041,Operations,30,65318.0,2.87,2,No,1,2024,0
E15042,Sales,29,78262.0,3.01,0,No,6,2019,0
E15043,Marketing,59,44613.0,3.4,7,No,6,2024,0
E15044,HR,23,73796.0,3.72,2,No,4,2023,0
E15045,Operations,55,28000.0,2.17,8,Yes,2,2023,1
E15046,Finance,53,73785.0,3.88,16,No,4,2021,0
E15047,IT,50,76393.0,3.15,4,Yes,0,2020,1
E15048,IT,42,82307.0,2.51,3,Yes,2,2025,0
E15049,IT,55,63467.0,2.16,9,Yes,1,2023,1
E15050,Finance,26,46598.0,2.97,4,No,0,2018,0
E15051,IT,36,58271.0,3.23,17,No,7,2026,0
E15052,Operations,58,78929.0,2.57,8,Yes,4,2018,0
E15053,Sales,30,58167.0,3.45,13,No,7,2020,0
E15054,Marketing,57,65571.0,3.14,4,No,5,2026,0
E15055,Operations,52,79394.0,2.8,10,Yes,3,2025,0
E15056,IT,47,51082.0,3.64,11,No,1,2019,0
E15057,Sales,31,65792.0,4.58,6,No,1,2026,0
E15058,Operations,45,81202.0,2.98,8,No,3,2022,0
E15059,Sales,59,73075.0,3.16,7,No,4,2019,0
E15060,Finance,48,102448.0,2.65,12,No,3,2023,0
E15061,HR,57,67102.0,3.36,15,No,3,2026,0
E15062,Marketing,40,48780.0,3.68,5,No,4,2021,0
E15063,Finance,35,65694.0,2.38,6,No,1,2020,1
E15064,Sales,52,31259.0,2.87,17,No,7,2023,0
E15065,IT,41,62387.0,4.09,12,Yes,4,2026,0
E15066,Sales,51,68238.0,3.16,15,Yes,4,2026,0
E15067,Operations,41,105235.0,4.46,14,No,7,2024,0
E15068,Sales,24,88583.0,4.61,16,No,5,2020,0
E15069,Sales,45,35819.0,3.55,6,No,1,2020,0
E15070,IT,59,50934.0,3.8,16,No,5,2022,0
E15071,Marketing,42,62285.0,3.41,15,No,5,2022,0
E15072,Sales,39,28000.0,4.82,10,Yes,4,2020,0
E15073,Sales,51,97380.0,4.33,4,No,2,2018,0
E15074,Operations,21,78810.0,2.07,6,Yes,5,2022,0
E15075,Sales,35,97519.0,3.72,9,Yes,4,2019,0
E15076,Sales,35,54527.0,4.1,15,No,1,2024,0
E15077,Operations,58,50822.0,4.79,11,Yes,1,2022,0
E15078,Sales,55,36594.0,4.22,10,Yes,6,2021,0
E15079,Sales,24,53282.0,3.66,6,No,5,2020,0
E15080,IT,38,56556.0,2.7,16,No,6,2021,0
E15081,Sales,37,54933.0,3.62,1,Yes,0,2024,0
E15082,HR,41,44221.0,3.14,17,No,3,2024,0
E15083,IT,53,56815.0,3.38,0,No,1,2026,0
E15084,Operations,43,43285.0,3.29,16,No,3,2026,0
E15085,Marketing,23,66908.0,3.36,2,No,4,2022,0
E15086,Operations,35,103635.0,2.57,7,Yes,7,2022,0
E15087,IT,30,58537.0,2.8,0,No,2,2023,0
E15088,IT,49,53590.0,3.58,11,No,6,2026,0
E15089,Operations,35,104716.0,2.84,15,No,4,2020,0
E15090,Operations,28,95755.0,3.49,16,No,6,2026,1
E15091,Operations,56,49576.0,4.62,6,No,3,2026,0
E15092,HR,55,45270.0,2.99,8,No,5,2019,0
E15093,Sales,24,69781.0,4.78,2,No,6,2024,0
E15094,IT,45,73841.0,2.73,15,No,2,2021,0
E15095,IT,28,60821.0,2.68,5,Yes,0,2025,1
E15096,Finance,49,28000.0,4.29,11,No,7,2023,0
E15097,HR,52,56333.0,4.77,3,No,5,2021,0
E15098,Sales,28,103280.0,3.72,0,No,2,2023,0
E15099,Sales,60,77286.0,4.24,12,No,6,2018,0
E15100,Sales,60,58500.0,2.78,1,No,2,2020,0
E15101,Finance,51,28713.0,2.74,8,No,5,2019,0
E15102,IT,54,42889.0,2.83,15,Yes,2,2022,0
E15103,Marketing,26,92678.0,2.83,1,No,0,2023,0
E15104,Marketing,58,71446.0,3.89,16,No,0,2021,0
E15105,IT,26,52133.0,3.39,0,Yes,1,2024,1
E15106,Finance,45,56744.0,3.88,8,No,6,2018,0
E15107,Sales,24,57086.0,3.47,8,No,6,2020,0
E15108,Operations,25,74793.0,4.0,14,No,1,2020,0
E15109,IT,45,68149.0,3.76,5,Yes,0,2024,0
E15110,Sales,36,68269.0,3.65,9,No,2,2026,0
E15111,Operations,39,84346.0,2.95,15,No,3,2018,0
E15112,IT,49,74955.0,3.67,11,No,2,2022,0
E15113,Operations,50,101154.0,1.86,0,No,3,2021,1
E15114,Sales,51,69119.0,1.67,3,No,6,2019,0
E15115,IT,43,77433.0,3.32,16,No,1,2021,0
E15116,Sales,44,41292.0,3.55,14,No,2,2021,0
E15117,Finance,31,72343.0,2.66,0,No,0,2022,0
E15118,Marketing,21,71228.0,3.82,10,No,0,2024,0
E15119,Marketing,30,108152.0,3.39,11,No,0,2021,0
E15120,Operations,30,84658.0,3.33,13,Yes,3,2024,1
E15121,Sales,53,85053.0,2.88,1,No,2,2024,0
E15122,IT,40,59531.0,3.43,9,No,3,2018,0
E15123,IT,27,73876.0,3.83,1,Yes,2,2018,0
E15124,Operations,45,51075.0,2.79,15,No,6,2026,0
E15125,Operations,43,70697.0,3.04,2,No,4,2026,0
E15126,Marketing,29,46514.0,3.92,14,No,3,2025,0
E15127,IT,60,44318.0,3.65,2,No,4,2020,0
E15128,Operations,52,45201.0,3.51,9,Yes,1,2023,0
E15129,Marketing,30,74027.0,2.44,16,No,4,2023,0
E15130,Operations,30,73712.0,3.65,17,No,1,2023,0
E15131,Operations,40,91954.0,4.17,12,No,0,2025,0
E15132,Finance,45,83220.0,3.33,12,No,2,2026,0
E15133,IT,45,85342.0,3.84,6,No,2,2019,0
E15134,Marketing,26,36710.0,4.38,15,No,3,2022,0
E15135,Operations,29,75759.0,3.62,17,Yes,7,2025,0
E15136,Finance,26,72638.0,2.84,6,No,4,2023,0
E15137,Marketing,49,76090.0,2.63,0,No,0,2019,1
E15138,Sales,45,66421.0,3.5,16,No,6,2022,0
E15139,Sales,53,88976.0,1.4,9,No,5,2025,0
E15140,Marketing,51,73164.0,3.44,17,No,0,2019,0
E15141,Sales,28,51815.0,3.46,12,Yes,5,2026,0
E15142,IT,57,65955.0,3.01,12,No,4,2026,0
E15143,Sales,47,51504.0,2.04,11,No,4,2024,0
E15144,Sales,59,70712.0,3.78,8,Yes,2,2018,0
E15145,Finance,34,47008.0,3.7,7,No,4,2020,0
E15146,IT,41,54444.0,3.47,17,No,2,2025,0
E15147,Operations,51,96012.0,3.45,15,No,6,2018,0
E15148,Operations,28,73159.0,3.05,11,No,5,2018,0
E15149,IT,26,69109.0,5.0,7,No,6,2026,0
E15150,IT,27,64848.0,3.8,4,Yes,7,2023,0
E15151,Marketing,42,31403.0,4.91,2,No,7,2019,0
E15152,Sales,37,82545.0,2.4,9,Yes,6,2022,0
E15153,Operations,44,81077.0,3.55,16,No,1,2018,0
E15154,Sales,36,86770.0,2.92,8,No,5,2022,0
E15155,Finance,55,80977.0,3.99,13,No,2,2026,0
E15156,Finance,33,67796.0,3.0,4,No,6,2024,0
E15157,Marketing,53,54306.0,3.42,11,No,7,2021,0
E15158,Operations,44,80955.0,5.0,2,No,1,2021,0
E15159,Sales,35,32770.0,2.13,11,No,6,2022,0
E15160,Operations,56,53198.0,3.07,5,Yes,7,2022,1
E15161,Sales,49,71316.0,3.55,15,No,3,2025,0
E15162,Sales,28,70772.0,3.48,3,No,1,2021,0
E15163,Sales,30,46327.0,3.17,10,No,6,2025,0
E15164,Operations,37,75007.0,2.23,14,No,7,2023,0
E15165,Finance,30,66749.0,3.02,2,Yes,2,2023,0
E15166,HR,58,60953.0,4.2,15,Yes,4,2024,0
E15167,Operations,23,62934.0,3.35,6,No,6,2020,0
E15168,Sales,22,63258.0,3.97,8,No,3,2023,0
E15169,HR,39,64139.0,1.9,13,No,1,2020,0
E15170,Sales,34,67528.0,4.29,7,Yes,1,2018,0
E15171,Sales,30,95659.0,2.19,4,Yes,7,2018,0
E15172,Sales,24,45747.0,3.01,14,Yes,4,2020,0
E15173,Sales,42,67940.0,2.66,1,Yes,2,2022,0
E15174,Operations,42,66600.0,3.36,10,Yes,3,2021,0
E15175,Sales,21,72189.0,3.66,0,Yes,0,2021,0
E15176,HR,43,72904.0,2.29,13,No,0,2021,0
E15177,HR,35,36689.0,3.74,14,No,0,2018,0
E15178,IT,23,88092.0,4.27,16,No,3,2018,0
E15179,Finance,45,59598.0,4.41,15,No,3,2022,0
E15180,Operations,23,65696.0,3.77,5,No,7,2018,0
E15181,Operations,25,71536.0,3.02,3,No,7,2021,0
E15182,IT,43,67485.0,3.25,2,No,0,2020,0
E15183,Operations,34,69502.0,2.69,11,No,7,2025,0
E15184,Operations,58,52323.0,3.76,8,No,1,2023,0
E15185,Sales,29,82769.0,2.75,0,No,5,2018,0
E15186,Finance,52,72865.0,3.46,7,No,1,2019,0
E15187,Operations,34,75300.0,2.78,8,Yes,0,2022,1
E15188,IT,57,94688.0,3.38,3,Yes,2,2020,0
E15189,IT,30,87712.0,4.4,6,Yes,0,2024,0
E15190,Operations,22,41982.0,3.62,12,No,2,2026,0
E15191,Operations,55,57215.0,3.62,7,No,5,2023,0
E15192,Operations,47,58300.0,3.73,7,No,2,2024,0
E15193,HR,38,66111.0,4.16,11,No,5,2020,0
E15194,Marketing,38,65477.0,3.16,0,No,2,2018,0
E15195,Operations,50,77125.0,3.57,0,No,3,2020,0
E15196,Operations,57,80881.0,3.38,11,Yes,2,2020,0
E15197,Operations,28,64773.0,4.01,7,No,2,2020,0
E15198,Sales,22,77578.0,3.19,10,No,4,2026,0
E15199,HR,59,41821.0,4.58,2,No,6,2026,0
E15200,Sales,35,80486.0,3.04,2,No,6,2020,0
E15201,IT,59,73897.0,2.14,10,Yes,4,2019,0
E15202,Finance,46,67603.0,2.73,13,Yes,3,2019,0
E15203,Operations,28,77215.0,3.57,4,No,1,2022,0
E15204,HR,49,86790.0,1.98,7,No,1,2021,0
E15205,Operations,31,69470.0,4.06,17,No,6,2023,0
E15206,Operations,33,78245.0,2.58,14,No,0,2019,0
E15207,IT,45,81400.0,3.93,11,No,0,2018,0
E15208,Operations,22,37166.0,5.0,15,No,3,2023,0
E15209,Sales,48,74778.0,3.39,13,Yes,2,2025,0
E15210,Marketing,40,38913.0,3.07,15,Yes,7,2020,1
E15211,Sales,34,66339.0,2.48,0,Yes,7,2024,0
E15212,IT,41,57204.0,3.66,6,No,2,2018,1
E15213,Sales,27,36532.0,3.23,2,Yes,2,2024,0
E15214,Marketing,60,49102.0,3.9,1,No,0,2026,0
E15215,Sales,45,71676.0,3.17,8,No,3,2025,0
E15216,Finance,57,76375.0,3.17,2,No,5,2018,0
E15217,Sales,28,74169.0,3.72,1,No,7,2022,0
E15218,Operations,45,58166.0,4.52,17,Yes,5,2019,0
E15219,Operations,45,51096.0,4.72,7,No,3,2020,1
E15220,Sales,33,71720.0,3.69,13,Yes,7,2018,0
E15221,Marketing,52,47973.0,4.02,10,No,7,2019,0
E15222,Sales,21,62130.0,4.18,17,No,5,2018,0
E15223,Marketing,28,64701.0,3.15,13,No,1,2023,0
E15224,Sales,47,48684.0,3.03,9,Yes,1,2023,0
E15225,Finance,42,52523.0,3.82,13,No,4,2023,0
E15226,Finance,41,78746.0,3.83,13,No,4,2021,0
E15227,Operations,34,48772.0,3.66,5,Yes,5,2025,0
E15228,Marketing,24,30602.0,3.37,2,No,2,2022,0
E15229,Marketing,21,79574.0,3.01,17,No,4,2022,0
E15230,Finance,45,67849.0,4.63,1,Yes,5,2024,1
E15231,Finance,49,49228.0,4.15,10,No,0,2026,1
E15232,Sales,50,61150.0,2.97,9,No,3,2023,0
E15233,IT,42,68143.0,2.96,16,No,1,2026,0
E15234,Operations,26,80402.0,4.15,17,No,2,2025,0
E15235,Marketing,50,70995.0,2.55,14,Yes,0,2026,0
E15236,Marketing,44,51091.0,2.81,17,No,6,2018,0
E15237,HR,29,83439.0,3.5,7,No,1,2020,0
E15238,IT,42,45591.0,3.89,5,No,6,2025,0
E15239,Marketing,53,81982.0,4.44,5,No,3,2018,0
E15240,Finance,29,93327.0,1.8,9,Yes,3,2023,0
E15241,Operations,41,63936.0,3.02,11,No,0,2023,0
E15242,Marketing,54,89411.0,4.5,5,No,7,2023,0
E15243,Sales,46,64211.0,3.58,16,No,6,2019,0
E15244,Sales,29,80176.0,3.67,1,Yes,5,2019,0
E15245,Sales,46,53883.0,3.66,13,No,0,2019,0
E15246,Marketing,50,104962.0,2.39,5,No,5,2021,1
E15247,IT,40,32446.0,1.91,11,Yes,7,2024,1
E15248,IT,27,45440.0,4.32,0,Yes,4,2023,0
E15249,Finance,26,100825.0,3.79,5,No,3,2026,0
E15250,Operations,40,48399.0,3.19,10,No,7,2023,0
E15251,Sales,49,68829.0,3.86,10,No,6,2020,0
E15252,Operations,54,93490.0,1.37,11,Yes,6,2024,1
E15253,Marketing,37,70064.0,4.05,15,No,0,2020,0
E15254,IT,46,97991.0,3.66,5,No,2,2019,0
E15255,HR,48,44189.0,3.41,7,Yes,1,2022,1
E15256,Operations,38,86697.0,2.9,5,No,3,2018,0
E15257,Sales,43,71248.0,3.24,4,No,3,2025,0
E15258,Marketing,26,59927.0,2.77,16,No,2,2021,0
E15259,Sales,40,87776.0,2.73,16,No,3,2021,0
E15260,HR,41,64308.0,2.53,3,Yes,6,2026,1
E15261,Sales,37,69493.0,3.53,16,No,0,2018,0
E15262,HR,45,53956.0,4.1,11,Yes,2,2021,0
E15263,IT,54,73384.0,3.17,6,No,5,2022,0
E15264,HR,53,29623.0,3.59,3,No,3,2022,0
E15265,Sales,39,68487.0,3.67,5,No,3,2024,0
E15266,Finance,24,66615.0,3.54,15,Yes,6,2021,0
E15267,Marketing,37,37294.0,3.48,8,No,6,2018,0
E15268,Operations,33,52661.0,3.57,14,No,4,2026,1
E15269,Marketing,49,28000.0,3.28,8,No,7,2023,0
E15270,Finance,46,63200.0,3.62,9,No,2,2024,0
E15271,HR,48,84021.0,3.65,15,Yes,2,2022,1
E15272,Operations,21,88734.0,4.17,13,Yes,1,2019,0
E15273,HR,53,70927.0,4.21,6,No,0,2019,0
E15274,IT,25,63369.0,3.56,15,No,0,2020,0
E15275,Sales,21,52266.0,2.35,13,No,0,2019,0
E15276,IT,36,55856.0,2.86,4,Yes,1,2026,0
E15277,HR,25,72701.0,4.42,2,No,3,2021,0
E15278,HR,36,78421.0,3.82,7,No,0,2021,0
E15279,Sales,24,92900.0,4.12,12,No,2,2020,0
E15280,Marketing,32,32986.0,3.27,17,No,4,2022,0
E15281,Finance,51,55461.0,4.27,14,No,6,2018,0
E15282,Finance,55,47981.0,2.43,13,Yes,2,2020,0
E15283,IT,29,76116.0,2.65,14,No,3,2026,0
E15284,Marketing,38,50472.0,2.39,15,Yes,3,2018,0
E15285,Finance,58,96812.0,2.95,14,No,3,2019,0
E15286,IT,33,43206.0,3.14,13,No,4,2021,0
E15287,Marketing,22,52640.0,4.84,14,No,5,2023,0
E15288,Operations,33,54038.0,2.72,12,No,7,2018,0
E15289,Finance,48,71645.0,2.23,10,Yes,6,2026,0
E15290,Finance,33,45298.0,3.01,2,Yes,5,2026,0
E15291,Sales,32,58639.0,2.61,12,No,6,2018,1
E15292,Marketing,57,54514.0,2.53,4,Yes,5,2023,0
E15293,IT,33,54267.0,4.64,15,No,3,2018,0
E15294,Sales,26,102189.0,4.2,15,No,6,2025,0
E15295,Finance,39,43914.0,2.55,13,No,0,2024,0
E15296,Sales,33,49846.0,3.5,7,Yes,1,2025,1
E15297,Operations,27,65054.0,2.88,16,No,2,2026,0
E15298,Operations,58,87182.0,2.4,14,No,5,2020,0
E15299,Finance,49,51416.0,2.7,6,No,5,2021,0
E15300,Sales,22,51967.0,3.45,7,Yes,3,2021,0
E15301,Finance,55,91084.0,2.61,10,No,1,2022,0
E15302,Finance,49,34818.0,3.11,3,No,7,2024,0
E15303,Operations,37,43181.0,3.68,4,Yes,7,2021,0
E15304,Operations,29,66941.0,1.04,0,No,1,2023,0
E15305,Marketing,36,28000.0,3.67,1,No,6,2025,0
E15306,Sales,24,71229.0,2.74,1,No,0,2026,0
E15307,Sales,31,60058.0,3.3,17,No,3,2018,0
E15308,Marketing,41,95111.0,2.44,10,Yes,4,2020,0
E15309,IT,29,80552.0,3.39,16,Yes,6,2025,0
E15310,Operations,33,37689.0,2.88,9,No,1,2019,0
E15311,Marketing,28,37228.0,2.72,9,No,6,2018,1
E15312,Sales,38,51965.0,3.31,13,No,4,2024,0
E15313,Operations,55,94949.0,2.77,0,Yes,7,2019,0
E15314,HR,46,55221.0,4.01,5,No,0,2024,0
E15315,Finance,38,79565.0,2.67,2,No,3,2023,0
E15316,Sales,40,79195.0,4.16,8,Yes,2,2018,0
E15317,Sales,29,51195.0,3.71,14,No,4,2025,0
E15318,Operations,55,85925.0,3.04,16,Yes,3,2020,0
E15319,Sales,40,58132.0,3.38,10,No,3,2022,0
E15320,IT,21,67344.0,4.27,9,No,2,2020,0
E15321,Finance,33,68487.0,3.66,9,No,6,2021,0
E15322,Sales,39,61105.0,4.11,5,No,3,2019,0
E15323,IT,22,59551.0,3.76,3,No,6,2026,0
E15324,Sales,55,106536.0,1.99,2,No,4,2026,1
E15325,IT,47,70572.0,2.58,0,Yes,6,2018,0
E15326,IT,50,58530.0,3.12,5,No,2,2021,0
E15327,IT,30,63805.0,3.12,10,No,3,2024,0
E15328,Operations,48,66931.0,3.07,11,Yes,2,2019,0
E15329,IT,21,49608.0,4.09,17,No,6,2023,0
E15330,Operations,43,79740.0,4.53,1,No,6,2019,1
E15331,Operations,51,91091.0,3.35,6,Yes,7,2026,1
E15332,Sales,58,38662.0,4.09,12,No,6,2025,0
E15333,Marketing,56,46963.0,4.33,7,No,7,2019,0
E15334,IT,42,62602.0,3.38,14,No,5,2026,0
E15335,Operations,46,63439.0,3.42,13,Yes,2,2020,0
E15336,Sales,25,67592.0,2.67,4,No,0,2026,0
E15337,Sales,47,37692.0,3.07,13,Yes,3,2024,0
E15338,Operations,50,54580.0,4.04,13,No,4,2022,0
E15339,Operations,27,57050.0,3.56,2,Yes,6,2021,0
E15340,IT,60,64715.0,3.61,1,No,2,2020,0
E15341,Finance,32,57317.0,3.39,1,No,6,2025,0
E15342,IT,55,87854.0,2.85,17,No,4,2021,0
E15343,Finance,58,34924.0,2.53,3,No,7,2020,0
E15344,Sales,29,56693.0,3.72,8,No,1,2024,0
E15345,Operations,28,36735.0,2.88,7,Yes,6,2024,0
E15346,Operations,56,97235.0,3.66,10,Yes,3,2018,0
E15347,IT,37,56606.0,3.26,8,No,1,2021,0
E15348,Operations,51,65383.0,3.66,4,No,2,2023,0
E15349,Finance,38,66511.0,2.85,4,No,1,2019,0
E15350,Finance,21,59744.0,3.55,1,No,3,2024,0
E15351,IT,31,46922.0,2.98,16,No,7,2022,0
E15352,Finance,57,80516.0,3.18,8,No,5,2023,0
E15353,Finance,42,90096.0,3.23,4,Yes,2,2021,0
E15354,Marketing,24,86727.0,2.92,16,No,3,2021,0
E15355,Sales,37,79493.0,4.23,7,No,2,2024,0
E15356,Sales,37,57039.0,1.67,1,No,3,2026,0
E15357,Operations,26,96634.0,3.23,14,No,7,2024,0
E15358,Finance,24,56514.0,3.93,4,Yes,5,2022,0
E15359,Finance,27,47544.0,4.01,1,No,4,2021,0
E15360,Marketing,50,71556.0,2.06,9,No,3,2022,0
E15361,IT,26,92614.0,3.36,10,Yes,1,2025,0
E15362,Finance,40,40175.0,1.7,2,No,0,2025,0
E15363,Sales,49,35386.0,3.54,4,No,0,2019,0
E15364,Sales,25,81917.0,3.73,11,Yes,6,2022,1
E15365,Sales,34,78293.0,3.85,15,No,6,2024,0
E15366,Operations,51,35347.0,4.82,3,No,3,2022,0
E15367,Operations,55,72975.0,2.62,16,Yes,4,2025,0
E15368,Sales,38,85509.0,2.61,4,No,5,2020,0
E15369,IT,23,36653.0,2.68,8,No,6,2024,0
E15370,Operations,43,52299.0,3.9,4,No,4,2025,0
E15371,Sales,43,69455.0,3.74,8,No,3,2021,0
E15372,HR,39,76908.0,2.12,4,No,7,2023,0
E15373,HR,25,71657.0,4.78,13,No,4,2023,0
E15374,Marketing,58,65141.0,2.9,1,No,7,2026,0
E15375,IT,57,47040.0,3.65,9,No,5,2024,0
E15376,Sales,32,33402.0,3.27,1,No,7,2021,0
E15377,Sales,27,81237.0,3.69,8,No,3,2019,0
E15378,Finance,50,87747.0,4.0,4,No,6,2019,0
E15379,Finance,22,67460.0,3.34,16,No,7,2023,0
E15380,Sales,54,63225.0,3.81,17,No,4,2018,0
E15381,Finance,29,75494.0,3.74,7,No,2,2026,0
E15382,HR,50,56137.0,3.79,15,No,1,2023,0
E15383,Sales,41,74901.0,2.95,6,No,1,2020,0
E15384,Sales,24,74755.0,2.76,6,Yes,2,2019,0
E15385,Sales,57,79975.0,4.49,5,Yes,0,2026,0
E15386,Operations,40,61938.0,4.84,9,Yes,4,2025,0
E15387,IT,33,68535.0,2.78,13,Yes,7,2023,1
E15388,Finance,44,79321.0,3.73,4,No,6,2024,0
E15389,Operations,23,108896.0,3.93,13,Yes,3,2025,0
E15390,Sales,53,69783.0,3.12,9,Yes,5,2025,0
E15391,Operations,53,56805.0,3.68,4,No,2,2021,0
E15392,Operations,38,73690.0,3.28,3,No,1,2026,0
E15393,Sales,21,57947.0,3.68,10,No,3,2022,0
E15394,Operations,47,87357.0,2.89,3,Yes,4,2018,0
E15395,IT,59,94172.0,3.22,3,No,3,2018,0
E15396,Sales,33,48790.0,2.71,3,Yes,5,2025,0
E15397,Sales,33,62098.0,3.27,3,Yes,1,2024,0
E15398,Marketing,38,52700.0,3.12,4,Yes,5,2025,0
E15399,Marketing,22,83835.0,3.06,0,Yes,0,2018,0
E15400,Sales,45,113432.0,4.05,2,Yes,7,2025,0
E15401,Sales,27,72009.0,3.55,2,Yes,0,2025,0
E15402,IT,59,59449.0,3.81,8,No,3,2019,0
E15403,Operations,37,83560.0,3.75,4,No,5,2021,0
E15404,Finance,52,62002.0,2.4,11,No,3,2021,1
E15405,Sales,58,82606.0,4.34,6,No,4,2022,0
E15406,Operations,42,48904.0,2.87,0,Yes,3,2024,1
E15407,HR,38,48926.0,3.53,7,Yes,6,2024,0
E15408,Sales,35,77564.0,3.12,12,No,4,2026,0
E15409,HR,57,56046.0,3.77,10,Yes,6,2018,0
E15410,Operations,25,56427.0,3.92,6,No,5,2018,0
E15411,Sales,22,70869.0,3.97,0,No,6,2018,0
E15412,Marketing,30,83245.0,3.5,1,No,3,2022,0
E15413,Operations,23,76797.0,2.27,10,Yes,7,2022,1
E15414,Finance,33,78758.0,3.12,11,No,3,2025,0
E15415,IT,56,61504.0,3.3,16,No,6,2019,0
E15416,Operations,38,70758.0,3.26,5,No,7,2023,0
E15417,Sales,45,65438.0,2.85,7,No,0,2025,0
E15418,HR,23,59292.0,3.68,1,Yes,2,2020,0
E15419,Finance,42,76740.0,4.95,15,No,6,2018,0
E15420,Operations,30,69475.0,4.84,13,No,2,2024,0
E15421,IT,33,76582.0,3.22,15,Yes,0,2025,0
E15422,Marketing,44,60359.0,3.6,17,No,5,2020,0
E15423,IT,23,65067.0,2.86,5,No,6,2018,0
E15424,Operations,56,76706.0,2.64,2,No,4,2019,0
E15425,Finance,50,43895.0,2.95,0,No,4,2025,0
E15426,IT,45,75984.0,3.55,9,No,7,2026,1
E15427,Marketing,52,59607.0,4.02,11,No,6,2022,0
E15428,Operations,41,91115.0,2.52,13,No,7,2018,0
E15429,Operations,27,52928.0,3.6,0,Yes,0,2020,0
E15430,Marketing,36,77930.0,2.81,6,No,0,2018,0
E15431,IT,38,72001.0,2.99,13,No,3,2023,0
E15432,IT,38,77218.0,2.85,2,No,5,2026,0
E15433,IT,40,87782.0,2.93,4,No,2,2025,0
E15434,IT,55,79154.0,2.49,3,No,3,2018,0
E15435,HR,47,70635.0,1.92,6,Yes,4,2022,0
E15436,HR,48,43773.0,4.74,2,No,2,2024,0
E15437,Sales,21,37945.0,2.91,6,No,7,2025,0
E15438,IT,46,63722.0,3.43,6,No,0,2018,0
E15439,IT,37,53553.0,2.83,9,No,1,2026,1
E15440,IT,60,95182.0,3.58,2,Yes,3,2019,0
E15441,Operations,30,89710.0,4.9,0,Yes,4,2026,0
E15442,Marketing,29,41815.0,2.49,15,No,4,2024,0
E15443,Marketing,53,56512.0,3.02,15,No,0,2025,0
E15444,Sales,35,47283.0,2.8,7,Yes,1,2018,0
E15445,Operations,34,53322.0,3.04,17,No,7,2019,0
E15446,Operations,49,107506.0,4.23,17,No,0,2021,0
E15447,IT,40,60544.0,3.73,14,No,6,2022,0
E15448,IT,29,46000.0,2.47,2,No,5,2025,0
E15449,IT,21,95387.0,4.13,1,Yes,5,2025,0
E15450,Operations,50,28000.0,2.68,11,No,5,2026,0
E15451,IT,37,78113.0,3.29,10,No,6,2026,0
E15452,Sales,38,63930.0,3.61,3,No,6,2022,0
E15453,Finance,42,43831.0,3.65,17,Yes,5,2019,0
E15454,Sales,21,57651.0,2.57,17,Yes,7,2019,1
E15455,Operations,25,56828.0,4.07,0,No,5,2019,0
E15456,Marketing,24,81869.0,3.72,10,No,7,2023,0
E15457,Operations,30,78715.0,1.42,12,Yes,2,2019,1
E15458,Finance,41,28000.0,2.52,7,No,5,2022,0
E15459,Sales,48,85968.0,4.07,7,No,3,2021,0
E15460,Sales,22,28000.0,4.15,3,No,4,2024,0
E15461,Operations,47,49355.0,2.93,13,No,5,2022,0
E15462,Operations,55,71111.0,3.81,5,No,5,2021,0
E15463,Sales,38,56911.0,2.82,7,No,7,2026,0
E15464,Sales,26,69344.0,2.52,13,Yes,0,2020,0
E15465,Operations,36,86112.0,2.3,11,No,3,2025,0
E15466,Sales,59,94310.0,4.37,7,No,2,2019,0
E15467,Marketing,27,54693.0,3.37,13,No,4,2019,0
E15468,Sales,51,49815.0,3.65,2,No,3,2018,0
E15469,Sales,43,81308.0,3.37,14,No,2,2026,0
E15470,Sales,45,83673.0,3.58,10,No,2,2019,0
E15471,Marketing,52,85792.0,1.31,14,No,2,2018,0
E15472,Marketing,42,74449.0,1.94,10,No,1,2025,0
E15473,IT,42,82566.0,2.81,7,No,3,2025,0
E15474,Finance,47,47541.0,3.3,9,No,7,2024,0
E15475,Operations,25,92306.0,3.15,12,No,6,2023,0
E15476,Sales,33,73527.0,3.3,0,Yes,7,2024,0
E15477,HR,58,73901.0,3.33,1,Yes,6,2019,0
E15478,Marketing,58,74208.0,2.78,8,No,1,2021,0
E15479,Finance,58,49953.0,2.63,3,No,6,2023,0
E15480,IT,35,89040.0,3.07,12,No,4,2018,0
E15481,Marketing,32,83671.0,4.37,5,Yes,3,2020,0
E15482,Marketing,56,39374.0,1.91,16,No,4,2020,0
E15483,IT,24,72531.0,4.33,9,Yes,4,2022,0
E15484,IT,38,98695.0,2.47,3,No,7,2018,0
E15485,IT,40,95157.0,3.53,3,Yes,0,2018,0
E15486,Marketing,46,66139.0,2.92,11,No,2,2025,0
E15487,HR,51,37486.0,5.0,5,No,5,2026,0
E15488,Sales,34,67530.0,4.8,3,No,6,2018,0
E15489,IT,26,89536.0,2.95,15,No,3,2023,0
E15490,Marketing,42,81339.0,3.08,11,No,6,2025,0
E15491,IT,59,61940.0,2.85,1,No,1,2025,0
E15492,IT,47,80175.0,3.86,10,Yes,0,2020,0
E15493,IT,37,28000.0,3.0,15,No,0,2021,0
E15494,HR,52,47962.0,2.69,15,Yes,6,2020,0
E15495,Operations,29,61748.0,4.48,14,No,3,2021,0
E15496,Sales,58,69513.0,3.9,5,Yes,6,2022,1
E15497,Marketing,28,62999.0,2.26,10,No,6,2020,0
E15498,Sales,36,83749.0,3.61,0,No,7,2024,0
E15499,Sales,25,75880.0,3.23,12,No,5,2022,0
E15500,IT,50,76164.0,3.32,16,No,1,2025,0
E15501,IT,23,66782.0,3.86,13,No,0,2025,1
E15502,IT,39,47570.0,3.92,15,Yes,5,2026,0
E15503,Sales,29,73851.0,3.39,17,No,5,2018,0
E15504,Finance,51,45926.0,3.89,17,Yes,0,2022,0
E15505,Operations,32,92885.0,3.1,16,Yes,5,2018,0
E15506,Sales,42,42780.0,2.82,16,No,5,2026,0
E15507,Finance,53,60408.0,3.23,7,No,2,2022,0
E15508,Finance,24,91796.0,2.69,0,No,2,2019,0
E15509,Operations,52,89086.0,3.33,1,No,2,2022,1
E15510,Sales,29,75133.0,3.87,13,No,1,2019,0
E15511,IT,38,41192.0,2.97,9,Yes,1,2023,1
E15512,Finance,25,70586.0,4.18,15,Yes,0,2020,0
E15513,Finance,54,46425.0,2.51,9,Yes,6,2018,0
E15514,Operations,25,75070.0,2.75,9,No,4,2024,0
E15515,IT,48,79677.0,3.88,8,No,1,2022,0
E15516,Marketing,21,82929.0,2.52,4,Yes,2,2021,0
E15517,Marketing,52,92275.0,3.6,17,Yes,5,2021,0
E15518,Finance,47,49290.0,3.85,7,Yes,7,2020,0
E15519,Sales,45,53220.0,3.99,7,Yes,6,2023,0
E15520,Sales,38,68800.0,3.24,3,No,2,2022,0
E15521,Operations,53,81189.0,2.7,17,No,1,2022,1
E15522,Finance,52,35516.0,3.48,2,Yes,1,2021,0
E15523,IT,58,79814.0,3.47,3,No,2,2019,0
E15524,Operations,41,75775.0,3.28,9,Yes,3,2020,0
E15525,Operations,53,61889.0,3.62,5,No,2,2022,0
E15526,Operations,27,75423.0,4.12,7,No,4,2018,0
E15527,Sales,34,67597.0,4.16,5,No,6,2026,0
E15528,Marketing,50,84535.0,3.76,11,No,1,2018,0
E15529,Sales,55,81523.0,4.13,9,No,0,2018,1
E15530,Operations,23,49074.0,3.8,16,Yes,6,2020,0
E15531,Operations,54,67166.0,3.13,10,Yes,1,2019,0
E15532,Operations,26,28384.0,3.51,9,No,5,2026,0
E15533,Sales,57,52988.0,3.77,2,No,6,2024,0
E15534,IT,30,74428.0,3.17,5,No,4,2018,0
E15535,Finance,31,64927.0,2.99,3,Yes,7,2026,0
E15536,IT,52,53267.0,5.0,17,No,7,2025,0
E15537,HR,29,45816.0,3.44,9,No,2,2023,0
E15538,HR,32,58780.0,3.97,0,No,2,2022,0
E15539,IT,24,40881.0,2.5,7,No,2,2020,0
E15540,HR,41,72793.0,4.06,6,Yes,6,2022,0
E15541,IT,27,69347.0,5.0,0,Yes,0,2023,0
E15542,Operations,51,34802.0,2.91,7,Yes,0,2019,1
E15543,Sales,25,66423.0,3.15,10,No,5,2023,0
E15544,Sales,21,64529.0,3.43,4,No,7,2026,0
E15545,Marketing,60,46321.0,2.4,6,No,0,2026,0
E15546,IT,54,43338.0,3.72,12,Yes,0,2019,0
E15547,HR,37,28000.0,3.26,10,No,5,2020,0
E15548,Sales,55,80532.0,2.58,8,No,7,2026,1
E15549,HR,60,100150.0,3.17,10,No,1,2020,0
E15550,Operations,30,45848.0,3.49,10,No,4,2025,0
E15551,Sales,30,44586.0,2.45,4,No,2,2022,0
E15552,Operations,24,51771.0,3.44,11,No,7,2020,0
E15553,Finance,59,63139.0,3.47,9,Yes,7,2020,0
E15554,Finance,34,38839.0,3.98,12,Yes,7,2018,1
E15555,IT,29,54432.0,3.28,14,Yes,4,2022,0
E15556,Sales,48,44019.0,3.71,12,No,5,2025,0
E15557,IT,44,84506.0,3.83,9,No,3,2023,0
E15558,IT,38,75165.0,4.18,16,No,1,2024,0
E15559,IT,30,62319.0,4.31,0,Yes,5,2019,1
E15560,Operations,38,74043.0,4.78,6,No,6,2023,1
E15561,Marketing,35,72511.0,4.06,0,Yes,1,2019,1
E15562,Operations,50,78377.0,3.63,3,No,1,2022,0
E15563,Marketing,53,80273.0,3.16,15,No,4,2019,1
E15564,Sales,45,68849.0,2.97,12,No,7,2022,0
E15565,Finance,57,76990.0,3.37,7,Yes,4,2026,0
E15566,Marketing,45,82444.0,3.16,10,No,4,2021,0
E15567,IT,29,71825.0,2.7,7,No,4,2023,0
E15568,Sales,47,82832.0,3.72,9,No,6,2024,0
E15569,IT,22,53649.0,4.55,13,No,1,2024,0
E15570,IT,32,61811.0,3.48,12,Yes,5,2022,0
E15571,Sales,38,82376.0,2.89,15,No,0,2020,1
E15572,Sales,40,62184.0,3.1,2,No,5,2021,0
E15573,Marketing,46,67112.0,3.14,3,No,4,2021,0
E15574,IT,25,69129.0,3.27,15,No,5,2021,0
E15575,IT,43,44779.0,5.0,10,No,1,2023,0
E15576,Operations,54,61464.0,2.81,13,No,0,2023,0
E15577,Finance,47,46150.0,2.87,14,No,6,2026,0
E15578,Marketing,57,74530.0,2.47,16,No,4,2024,0
E15579,HR,35,65697.0,3.59,13,No,1,2022,0
E15580,Operations,22,35982.0,4.23,13,No,5,2022,0
E15581,Finance,26,50094.0,3.25,16,No,6,2023,0
E15582,Operations,58,80466.0,3.05,9,No,7,2023,0
E15583,Finance,34,36905.0,3.77,15,No,3,2024,0
E15584,IT,49,61429.0,3.51,3,No,5,2021,0
E15585,Operations,51,87992.0,3.39,8,No,2,2021,0
E15586,Marketing,29,48270.0,4.64,6,Yes,7,2022,0
E15587,IT,38,80834.0,3.64,14,Yes,4,2018,0
E15588,Marketing,21,90847.0,3.07,3,No,1,2026,0
E15589,Sales,44,60956.0,4.12,13,Yes,6,2020,0
E15590,Sales,48,73610.0,3.44,13,No,6,2025,0
E15591,Finance,45,70257.0,3.5,0,Yes,4,2023,1
E15592,Operations,52,57862.0,4.12,6,No,1,2018,0
E15593,Operations,45,70605.0,2.56,3,No,2,2021,0
E15594,Marketing,46,54729.0,2.99,8,Yes,0,2026,0
E15595,Sales,39,54681.0,3.69,11,Yes,0,2025,0
E15596,Sales,37,45029.0,4.08,17,Yes,2,2026,0
E15597,IT,60,49303.0,3.06,2,No,1,2026,0
E15598,Sales,25,67666.0,3.39,10,Yes,2,2020,0
E15599,Finance,46,28000.0,4.02,1,No,1,2019,0
E15600,IT,54,44785.0,3.03,5,No,5,2026,0
E15601,Operations,29,37319.0,3.08,8,Yes,5,2018,0
E15602,Marketing,37,49027.0,3.97,3,No,1,2025,0
E15603,Finance,45,64370.0,4.56,16,No,2,2025,0
E15604,Marketing,50,34241.0,2.73,10,No,3,2020,0
E15605,IT,52,44834.0,4.4,7,No,3,2025,0
E15606,HR,44,72781.0,4.19,13,No,0,2021,0
E15607,IT,58,83735.0,3.38,1,No,1,2020,0
E15608,Operations,41,45458.0,3.32,1,No,0,2021,0
E15609,Operations,53,62542.0,4.01,0,No,7,2022,0
E15610,Marketing,29,75096.0,3.9,17,No,2,2018,0
E15611,Operations,56,43018.0,4.63,5,No,5,2026,0
E15612,Operations,44,93646.0,2.25,16,No,1,2019,0
E15613,Operations,45,52071.0,3.53,0,No,6,2025,0
E15614,Finance,26,88603.0,5.0,4,No,6,2023,0
E15615,Marketing,49,65202.0,4.62,5,No,5,2018,0
E15616,HR,22,60339.0,3.63,7,No,6,2022,0
E15617,IT,23,74580.0,3.24,7,Yes,4,2023,0
E15618,IT,59,77189.0,2.7,5,No,7,2026,0
E15619,Marketing,53,50441.0,2.83,9,No,0,2022,0
E15620,IT,30,71627.0,3.58,1,No,0,2022,0
E15621,Finance,48,50738.0,3.58,17,No,5,2025,0
E15622,Operations,28,90320.0,3.46,16,Yes,7,2025,0
E15623,Sales,39,74756.0,4.98,10,No,2,2024,0
E15624,Marketing,59,65309.0,3.64,0,Yes,0,2026,0
E15625,Finance,27,83813.0,5.0,11,No,3,2019,0
E15626,Sales,32,59119.0,3.85,2,No,4,2019,0
E15627,Operations,50,40793.0,2.48,14,No,3,2021,0
E15628,HR,26,53006.0,4.11,13,No,3,2020,0
E15629,Sales,39,48810.0,2.8,5,No,1,2024,0
E15630,Operations,40,31166.0,2.57,12,Yes,2,2018,0
E15631,IT,46,82769.0,4.46,14,No,5,2025,0
E15632,Sales,22,46885.0,3.16,2,Yes,3,2022,0
E15633,IT,41,101239.0,3.82,13,No,0,2019,0
E15634,Operations,56,63079.0,3.85,10,No,3,2024,0
E15635,IT,50,51005.0,2.46,16,Yes,5,2019,0
E15636,Marketing,26,58507.0,4.18,8,Yes,2,2026,0
E15637,Operations,25,64136.0,4.52,9,Yes,2,2018,0
E15638,IT,33,62314.0,4.19,14,Yes,4,2020,0
E15639,IT,49,49594.0,2.71,13,No,3,2021,0
E15640,Finance,55,71544.0,3.73,8,No,7,2019,0
E15641,Marketing,22,67393.0,3.14,6,Yes,6,2025,0
E15642,HR,57,82473.0,3.08,2,Yes,2,2023,0
E15643,Finance,33,71597.0,3.64,7,No,1,2024,0
E15644,IT,58,108156.0,3.51,12,Yes,5,2018,0
E15645,Operations,29,62105.0,4.12,12,No,6,2019,1
E15646,Finance,34,70590.0,2.5,11,Yes,2,2026,0
E15647,HR,21,75941.0,2.47,11,Yes,2,2020,0
E15648,IT,38,63437.0,2.28,10,No,4,2018,0
E15649,Sales,22,50750.0,3.54,15,No,3,2024,0
E15650,Operations,30,89614.0,3.26,15,Yes,4,2026,0
E15651,IT,29,47437.0,4.09,2,No,5,2019,0
E15652,Sales,48,63988.0,2.4,17,No,7,2025,0
E15653,Finance,56,50672.0,2.64,7,No,6,2025,0
E15654,Sales,22,43975.0,1.83,2,No,3,2019,0
E15655,Marketing,45,63333.0,2.77,17,No,6,2026,0
E15656,IT,54,70636.0,2.6,9,No,1,2025,0
E15657,Operations,30,38695.0,4.92,17,No,3,2026,0
E15658,Marketing,31,59553.0,3.05,10,No,7,2026,0
E15659,Marketing,23,66079.0,4.15,3,Yes,2,2023,0
E15660,HR,27,49784.0,3.31,11,No,1,2018,0
E15661,HR,53,51183.0,3.6,1,No,4,2018,0
E15662,Operations,56,63701.0,3.73,0,No,0,2023,0
E15663,Sales,21,60582.0,3.52,14,No,5,2024,0
E15664,Marketing,38,66343.0,2.89,6,No,4,2024,0
E15665,Operations,29,61920.0,4.13,2,No,7,2026,0
E15666,Operations,30,78241.0,3.25,11,Yes,0,2024,1
E15667,HR,25,93394.0,3.4,4,No,0,2022,0
E15668,IT,58,56381.0,3.56,7,Yes,1,2021,0
E15669,Finance,22,88307.0,2.63,9,No,4,2018,0
E15670,Sales,33,71318.0,3.7,5,No,0,2020,0
E15671,Operations,25,51019.0,4.12,17,No,2,2026,0
E15672,Finance,52,61946.0,3.28,2,No,4,2024,0
E15673,Operations,51,52790.0,2.13,5,No,3,2025,0
E15674,IT,38,83053.0,3.53,3,Yes,7,2024,1
E15675,Operations,58,79597.0,3.52,6,Yes,7,2018,1
E15676,Operations,42,41674.0,4.09,9,No,4,2021,0
E15677,Marketing,42,59955.0,3.76,17,No,2,2026,0
E15678,Operations,46,52311.0,3.06,16,Yes,4,2023,0
E15679,Marketing,41,51103.0,3.91,15,No,3,2021,1
E15680,Finance,54,38631.0,2.19,0,No,6,2023,1
E15681,Sales,44,73727.0,2.96,6,Yes,3,2021,0
E15682,Operations,49,99954.0,3.46,9,No,5,2020,0
E15683,HR,28,88285.0,3.63,0,No,6,2024,0
E15684,Operations,23,96946.0,3.14,8,No,0,2024,0
E15685,Marketing,55,34458.0,4.11,7,Yes,4,2025,0
E15686,Operations,27,66509.0,3.32,5,No,4,2024,0
E15687,Sales,56,85405.0,2.21,9,No,7,2018,0
E15688,Marketing,55,64752.0,2.97,6,Yes,3,2022,1
E15689,Sales,37,51910.0,2.59,4,No,3,2025,0
E15690,Operations,58,76813.0,3.97,1,No,1,2019,0
E15691,Marketing,59,75576.0,3.05,14,Yes,3,2023,0
E15692,Marketing,26,56791.0,3.6,6,No,1,2025,0
E15693,Sales,44,54270.0,3.89,15,No,4,2018,0
E15694,Marketing,42,72844.0,3.77,12,No,7,2019,0
E15695,Marketing,28,80347.0,3.68,3,No,0,2026,1
E15696,Sales,46,53668.0,3.61,0,No,3,2022,0
E15697,Marketing,26,81909.0,2.87,14,No,6,2023,0
E15698,Marketing,30,88037.0,3.26,16,Yes,2,2026,0
E15699,IT,52,53882.0,4.98,0,Yes,4,2025,0
E15700,IT,42,57512.0,2.74,9,Yes,2,2023,0
E15701,Operations,33,41988.0,3.36,15,Yes,5,2021,0
E15702,IT,26,90161.0,3.01,13,No,0,2020,0
E15703,Finance,48,61571.0,3.0,6,Yes,0,2022,0
E15704,IT,55,68484.0,3.42,3,No,0,2024,0
E15705,Marketing,52,91838.0,4.9,2,Yes,3,2024,0
E15706,Operations,32,50917.0,5.0,13,No,0,2025,0
E15707,Finance,54,62597.0,3.13,0,No,1,2023,1
E15708,Marketing,52,39734.0,3.07,8,No,2,2018,1
E15709,Marketing,33,48362.0,3.67,6,No,7,2020,0
E15710,IT,22,52002.0,4.31,17,Yes,2,2018,0
E15711,IT,54,82703.0,2.98,16,No,5,2021,0
E15712,Sales,51,28000.0,3.21,1,Yes,2,2022,0
E15713,Sales,57,70617.0,3.62,11,Yes,0,2024,0
E15714,Finance,21,79956.0,2.83,3,No,6,2018,0
E15715,Operations,41,49833.0,2.72,4,No,6,2021,0
E15716,Finance,55,45823.0,3.46,2,No,3,2018,0
E15717,HR,35,65422.0,3.09,15,No,3,2025,0
E15718,Operations,35,56864.0,3.59,8,No,3,2023,0
E15719,IT,36,40235.0,2.02,2,No,0,2022,0
E15720,Marketing,58,71319.0,3.49,16,No,4,2019,0
E15721,Operations,35,52117.0,3.49,15,Yes,5,2019,0
E15722,Marketing,30,77763.0,3.75,6,Yes,1,2022,0
E15723,Sales,38,89270.0,2.31,13,No,5,2020,0
E15724,Operations,56,73013.0,2.79,12,No,0,2019,0
E15725,Sales,43,58238.0,4.73,9,No,3,2018,0
E15726,IT,51,58890.0,3.68,2,No,0,2024,0
E15727,Finance,24,35066.0,3.43,14,No,4,2023,0
E15728,Marketing,41,68936.0,3.41,0,No,0,2021,0
E15729,Operations,46,70347.0,4.04,0,No,5,2021,0
E15730,Sales,52,72421.0,4.61,5,No,7,2024,0
E15731,Finance,42,64864.0,3.08,6,No,5,2025,0
E15732,Sales,57,47753.0,2.95,0,No,7,2025,0
E15733,Operations,45,61303.0,3.82,10,No,0,2018,0
E15734,HR,44,80275.0,2.78,4,Yes,6,2022,0
E15735,Operations,56,31447.0,3.99,16,No,7,2021,0
E15736,Sales,44,93616.0,4.2,7,No,1,2026,0
E15737,Marketing,27,84373.0,2.69,8,Yes,1,2025,0
E15738,Marketing,33,103326.0,2.74,14,Yes,2,2023,0
E15739,Sales,30,43348.0,3.16,14,No,7,2021,0
E15740,IT,21,66428.0,4.78,7,No,5,2026,0
E15741,Sales,41,50320.0,3.66,0,No,4,2019,0
E15742,Sales,35,65915.0,3.98,10,No,1,2026,0
E15743,Operations,55,69107.0,3.07,1,No,0,2021,0
E15744,Marketing,35,93799.0,1.78,7,Yes,7,2026,0
E15745,Finance,31,51326.0,3.11,0,No,5,2021,0
E15746,Marketing,23,67752.0,3.02,5,No,3,2020,0
E15747,Operations,30,101439.0,3.49,14,No,7,2024,0
E15748,Operations,38,87156.0,2.29,10,No,2,2024,1
E15749,HR,40,72618.0,3.63,3,No,1,2023,0
E15750,Sales,35,51708.0,4.27,17,No,6,2025,0
E15751,HR,42,60740.0,3.28,11,No,0,2021,0
E15752,IT,35,66714.0,3.61,16,No,5,2024,0
E15753,Operations,22,64100.0,2.46,14,No,0,2023,0
E15754,IT,40,59904.0,3.38,7,No,3,2018,0
E15755,IT,26,54445.0,3.82,4,Yes,3,2025,0
E15756,Operations,43,94988.0,3.64,17,No,2,2024,0
E15757,IT,47,53513.0,4.6,12,No,3,2024,0
E15758,IT,23,48364.0,4.3,5,No,6,2023,0
E15759,Marketing,28,50906.0,3.85,16,No,5,2023,0
E15760,IT,46,85499.0,3.53,14,No,1,2019,0
E15761,HR,43,78794.0,2.91,0,No,6,2018,0
E15762,Sales,49,66419.0,2.83,7,Yes,7,2026,0
E15763,Operations,54,49125.0,2.71,6,No,0,2026,0
E15764,Sales,39,65717.0,2.92,7,Yes,6,2020,1
E15765,Sales,45,88502.0,3.46,12,No,2,2021,0
E15766,Operations,24,33824.0,2.65,16,No,6,2019,0
E15767,Marketing,48,47416.0,3.08,15,Yes,5,2025,1
E15768,HR,23,103761.0,3.28,11,No,0,2021,0
E15769,IT,43,66397.0,3.93,14,Yes,4,2024,1
E15770,IT,54,88995.0,2.72,14,Yes,5,2019,0
E15771,Operations,39,83802.0,3.57,0,No,0,2026,0
E15772,Sales,30,48953.0,2.27,4,Yes,6,2021,0
E15773,Sales,25,63411.0,2.95,10,No,6,2018,0
E15774,Marketing,57,43638.0,3.34,12,No,1,2019,0
E15775,Operations,23,64402.0,2.62,15,Yes,6,2022,0
E15776,IT,53,51781.0,2.34,2,No,2,2021,0
E15777,Finance,31,60163.0,3.51,6,No,6,2019,0
E15778,Marketing,25,51566.0,2.23,3,Yes,0,2025,0
E15779,Sales,40,46784.0,3.23,11,No,5,2018,0
E15780,Operations,25,32127.0,2.51,14,No,4,2024,0
E15781,Sales,43,33454.0,3.53,17,No,2,2024,0
E15782,IT,33,90395.0,3.17,12,No,5,2018,0
E15783,HR,27,97420.0,3.45,8,No,6,2021,0
E15784,Operations,37,47837.0,3.93,3,Yes,4,2019,1
E15785,Sales,39,108671.0,3.62,5,No,5,2019,1
E15786,Sales,60,79661.0,2.53,12,No,2,2020,0
E15787,Finance,57,62390.0,4.09,17,No,5,2024,0
E15788,Finance,21,78781.0,3.44,14,No,7,2025,0
E15789,Sales,21,48902.0,3.44,2,No,6,2023,0
E15790,IT,22,64659.0,5.0,13,No,5,2024,0
E15791,Sales,29,53729.0,2.37,17,No,1,2021,0
E15792,Marketing,55,54927.0,4.32,13,Yes,2,2026,0
E15793,Marketing,46,67568.0,2.39,2,No,5,2018,0
E15794,IT,54,44809.0,3.69,8,Yes,0,2023,0
E15795,Finance,28,63285.0,3.28,6,No,2,2020,0
E15796,HR,40,98702.0,3.61,12,Yes,7,2021,0
E15797,Sales,59,68651.0,2.95,9,No,2,2025,0
E15798,Operations,33,75356.0,3.26,11,No,0,2020,0
E15799,Operations,26,37456.0,3.97,12,Yes,6,2025,0
E15800,Marketing,26,61653.0,3.15,15,No,6,2020,0
E15801,IT,49,62725.0,3.31,11,No,2,2022,0
E15802,Marketing,27,110893.0,4.83,15,No,4,2019,0
E15803,Sales,55,56420.0,4.2,11,No,3,2020,0
E15804,Finance,25,79487.0,3.49,1,No,3,2024,0
E15805,HR,42,90793.0,3.37,6,Yes,0,2018,0
E15806,Operations,25,56206.0,2.97,7,Yes,0,2018,0
E15807,Marketing,29,48552.0,2.87,5,Yes,4,2023,0
E15808,Sales,36,70205.0,4.84,8,No,6,2021,0
E15809,HR,27,60000.0,3.18,12,No,4,2026,0
E15810,HR,44,46962.0,2.17,7,No,4,2023,0
E15811,Sales,31,75336.0,2.84,11,Yes,0,2026,0
E15812,Finance,52,96425.0,4.01,4,No,1,2026,0
E15813,Operations,58,49463.0,4.16,1,Yes,0,2022,0
E15814,IT,54,81448.0,1.87,5,No,2,2022,0
E15815,Operations,52,57653.0,2.87,8,No,1,2024,0
E15816,Marketing,33,54352.0,3.99,15,No,1,2020,0
E15817,IT,41,52499.0,3.28,11,No,2,2021,0
E15818,IT,50,79764.0,4.15,5,Yes,3,2022,1
E15819,Sales,49,87026.0,3.11,13,No,2,2021,0
E15820,Operations,35,65856.0,4.05,17,No,3,2023,0
E15821,Operations,46,86705.0,4.48,7,Yes,0,2022,0
E15822,Operations,38,66251.0,3.34,2,No,1,2018,0
E15823,Marketing,22,43168.0,3.1,10,No,4,2022,1
E15824,Sales,46,90157.0,3.87,5,No,7,2020,0
E15825,HR,24,66118.0,3.17,16,No,7,2018,0
E15826,Operations,59,72896.0,3.07,8,No,4,2019,0
E15827,Marketing,50,65080.0,2.94,3,No,0,2022,0
E15828,IT,59,43241.0,4.0,8,Yes,7,2021,0
E15829,Operations,21,47297.0,3.87,15,No,1,2024,0
E15830,Operations,55,69582.0,3.38,17,No,1,2026,0
E15831,Finance,55,47900.0,3.53,5,No,1,2023,0
E15832,Finance,51,71933.0,2.84,10,Yes,6,2019,0
E15833,Operations,50,46804.0,2.15,11,Yes,5,2020,1
E15834,Sales,58,49978.0,3.67,10,Yes,2,2024,1
E15835,Operations,25,75713.0,4.03,16,No,0,2020,0
E15836,Sales,27,72483.0,3.38,2,No,1,2026,0
E15837,Marketing,59,48139.0,3.48,7,No,4,2018,0
E15838,Operations,45,65736.0,3.65,0,No,3,2021,0
E15839,HR,30,43458.0,2.74,1,Yes,6,2023,0
E15840,Sales,26,74144.0,2.7,13,No,6,2019,0
E15841,Sales,46,28000.0,2.96,16,Yes,4,2018,0
E15842,HR,22,70127.0,2.63,6,Yes,6,2019,0
E15843,HR,32,41062.0,4.26,13,No,1,2022,0
E15844,IT,48,37700.0,3.66,3,No,0,2025,0
E15845,Sales,40,63653.0,3.06,9,No,2,2026,0
E15846,Operations,25,103174.0,4.83,1,No,6,2024,0
E15847,IT,33,100015.0,3.28,16,No,2,2020,0
E15848,Finance,40,67317.0,2.98,0,Yes,2,2023,0
E15849,Marketing,38,80742.0,3.48,12,No,6,2020,0
E15850,Operations,25,87986.0,3.54,4,No,7,2022,0
E15851,HR,30,52347.0,4.27,14,No,6,2025,0
E15852,IT,32,69969.0,4.17,2,No,3,2024,0
E15853,Sales,28,88924.0,4.06,6,No,0,2023,1
E15854,Operations,42,62963.0,2.81,0,No,1,2018,0
E15855,Sales,24,65676.0,4.45,2,Yes,1,2023,0
E15856,Operations,49,86258.0,2.98,2,No,4,2020,0
E15857,HR,56,60077.0,2.52,8,No,1,2024,0
E15858,Sales,41,68423.0,1.65,9,No,7,2026,0
E15859,Operations,48,54923.0,3.7,16,Yes,5,2024,0
E15860,IT,45,39182.0,3.42,16,No,5,2024,0
E15861,Finance,56,95412.0,3.16,14,No,0,2022,0
E15862,Sales,42,73184.0,3.36,3,No,7,2021,0
E15863,Operations,51,59903.0,2.61,12,No,0,2020,0
E15864,IT,27,72533.0,3.35,13,No,1,2018,0
E15865,Operations,41,44476.0,3.07,15,No,3,2026,0
E15866,Finance,49,73290.0,3.02,15,No,2,2025,0
E15867,Sales,29,28000.0,1.11,3,No,0,2023,1
E15868,HR,24,65166.0,2.44,0,No,5,2021,1
E15869,HR,37,54381.0,4.12,4,No,7,2020,0
E15870,IT,23,55782.0,3.29,0,Yes,2,2026,0
E15871,Sales,50,63545.0,2.94,9,Yes,2,2023,0
E15872,Marketing,55,65049.0,2.32,14,Yes,3,2023,0
E15873,Sales,38,57713.0,4.19,1,Yes,6,2021,0
E15874,Sales,22,58234.0,3.39,2,Yes,5,2024,0
E15875,IT,23,43249.0,2.71,3,No,1,2023,0
E15876,Operations,28,67709.0,2.8,14,Yes,6,2025,0
E15877,Operations,49,85759.0,3.54,1,No,3,2026,0
E15878,HR,56,83416.0,3.22,13,No,3,2020,0
E15879,HR,55,65566.0,3.67,16,No,4,2024,1
E15880,HR,38,87830.0,1.92,12,No,1,2022,0
E15881,Sales,54,65638.0,3.21,0,No,6,2022,0
E15882,HR,60,79807.0,2.8,6,No,1,2022,0
E15883,Operations,51,58594.0,2.91,11,No,2,2024,0
E15884,Sales,29,88534.0,3.04,8,No,3,2020,0
E15885,IT,22,63347.0,3.22,0,No,2,2020,0
E15886,Sales,27,81870.0,3.83,6,No,0,2024,0
E15887,Sales,56,57367.0,3.48,10,No,0,2024,0
E15888,Finance,45,62037.0,3.44,6,Yes,5,2026,0
E15889,Marketing,56,48715.0,3.5,8,No,7,2026,0
E15890,IT,60,75014.0,4.09,4,No,3,2022,0
E15891,HR,44,58815.0,3.99,11,No,6,2019,0
E15892,Operations,50,84572.0,4.22,15,No,0,2022,0
E15893,Finance,47,88735.0,5.0,16,No,6,2022,0
E15894,Sales,27,88637.0,4.47,9,Yes,4,2026,0
E15895,Finance,39,69001.0,3.79,14,No,3,2023,0
E15896,IT,28,43364.0,2.13,6,Yes,3,2018,0
E15897,Operations,59,72827.0,2.23,1,No,1,2023,0
E15898,Operations,34,29281.0,4.64,1,No,7,2022,0
E15899,Sales,54,76532.0,3.7,2,Yes,6,2025,0
E15900,Marketing,33,71054.0,4.83,15,No,6,2020,0
E15901,Sales,21,49315.0,1.84,16,No,6,2018,0
E15902,Finance,27,61128.0,4.16,9,No,7,2021,0
E15903,Finance,39,58935.0,3.57,11,No,1,2023,0
E15904,Operations,55,84096.0,3.8,0,No,3,2022,0
E15905,IT,48,83272.0,2.26,14,No,6,2023,0
E15906,Sales,59,72192.0,2.88,8,Yes,3,2025,0
E15907,IT,28,83763.0,2.19,2,Yes,5,2024,0
E15908,IT,54,50447.0,3.37,11,Yes,3,2020,1
E15909,Sales,57,111612.0,2.97,12,No,5,2024,0
E15910,Operations,50,75685.0,3.73,16,No,3,2019,0
E15911,Marketing,33,82343.0,2.97,14,No,7,2019,0
E15912,Finance,59,46441.0,3.01,9,No,1,2019,0
E15913,IT,28,73681.0,3.17,11,No,0,2022,1
E15914,Marketing,40,52018.0,3.59,4,No,0,2019,1
E15915,HR,53,38093.0,4.7,11,No,0,2025,0
E15916,Operations,44,66338.0,1.96,4,Yes,6,2022,0
E15917,Finance,27,46622.0,3.22,14,Yes,6,2022,0
E15918,Operations,34,62186.0,3.96,13,Yes,6,2020,0
E15919,Finance,35,28000.0,3.75,11,No,4,2019,0
E15920,IT,24,71225.0,3.41,12,No,4,2022,0
E15921,Finance,30,59453.0,3.2,1,No,7,2021,0
E15922,IT,38,96661.0,2.78,15,No,6,2026,1
E15923,HR,58,28000.0,3.06,4,No,5,2020,1
E15924,HR,51,57301.0,3.18,11,No,1,2024,0
E15925,IT,55,88875.0,2.97,0,Yes,4,2026,0
E15926,Marketing,34,93629.0,4.29,9,No,0,2026,0
E15927,Sales,24,82613.0,4.61,4,No,4,2020,0
E15928,HR,45,97110.0,3.81,17,No,0,2022,0
E15929,Operations,34,73472.0,4.48,10,Yes,4,2019,0
E15930,Finance,59,53581.0,3.88,15,No,4,2020,0
E15931,Sales,51,60495.0,4.1,10,Yes,1,2018,0
E15932,Marketing,27,54876.0,4.21,15,No,2,2019,0
E15933,IT,28,79778.0,2.99,16,Yes,2,2021,0
E15934,Operations,32,78986.0,3.99,0,Yes,3,2022,0
E15935,Marketing,21,59857.0,4.35,16,No,4,2019,0
E15936,IT,43,74996.0,1.5,9,No,7,2022,0
E15937,Operations,46,90658.0,2.8,9,No,7,2019,0
E15938,Sales,35,58627.0,3.39,1,No,2,2024,0
E15939,IT,28,85149.0,5.0,8,No,0,2019,0
E15940,HR,56,103650.0,4.16,6,No,7,2023,0
E15941,Finance,26,50869.0,4.18,3,Yes,5,2025,0
E15942,IT,46,70589.0,3.98,6,No,6,2022,0
E15943,Operations,33,89501.0,3.72,17,No,1,2025,0
E15944,Operations,42,36318.0,3.32,4,No,7,2022,0
E15945,IT,59,98897.0,4.11,9,No,2,2018,0
E15946,Sales,46,84504.0,2.65,14,No,2,2023,0
E15947,IT,49,85406.0,3.8,2,Yes,0,2018,0
E15948,Operations,35,46528.0,3.72,7,No,2,2022,0
E15949,Operations,49,64936.0,3.08,12,No,1,2019,0
E15950,Sales,44,73300.0,4.1,11,No,6,2025,0
E15951,Finance,24,97755.0,2.82,6,No,3,2024,0
E15952,Finance,36,69258.0,2.33,2,Yes,0,2024,0
E15953,Operations,60,68426.0,1.9,6,No,4,2022,0
E15954,Sales,50,28000.0,3.68,16,No,3,2026,0
E15955,Marketing,41,43765.0,2.48,2,No,4,2019,0
E15956,Sales,52,68663.0,3.35,13,No,5,2024,1
E15957,HR,37,78536.0,3.89,5,Yes,0,2019,0
E15958,Operations,48,86177.0,3.23,1,No,1,2020,0
E15959,Operations,57,33099.0,3.76,16,No,4,2026,0
E15960,Operations,37,70030.0,3.61,2,No,7,2024,0
E15961,Finance,34,71657.0,3.56,0,No,7,2019,0
E15962,IT,24,46431.0,3.0,13,Yes,1,2023,0
E15963,HR,41,66718.0,4.3,12,No,0,2018,0
E15964,Operations,60,66112.0,2.66,16,No,0,2026,0
E15965,Marketing,44,83406.0,2.78,2,No,1,2026,0
E15966,Finance,54,71083.0,3.81,2,No,0,2018,1
E15967,Sales,56,74556.0,3.13,11,No,6,2020,0
E15968,Sales,31,39890.0,3.59,17,No,6,2023,0
E15969,Sales,53,48870.0,3.9,5,No,5,2020,0
E15970,Sales,50,69953.0,3.74,5,No,2,2024,0
E15971,Finance,37,65883.0,3.43,12,No,1,2023,0
E15972,Operations,32,58676.0,3.87,15,No,6,2025,0
E15973,Marketing,24,37423.0,3.85,4,No,1,2025,0
E15974,Marketing,30,72952.0,3.89,17,No,5,2025,0
E15975,IT,31,82502.0,3.31,1,Yes,7,2024,0
E15976,IT,55,55718.0,3.89,16,Yes,0,2026,0
E15977,IT,29,67214.0,3.53,0,No,6,2026,0
E15978,Operations,30,32075.0,3.21,13,No,4,2026,0
E15979,Finance,37,68063.0,3.5,12,No,1,2019,0
E15980,Sales,28,71267.0,2.11,4,No,5,2023,0
E15981,Operations,21,45428.0,2.54,12,No,0,2019,0
E15982,Operations,57,67968.0,2.93,17,No,2,2023,0
E15983,Sales,50,56003.0,4.47,0,No,2,2024,0
E15984,Operations,41,28000.0,4.16,4,Yes,1,2026,0
E15985,Finance,60,54960.0,3.85,11,No,4,2019,0
E15986,Marketing,28,99400.0,3.79,10,No,6,2021,0
E15987,Sales,42,34628.0,1.42,2,Yes,5,2018,0
E15988,Marketing,54,75347.0,2.53,1,No,3,2021,0
E15989,Marketing,59,88966.0,3.46,15,No,7,2025,0
E15990,Operations,37,78992.0,3.66,1,No,6,2021,0
E15991,Operations,34,63761.0,3.77,6,Yes,2,2025,0
E15992,IT,21,31600.0,3.85,7,No,2,2022,0
E15993,Operations,31,73737.0,2.52,11,Yes,5,2023,0
E15994,IT,42,99269.0,2.76,5,Yes,1,2020,0
E15995,HR,59,60102.0,4.65,16,No,4,2026,0
E15996,IT,27,84054.0,3.34,12,Yes,5,2023,0
E15997,HR,54,47644.0,1.43,14,No,5,2026,0
E15998,Marketing,57,69010.0,3.16,4,No,4,2024,0
E15999,Operations,28,53513.0,2.44,8,No,4,2023,0
E16000,IT,41,59099.0,3.27,2,Yes,3,2026,0
E16001,Finance,57,28000.0,2.89,0,Yes,3,2026,0
E16002,Sales,50,84375.0,3.41,4,No,1,2026,0
E16003,Marketing,45,100763.0,2.59,0,No,7,2026,1
E16004,Marketing,57,56812.0,2.85,5,No,7,2024,0
E16005,Sales,53,101520.0,3.7,5,No,0,2022,0
E16006,Sales,54,59388.0,3.28,1,No,2,2020,0
E16007,Operations,31,50210.0,3.18,15,No,4,2019,0
E16008,Sales,28,63947.0,4.75,2,No,3,2022,0
E16009,IT,40,60875.0,1.43,0,No,2,2025,0
E16010,Operations,55,71391.0,2.33,11,No,5,2020,0
E16011,IT,59,94263.0,2.26,0,No,4,2022,0
E16012,IT,30,71212.0,3.23,14,No,3,2023,0
E16013,Sales,60,78411.0,3.99,9,No,3,2019,0
E16014,Sales,29,55047.0,1.35,13,No,7,2024,0
E16015,Operations,31,52143.0,4.47,4,Yes,3,2024,0
E16016,HR,41,75224.0,2.95,13,Yes,6,2023,0
E16017,Marketing,57,85515.0,2.25,16,No,0,2026,0
E16018,Marketing,43,63929.0,4.35,14,Yes,1,2024,0
E16019,Operations,25,86221.0,2.82,15,No,2,2024,1
E16020,Sales,31,112964.0,3.91,14,No,3,2022,0
E16021,Sales,40,69165.0,5.0,4,Yes,0,2024,0
E16022,HR,56,79555.0,3.76,13,No,4,2021,1
E16023,IT,35,85671.0,3.02,3,No,4,2026,0
E16024,Sales,51,42948.0,3.1,15,No,2,2023,0
E16025,Finance,31,58672.0,3.07,2,Yes,5,2022,0
E16026,Marketing,45,66508.0,3.8,0,No,3,2018,0
E16027,Sales,47,47084.0,4.69,17,No,6,2018,0
E16028,Finance,50,85078.0,3.75,6,No,2,2018,0
E16029,Operations,23,40859.0,4.39,12,No,2,2021,0
E16030,Sales,53,28000.0,4.31,5,No,0,2022,0
E16031,HR,41,54875.0,4.46,6,No,2,2023,0
E16032,IT,40,117399.0,3.08,8,No,0,2018,0
E16033,Finance,23,28000.0,3.28,1,Yes,4,2018,0
E16034,Finance,51,126946.0,3.6,8,Yes,5,2024,0
E16035,Marketing,37,75308.0,1.77,17,No,4,2024,0
E16036,Sales,29,49669.0,3.98,7,Yes,0,2024,0
E16037,IT,47,50617.0,3.0,1,No,7,2025,0
E16038,IT,26,64519.0,3.26,5,No,5,2024,1
E16039,HR,39,61791.0,3.71,14,Yes,7,2021,0
E16040,Marketing,51,98241.0,5.0,13,No,6,2020,0
E16041,Sales,25,59151.0,3.39,5,Yes,4,2018,0
E16042,Marketing,54,80762.0,3.4,11,No,4,2019,0
E16043,Operations,48,74154.0,3.46,3,Yes,7,2024,0
E16044,IT,56,49983.0,5.0,1,No,3,2019,1
E16045,IT,38,57195.0,2.64,6,Yes,6,2021,0
E16046,HR,54,77450.0,2.67,11,Yes,7,2020,0
E16047,Sales,39,77564.0,3.3,13,Yes,3,2023,0
E16048,IT,27,90331.0,3.81,15,Yes,6,2021,0
E16049,HR,27,87683.0,2.69,2,No,3,2020,0
E16050,IT,59,76111.0,2.9,14,Yes,3,2026,0
E16051,Sales,23,51717.0,4.34,11,No,1,2019,0
E16052,Finance,55,65238.0,2.52,5,No,2,2024,0
E16053,Operations,41,87615.0,2.59,6,No,6,2020,0
E16054,Sales,23,56818.0,3.89,7,Yes,0,2018,0
E16055,Marketing,27,91824.0,4.1,8,No,1,2020,0
E16056,IT,49,28000.0,1.49,9,No,0,2021,0
E16057,Marketing,22,65742.0,4.52,14,No,4,2019,0
E16058,Finance,60,66126.0,3.14,8,No,0,2018,0
E16059,Finance,52,61517.0,4.67,16,No,7,2022,0
E16060,Operations,34,56450.0,3.47,14,No,0,2020,0
E16061,Finance,28,64600.0,3.12,15,No,2,2024,0
E16062,Operations,55,90417.0,3.42,13,Yes,1,2020,0
E16063,Marketing,50,67993.0,5.0,12,Yes,4,2018,0
E16064,Sales,50,68878.0,3.18,17,No,5,2020,0
E16065,HR,26,56981.0,3.78,4,No,2,2026,0
E16066,Marketing,31,60839.0,2.89,6,Yes,2,2020,0
E16067,Marketing,42,78559.0,3.41,2,No,4,2022,0
E16068,Marketing,55,61065.0,3.57,13,No,6,2023,0
E16069,Finance,57,94637.0,3.05,0,Yes,5,2025,0
E16070,IT,55,58945.0,3.17,2,Yes,0,2022,0
E16071,Sales,26,44066.0,4.57,3,Yes,7,2018,0
E16072,Marketing,47,78295.0,2.73,2,No,2,2019,0
E16073,IT,28,70932.0,3.22,16,No,2,2018,0
E16074,Finance,58,66868.0,3.1,11,No,6,2025,1
E16075,Operations,25,92749.0,2.17,15,No,0,2025,0
E16076,Marketing,29,64348.0,3.6,6,No,1,2020,0
E16077,Marketing,25,54624.0,3.88,11,No,0,2026,1
E16078,IT,45,63659.0,3.38,11,Yes,1,2021,1
E16079,IT,53,43178.0,3.65,14,No,4,2022,0
E16080,IT,26,77125.0,4.29,4,Yes,0,2018,0
E16081,Marketing,35,65650.0,3.45,1,No,7,2026,0
E16082,IT,48,48828.0,4.09,13,No,2,2026,0
E16083,Sales,47,28000.0,3.54,12,No,5,2026,0
E16084,Sales,47,63940.0,3.34,2,No,7,2021,0
E16085,Sales,58,94126.0,4.71,4,No,2,2025,0
E16086,HR,24,70071.0,4.0,7,Yes,5,2026,1
E16087,Operations,39,92366.0,3.35,9,No,4,2019,0
E16088,Marketing,21,55709.0,4.07,17,No,6,2018,0
E16089,IT,42,28000.0,4.71,4,Yes,5,2020,0
E16090,Operations,42,79467.0,3.52,7,Yes,3,2020,0
E16091,Sales,58,82143.0,5.0,1,Yes,6,2019,0
E16092,IT,59,77018.0,3.14,9,No,3,2024,0
E16093,Finance,45,28000.0,3.11,5,No,6,2025,0
E16094,Operations,25,64086.0,2.18,4,No,4,2025,1
E16095,Sales,54,93573.0,2.08,2,No,3,2021,0
E16096,Operations,21,67548.0,2.74,5,Yes,5,2020,1
E16097,Sales,39,70798.0,2.6,13,Yes,5,2023,0
E16098,Sales,53,64556.0,2.73,7,No,7,2021,0
E16099,Sales,42,71832.0,2.93,17,No,5,2023,0
E16100,Operations,59,70082.0,4.56,10,Yes,2,2025,0
E16101,Sales,46,50960.0,3.43,10,No,3,2022,0
E16102,Operations,59,49273.0,2.81,2,Yes,4,2018,0
E16103,IT,22,61861.0,2.85,9,Yes,7,2026,0
E16104,Sales,52,68193.0,4.57,12,No,7,2025,0
E16105,Finance,24,69953.0,3.31,9,Yes,0,2019,0
E16106,Sales,53,77514.0,3.54,7,No,6,2026,0
E16107,Sales,41,116678.0,4.15,4,Yes,7,2025,0
E16108,HR,37,49038.0,3.76,15,No,6,2019,0
E16109,IT,29,88093.0,3.72,2,No,6,2022,0
E16110,IT,31,36389.0,3.5,13,Yes,3,2026,0
E16111,Sales,46,51422.0,2.62,6,Yes,3,2019,0
E16112,Sales,27,56265.0,3.12,17,No,1,2023,0
E16113,Sales,40,57752.0,3.29,8,Yes,4,2023,0
E16114,HR,59,50789.0,5.0,12,No,4,2019,0
E16115,Sales,60,82024.0,3.67,7,No,3,2018,0
E16116,Sales,42,34718.0,4.03,9,No,7,2022,1
E16117,Sales,58,63382.0,4.01,2,Yes,5,2021,0
E16118,IT,46,39971.0,3.41,10,No,6,2019,0
E16119,Marketing,35,48877.0,3.23,3,No,7,2023,0
E16120,Operations,54,62429.0,4.34,13,No,4,2018,1
E16121,Operations,38,70937.0,4.01,1,No,0,2018,0
E16122,Sales,27,98198.0,3.16,5,No,3,2019,0
E16123,IT,51,77196.0,3.73,17,Yes,7,2024,0
E16124,Finance,38,72795.0,2.53,0,No,5,2023,0
E16125,Marketing,44,66063.0,1.77,14,Yes,5,2025,0
E16126,Sales,22,87907.0,2.75,2,No,5,2023,0
E16127,Finance,24,68412.0,3.76,6,No,1,2020,0
E16128,Operations,21,62028.0,3.11,7,No,2,2021,0
E16129,IT,58,65336.0,3.56,11,No,2,2021,0
E16130,Sales,25,61058.0,3.54,5,No,0,2026,0
E16131,Sales,50,70990.0,3.42,7,No,7,2023,0
E16132,Sales,43,51152.0,4.1,2,No,7,2026,0
E16133,Sales,42,108673.0,2.44,2,Yes,5,2025,0
E16134,Sales,36,50780.0,4.09,15,No,1,2025,0
E16135,Marketing,22,59511.0,4.07,4,Yes,7,2021,0
E16136,Sales,22,60070.0,3.27,5,No,5,2020,0
E16137,Finance,40,65081.0,3.24,7,No,1,2026,0
E16138,Operations,23,41820.0,3.6,16,No,7,2019,0
E16139,Sales,58,123691.0,3.13,11,No,0,2019,0
E16140,Operations,38,60476.0,4.99,10,No,4,2021,0
E16141,Sales,46,49875.0,2.68,0,No,3,2025,0
E16142,Marketing,50,82967.0,4.18,16,Yes,4,2022,0
E16143,Operations,43,88293.0,3.56,5,No,0,2021,0
E16144,IT,24,84363.0,3.37,11,No,7,2018,0
E16145,Sales,36,57326.0,2.82,16,Yes,1,2019,0
E16146,Operations,26,63762.0,2.63,9,No,0,2021,1
E16147,IT,27,57261.0,2.61,7,No,0,2018,0
E16148,Sales,46,45272.0,4.45,0,No,5,2021,0
E16149,Marketing,37,62534.0,2.85,7,No,6,2023,0
E16150,Sales,28,87590.0,4.81,6,No,1,2026,0
E16151,IT,35,92731.0,1.95,3,No,7,2026,0
E16152,Marketing,37,41510.0,2.91,4,No,2,2019,0
E16153,Finance,38,76805.0,4.47,17,Yes,3,2021,0
E16154,Marketing,51,56782.0,4.89,4,No,1,2019,0
E16155,Marketing,44,63132.0,1.87,4,Yes,3,2021,0
E16156,Operations,23,49006.0,3.26,17,No,7,2023,0
E16157,HR,21,71076.0,3.91,16,No,4,2022,0
E16158,IT,51,40946.0,2.79,4,Yes,4,2026,0
E16159,IT,57,90661.0,4.68,0,No,7,2025,0
E16160,Finance,22,54508.0,3.95,5,No,5,2020,0
E16161,Finance,35,86038.0,1.88,9,No,3,2020,0
E16162,Sales,28,69773.0,3.28,4,Yes,2,2025,0
E16163,Finance,22,39976.0,3.66,7,No,2,2019,0
E16164,IT,33,92187.0,3.8,0,Yes,0,2020,0
E16165,Sales,57,74293.0,2.61,15,No,3,2019,0
E16166,Sales,27,99090.0,2.84,10,Yes,7,2022,0
E16167,Operations,54,48550.0,2.8,8,Yes,3,2022,0
E16168,Operations,56,63897.0,3.58,16,No,0,2021,0
E16169,Finance,41,68246.0,3.35,0,No,1,2021,0
E16170,Operations,55,59931.0,3.89,4,No,6,2026,0
E16171,Operations,40,80632.0,3.44,14,No,4,2021,0
E16172,Marketing,33,63272.0,3.45,16,No,7,2025,0
E16173,Operations,37,49153.0,2.72,15,Yes,7,2019,0
E16174,Sales,28,47582.0,3.45,12,No,1,2025,0
E16175,IT,43,72156.0,3.28,12,No,2,2022,0
E16176,Finance,52,50308.0,3.78,11,No,4,2019,0
E16177,Sales,32,57596.0,3.84,12,No,1,2018,0
E16178,Sales,36,41173.0,3.77,7,No,6,2021,0
E16179,Sales,44,44631.0,2.71,6,No,1,2024,0
E16180,Sales,59,60789.0,3.3,12,No,3,2021,0
E16181,Sales,30,60969.0,4.83,7,Yes,5,2018,0
E16182,Sales,26,40267.0,3.44,9,Yes,4,2020,0
E16183,IT,51,47260.0,4.45,13,No,7,2024,0
E16184,Operations,59,82807.0,2.39,1,No,4,2026,0
E16185,IT,41,73080.0,2.24,14,No,6,2024,0
E16186,Sales,54,78085.0,3.42,4,No,1,2022,0
E16187,Sales,48,57546.0,3.47,7,No,0,2026,0
E16188,Marketing,22,93220.0,3.19,6,No,6,2018,0
E16189,Sales,44,48566.0,2.76,14,No,5,2025,0
E16190,IT,37,35917.0,3.18,9,Yes,7,2018,1
E16191,Sales,34,98389.0,3.19,10,Yes,6,2021,0
E16192,HR,51,81256.0,3.33,6,Yes,3,2021,0
E16193,Sales,33,97851.0,3.23,7,No,0,2022,0
E16194,IT,42,51325.0,3.86,1,No,4,2018,0
E16195,Operations,24,68586.0,3.53,8,No,6,2026,0
E16196,IT,51,61672.0,3.41,5,No,7,2020,0
E16197,Operations,25,73860.0,3.81,9,Yes,4,2021,0
E16198,Operations,47,37266.0,4.19,16,No,5,2026,0
E16199,Sales,21,59850.0,2.78,2,Yes,6,2022,0
E16200,Marketing,23,55665.0,3.77,13,Yes,5,2020,0
E16201,HR,26,42638.0,3.67,17,No,3,2024,0
E16202,Sales,51,66904.0,5.0,10,No,4,2019,0
E16203,Marketing,28,58766.0,4.36,10,Yes,1,2022,0
E16204,IT,30,69950.0,3.76,14,No,1,2021,0
E16205,Sales,40,91594.0,3.94,9,Yes,1,2019,0
E16206,Operations,43,77699.0,2.44,8,No,0,2020,0
E16207,Operations,44,61517.0,3.05,16,No,2,2023,0
E16208,IT,26,45970.0,3.63,5,Yes,5,2023,0
E16209,Operations,53,80373.0,3.59,12,Yes,4,2021,0
E16210,Sales,35,95569.0,3.06,12,Yes,4,2019,0
E16211,IT,58,83694.0,2.81,11,No,2,2021,0
E16212,Operations,23,88946.0,5.0,1,No,2,2020,0
E16213,IT,39,76757.0,2.65,14,No,5,2021,0
E16214,Operations,51,67023.0,4.24,12,Yes,7,2025,0
E16215,Finance,54,56238.0,4.15,15,No,6,2024,0
E16216,Marketing,58,65235.0,2.81,9,Yes,5,2023,1
E16217,Finance,30,53806.0,4.07,13,No,7,2023,0
E16218,Sales,57,42698.0,3.59,5,No,0,2018,0
E16219,IT,54,99348.0,3.65,11,No,5,2022,0
E16220,Operations,46,63783.0,3.17,10,Yes,0,2020,0
E16221,HR,39,71822.0,2.58,4,No,3,2021,0
E16222,IT,52,54036.0,2.99,16,No,2,2024,0
E16223,Sales,41,86661.0,3.49,12,No,7,2018,0
E16224,Sales,22,57941.0,2.9,15,No,2,2019,0
E16225,HR,21,61737.0,3.33,8,Yes,0,2018,0
E16226,Sales,40,69517.0,4.57,8,No,3,2025,0
E16227,Operations,37,67839.0,3.22,9,No,7,2022,0
E16228,IT,31,31885.0,2.8,12,No,5,2026,0
E16229,IT,26,50032.0,2.98,12,No,1,2018,0
E16230,Sales,58,83664.0,3.96,15,No,7,2026,0
E16231,Sales,42,52798.0,2.98,12,Yes,2,2023,1
E16232,IT,25,48653.0,3.23,11,No,7,2024,0
E16233,Operations,49,53430.0,2.67,7,No,3,2026,0
E16234,IT,59,51602.0,3.92,1,Yes,3,2018,0
E16235,Operations,46,58125.0,3.67,5,No,3,2020,0
E16236,Marketing,36,56858.0,3.83,17,No,1,2025,0
E16237,HR,27,39905.0,3.62,5,Yes,2,2024,0
E16238,Operations,28,55022.0,2.45,4,Yes,4,2026,0
E16239,Finance,32,47179.0,3.93,6,No,1,2025,0
E16240,IT,51,61558.0,4.06,13,Yes,4,2018,0
E16241,Sales,38,37105.0,3.85,16,No,0,2024,0
E16242,IT,29,92547.0,4.39,2,No,0,2020,0
E16243,Finance,43,79375.0,2.83,2,No,0,2022,0
E16244,Operations,25,65691.0,4.8,8,No,6,2018,0
E16245,Operations,21,72018.0,3.98,3,No,1,2026,0
E16246,Operations,29,77147.0,2.9,16,No,5,2023,0
E16247,Finance,32,69176.0,4.26,7,No,7,2026,0
E16248,Operations,28,87737.0,3.51,17,No,7,2026,0
E16249,IT,34,63434.0,3.69,6,No,1,2020,0
E16250,IT,42,63505.0,3.28,2,No,2,2020,0
E16251,Sales,41,54915.0,2.13,10,No,6,2024,0
E16252,IT,54,53261.0,2.55,0,No,3,2018,0
E16253,Finance,44,83148.0,2.78,1,No,6,2023,0
E16254,Sales,36,62315.0,3.7,5,Yes,3,2020,0
E16255,HR,37,72348.0,3.46,9,No,3,2019,0
E16256,Marketing,56,50586.0,4.63,14,No,3,2018,0
E16257,IT,50,72964.0,3.15,10,No,2,2026,0
E16258,HR,44,56259.0,2.59,5,Yes,7,2021,0
E16259,Operations,50,62170.0,3.35,0,No,3,2020,0
E16260,Sales,29,49884.0,3.47,4,Yes,7,2019,0
E16261,IT,38,92908.0,3.98,7,No,2,2026,0
E16262,Operations,47,60327.0,3.13,14,Yes,4,2024,0
E16263,HR,29,63695.0,2.98,14,No,0,2020,0
E16264,Marketing,26,65684.0,3.16,11,No,6,2020,0
E16265,IT,51,37404.0,4.19,3,No,2,2025,0
E16266,Sales,38,60168.0,3.34,16,Yes,7,2021,0
E16267,Marketing,29,61774.0,3.16,9,No,5,2021,0
E16268,Finance,33,37219.0,3.74,13,No,5,2026,0
E16269,Sales,52,60311.0,4.56,15,No,2,2022,0
E16270,HR,27,46438.0,3.24,3,No,0,2021,0
E16271,Operations,53,74151.0,3.4,10,Yes,6,2018,0
E16272,IT,24,82847.0,2.57,10,Yes,0,2022,0
E16273,Operations,37,75626.0,3.22,13,No,2,2021,0
E16274,Operations,55,77101.0,2.93,15,No,2,2025,0
E16275,Sales,25,71137.0,3.2,12,No,2,2021,0
E16276,Marketing,49,45649.0,5.0,15,No,2,2023,0
E16277,Sales,35,56089.0,2.29,15,Yes,4,2022,0
E16278,Finance,58,46942.0,2.93,14,No,2,2022,0
E16279,Marketing,22,58541.0,2.86,10,No,6,2024,0
E16280,IT,42,43932.0,2.83,11,No,3,2020,0
E16281,Finance,40,56558.0,3.61,4,Yes,6,2021,0
E16282,Operations,55,54048.0,2.99,1,No,5,2024,0
E16283,Sales,28,38431.0,3.66,16,No,7,2023,0
E16284,Marketing,48,74887.0,4.56,8,No,1,2020,0
E16285,Finance,54,57582.0,1.98,5,No,1,2025,0
E16286,Sales,59,89275.0,3.95,10,No,0,2023,0
E16287,Sales,53,74115.0,2.51,5,No,5,2019,0
E16288,IT,56,58524.0,2.17,7,Yes,3,2021,0
E16289,Operations,49,74150.0,3.8,11,No,3,2026,0
E16290,Operations,40,82451.0,3.59,13,Yes,1,2019,0
E16291,HR,32,40511.0,4.74,0,No,4,2019,1
E16292,Operations,39,59500.0,3.83,16,No,5,2022,0
E16293,IT,58,36188.0,2.8,15,Yes,5,2024,1
E16294,Sales,36,50125.0,3.82,10,Yes,0,2024,0
E16295,HR,33,71151.0,3.65,0,Yes,3,2025,0
E16296,Operations,36,91918.0,3.32,0,No,3,2020,0
E16297,HR,43,74655.0,2.45,7,No,3,2024,0
E16298,Operations,33,51779.0,3.04,14,No,1,2023,0
E16299,HR,57,66334.0,3.29,11,No,4,2026,0
E16300,HR,53,43771.0,3.95,1,No,4,2018,0
E16301,IT,39,59295.0,3.3,5,No,5,2023,0
E16302,Operations,53,95596.0,3.6,7,No,0,2022,0
E16303,Operations,28,32731.0,4.26,12,Yes,4,2019,0
E16304,Operations,38,42851.0,3.49,6,No,1,2024,0
E16305,Marketing,35,77339.0,3.47,1,Yes,1,2022,0
E16306,Finance,35,86994.0,4.15,8,Yes,2,2026,0
E16307,Marketing,39,59078.0,3.48,14,Yes,4,2026,0
E16308,IT,48,79091.0,3.47,1,No,2,2021,1
E16309,IT,45,73166.0,4.86,1,No,7,2025,0
E16310,Sales,33,83531.0,3.41,17,Yes,6,2018,0
E16311,Finance,39,28000.0,3.46,1,Yes,5,2021,0
E16312,HR,51,82842.0,2.54,1,No,3,2025,0
E16313,Finance,57,90775.0,4.44,7,No,7,2019,0
E16314,Sales,57,80448.0,3.4,6,Yes,0,2020,0
E16315,Operations,40,63312.0,3.59,7,No,4,2023,0
E16316,IT,49,87758.0,2.58,1,Yes,0,2018,1
E16317,Marketing,22,69277.0,3.04,1,Yes,3,2023,0
E16318,Finance,30,103567.0,3.83,2,No,4,2023,0
E16319,IT,49,73535.0,3.36,13,No,6,2020,0
E16320,Marketing,58,82941.0,4.33,11,No,7,2023,0
E16321,Sales,57,70559.0,3.15,5,No,1,2023,0
E16322,Sales,58,83475.0,2.5,5,No,1,2024,0
E16323,HR,33,60410.0,3.01,2,No,0,2024,0
E16324,Sales,40,63666.0,4.22,0,Yes,3,2019,0
E16325,Marketing,32,38383.0,4.32,9,No,7,2024,0
E16326,Sales,59,73309.0,3.18,10,Yes,1,2023,0
E16327,IT,48,47440.0,2.66,16,Yes,4,2022,0
E16328,IT,24,46814.0,2.27,17,No,0,2020,1
E16329,Marketing,26,105765.0,1.99,12,Yes,7,2024,0
E16330,Sales,43,75114.0,3.29,8,No,7,2023,0
E16331,Operations,21,79328.0,3.33,13,No,0,2026,1
E16332,Sales,23,77250.0,2.29,1,No,7,2023,0
E16333,Marketing,43,40024.0,2.08,8,No,3,2025,0
E16334,IT,54,45110.0,4.32,5,No,0,2026,0
E16335,Operations,41,52998.0,4.54,9,No,5,2026,0
E16336,Sales,22,77491.0,3.4,11,No,5,2024,0
E16337,Sales,28,78813.0,4.06,14,No,6,2023,0
E16338,Operations,30,41491.0,4.44,13,Yes,1,2019,1
E16339,Sales,60,75386.0,2.84,14,No,0,2020,0
E16340,Operations,44,42135.0,4.37,1,No,0,2021,1
E16341,Operations,50,48585.0,2.57,12,No,2,2019,1
E16342,Operations,22,58698.0,3.63,17,Yes,3,2018,0
E16343,IT,53,52157.0,1.4,6,No,3,2021,0
E16344,Sales,24,104393.0,4.3,10,Yes,7,2021,1
E16345,Operations,36,67620.0,3.23,2,Yes,0,2024,0
E16346,Operations,41,55865.0,2.99,8,No,2,2020,0
E16347,Marketing,23,83122.0,3.84,9,Yes,0,2018,0
E16348,Sales,31,74718.0,2.24,14,No,4,2020,0
E16349,IT,44,69497.0,3.14,5,No,2,2022,0
E16350,Marketing,23,66940.0,2.58,3,No,6,2026,1
E16351,HR,48,66262.0,3.01,12,No,6,2019,0
E16352,Sales,28,60938.0,2.95,3,Yes,2,2026,0
E16353,Marketing,32,61638.0,3.0,4,No,5,2026,0
E16354,Sales,29,59207.0,3.0,7,Yes,1,2026,0
E16355,IT,51,45303.0,4.5,15,No,2,2024,0
E16356,Marketing,52,83786.0,3.38,1,No,1,2022,0
E16357,IT,30,49286.0,3.86,6,No,4,2019,0
E16358,Operations,60,70690.0,1.99,14,No,1,2026,0
E16359,IT,27,84729.0,2.77,16,No,5,2020,0
E16360,IT,58,76838.0,2.76,17,No,4,2024,0
E16361,Sales,50,84807.0,3.16,17,No,2,2024,0
E16362,Sales,27,70267.0,3.06,14,No,3,2022,0
E16363,HR,42,51489.0,3.3,3,No,7,2021,0
E16364,HR,36,94150.0,4.2,17,No,1,2022,0
E16365,Sales,36,62380.0,4.27,2,No,2,2026,0
E16366,Operations,49,86333.0,3.23,11,Yes,6,2019,0
E16367,Operations,58,66005.0,2.06,13,No,4,2024,0
E16368,Marketing,39,75828.0,3.01,1,No,3,2024,0
E16369,Marketing,33,44184.0,3.55,6,No,4,2021,0
E16370,IT,43,78002.0,5.0,1,No,4,2026,0
E16371,IT,43,84253.0,2.8,11,Yes,2,2021,0
E16372,IT,24,52831.0,4.13,1,Yes,5,2020,0
E16373,IT,54,56636.0,4.26,16,No,2,2023,0
E16374,IT,21,56305.0,3.13,15,No,3,2018,0
E16375,IT,47,72681.0,4.31,6,No,4,2020,0
E16376,Marketing,35,42323.0,3.54,16,No,3,2019,0
E16377,Operations,55,85295.0,2.95,8,No,4,2024,0
E16378,Marketing,49,38754.0,3.49,10,No,1,2021,0
E16379,Finance,56,78725.0,3.78,0,Yes,4,2023,0
E16380,HR,60,68524.0,3.21,17,No,5,2025,0
E16381,Sales,21,69537.0,4.25,15,No,6,2021,0
E16382,Operations,33,50677.0,3.5,14,No,7,2019,0
E16383,Operations,45,93160.0,2.99,14,No,7,2023,0
E16384,Sales,23,108346.0,3.74,11,No,2,2026,0
E16385,Sales,57,62031.0,3.75,2,No,4,2021,0
E16386,Sales,28,55967.0,2.99,16,Yes,4,2020,0
E16387,HR,48,78073.0,1.9,12,Yes,3,2024,0
E16388,Sales,54,73991.0,3.08,17,No,5,2018,0
E16389,Sales,31,80265.0,4.09,0,No,2,2026,0
E16390,Operations,28,49200.0,3.67,6,No,3,2018,1
E16391,IT,51,84231.0,4.04,8,No,6,2019,0
E16392,IT,35,60900.0,3.72,3,Yes,4,2020,0
E16393,Sales,37,72399.0,4.73,3,Yes,6,2021,0
E16394,IT,50,61093.0,4.01,17,Yes,6,2021,0
E16395,Finance,41,46900.0,3.54,1,No,2,2020,0
E16396,HR,43,58116.0,3.46,1,No,0,2023,0
E16397,Sales,47,55588.0,3.26,8,No,2,2019,0
E16398,Operations,51,79807.0,3.79,15,No,3,2018,0
E16399,Sales,37,59848.0,4.94,8,No,0,2024,0
E16400,Sales,49,61750.0,4.38,14,No,3,2022,0
E16401,Operations,27,55584.0,4.19,0,Yes,3,2021,0
E16402,Sales,26,28000.0,3.21,9,No,4,2023,0
E16403,Operations,22,88254.0,3.46,16,Yes,5,2024,0
E16404,Finance,59,71419.0,4.24,6,No,6,2022,0
E16405,Operations,40,70522.0,2.89,13,No,2,2021,0
E16406,Operations,58,65933.0,3.83,17,Yes,1,2020,0
E16407,HR,48,48370.0,3.93,8,Yes,6,2024,0
E16408,Sales,44,61947.0,4.34,12,No,4,2023,0
E16409,HR,40,59010.0,3.17,12,No,0,2025,0
E16410,Marketing,33,53686.0,4.29,11,No,7,2022,0
E16411,Sales,56,64338.0,2.21,15,Yes,1,2019,1
E16412,Marketing,53,47963.0,4.68,14,No,6,2026,0
E16413,IT,41,58923.0,2.48,5,No,0,2020,0
E16414,HR,26,74286.0,4.71,12,No,0,2022,0
E16415,Marketing,48,66569.0,3.67,15,No,5,2023,0
E16416,HR,43,74937.0,4.47,0,No,4,2018,0
E16417,IT,35,70717.0,3.5,5,No,1,2022,0
E16418,IT,40,54217.0,3.82,15,No,0,2018,0
E16419,Operations,23,54149.0,3.44,9,No,4,2021,0
E16420,Sales,58,37982.0,3.59,9,No,2,2022,0
E16421,IT,45,66197.0,3.94,3,No,6,2018,0
E16422,Sales,50,64878.0,3.49,0,No,7,2020,0
E16423,IT,44,86391.0,3.25,6,Yes,2,2020,0
E16424,Marketing,57,68048.0,2.98,5,No,7,2026,0
E16425,Finance,43,52739.0,4.33,6,No,6,2020,0
E16426,Sales,44,62462.0,4.02,7,No,0,2020,0
E16427,Marketing,40,76826.0,3.19,7,No,6,2026,1
E16428,Operations,59,88246.0,3.16,3,No,0,2025,0
E16429,HR,40,67242.0,3.46,15,No,7,2021,0
E16430,Sales,56,59624.0,3.41,15,No,3,2019,0
E16431,Marketing,54,58620.0,4.5,14,No,5,2025,0
E16432,Operations,30,71784.0,2.92,0,No,4,2026,0
E16433,Sales,37,64955.0,2.33,13,No,4,2026,0
E16434,Sales,41,92779.0,3.76,2,No,3,2018,0
E16435,Sales,38,63778.0,2.93,7,No,2,2020,0
E16436,Sales,21,44301.0,2.63,7,No,4,2026,0
E16437,Finance,60,109477.0,4.77,10,Yes,4,2020,0
E16438,Marketing,21,43330.0,4.12,8,No,3,2021,0
E16439,Sales,49,68678.0,4.2,17,No,7,2025,0
E16440,Marketing,53,61713.0,2.8,0,No,2,2022,0
E16441,Operations,40,41576.0,2.97,4,No,6,2023,0
E16442,Sales,41,47098.0,4.69,0,No,3,2018,0
E16443,Marketing,43,62264.0,3.79,10,Yes,3,2026,0
E16444,Marketing,29,84187.0,4.74,4,No,0,2020,0
E16445,IT,25,54740.0,2.71,13,No,1,2021,0
E16446,Sales,52,88078.0,2.91,8,Yes,2,2024,0
E16447,Finance,26,71639.0,3.38,17,No,4,2019,0
E16448,Marketing,54,72456.0,1.41,10,Yes,0,2024,0
E16449,IT,56,62531.0,4.19,15,No,7,2021,0
E16450,Marketing,37,78658.0,3.98,12,Yes,5,2023,0
E16451,HR,49,36126.0,2.86,0,Yes,5,2021,1
E16452,Sales,31,69139.0,2.37,13,Yes,1,2022,1
E16453,Marketing,40,50126.0,3.55,9,Yes,3,2018,0
E16454,Operations,52,85106.0,4.45,12,Yes,7,2026,0
E16455,Operations,52,94746.0,4.26,0,Yes,6,2025,0
E16456,Sales,51,64660.0,4.92,16,No,7,2022,0
E16457,Sales,35,82738.0,2.73,17,No,3,2021,0
E16458,Operations,50,95979.0,3.2,9,Yes,4,2024,1
E16459,IT,44,98274.0,4.05,11,No,4,2023,0
E16460,IT,47,83747.0,3.62,5,No,5,2018,0
E16461,Operations,51,83017.0,2.75,14,Yes,1,2023,0
E16462,Sales,38,95983.0,2.7,6,No,4,2020,0
E16463,HR,30,75583.0,3.66,10,No,2,2025,0
E16464,Sales,25,66562.0,2.61,3,Yes,3,2019,0
E16465,Sales,52,65078.0,3.99,8,No,4,2024,0
E16466,Finance,27,75550.0,3.86,1,No,2,2026,0
E16467,Sales,37,77967.0,3.76,4,No,1,2021,0
E16468,IT,32,35754.0,2.88,17,No,6,2020,0
E16469,Marketing,22,38713.0,3.34,5,Yes,5,2026,1
E16470,Operations,44,59614.0,4.22,14,No,2,2022,0
E16471,Marketing,36,74592.0,2.62,13,Yes,2,2026,1
E16472,IT,52,69179.0,3.05,13,No,6,2018,0
E16473,IT,33,71932.0,2.6,1,Yes,7,2021,1
E16474,Sales,53,91919.0,3.06,9,No,4,2026,0
E16475,HR,58,31307.0,3.74,4,No,4,2025,0
E16476,Sales,50,40630.0,4.36,7,No,0,2018,0
E16477,Operations,59,101361.0,3.44,4,No,6,2023,0
E16478,Sales,56,107989.0,4.44,16,Yes,5,2023,0
E16479,HR,37,48412.0,3.17,5,No,5,2019,0
E16480,Marketing,42,50247.0,2.71,11,No,5,2018,0
E16481,IT,30,74446.0,4.96,14,No,0,2019,0
E16482,Operations,47,76356.0,2.17,17,No,3,2025,0
E16483,Finance,26,62934.0,4.29,13,Yes,0,2024,0
E16484,Sales,54,47090.0,2.92,15,No,3,2024,0
E16485,Marketing,21,50405.0,3.06,11,No,2,2018,0
E16486,Marketing,28,74641.0,4.54,7,Yes,5,2023,0
E16487,Sales,54,45753.0,3.76,10,No,6,2025,0
E16488,Sales,37,64674.0,3.32,5,No,4,2024,0
E16489,Marketing,28,100453.0,3.41,14,No,6,2018,0
E16490,Operations,35,84343.0,3.74,7,Yes,3,2018,0
E16491,Operations,21,69612.0,2.69,9,No,6,2019,1
E16492,Operations,53,80717.0,2.79,12,No,0,2021,0
E16493,HR,35,76695.0,3.09,0,Yes,3,2023,0
E16494,IT,35,72536.0,3.34,15,No,5,2023,0
E16495,Sales,51,74159.0,3.0,17,No,0,2023,0
E16496,HR,25,68736.0,3.26,14,Yes,4,2024,0
E16497,Finance,58,88644.0,2.87,7,No,0,2025,0
E16498,HR,40,71658.0,3.91,4,Yes,1,2019,1
E16499,IT,45,91597.0,5.0,6,No,1,2023,0
E16500,Marketing,50,68975.0,3.06,11,No,3,2022,0
E16501,IT,55,47967.0,4.63,10,No,1,2022,0
E16502,Sales,30,63011.0,3.52,1,No,2,2019,0
E16503,Marketing,50,50857.0,3.05,6,Yes,6,2018,0
E16504,Sales,30,79163.0,3.76,4,No,6,2024,0
E16505,Marketing,30,57721.0,3.21,2,No,1,2020,1
E16506,IT,27,58148.0,3.82,10,Yes,5,2019,0
E16507,IT,32,98051.0,2.0,8,No,4,2025,0
E16508,Marketing,28,80412.0,3.47,16,Yes,7,2022,0
E16509,Operations,52,50810.0,4.14,7,No,7,2020,0
E16510,IT,34,49454.0,2.56,12,No,5,2019,0
E16511,Operations,28,35545.0,4.4,10,No,6,2023,0
E16512,Finance,58,51772.0,2.38,5,No,7,2019,1
E16513,Marketing,21,69992.0,2.64,10,Yes,4,2024,1
E16514,Marketing,54,99147.0,4.28,3,No,4,2025,0
E16515,Marketing,60,49302.0,3.11,1,No,7,2022,1
E16516,Operations,53,56661.0,2.82,7,No,4,2024,0
E16517,Finance,33,61469.0,4.33,7,No,5,2026,0
E16518,HR,30,42685.0,4.01,12,No,2,2026,0
E16519,Finance,22,60803.0,2.7,6,Yes,7,2025,0
E16520,Operations,28,53806.0,3.25,8,Yes,1,2018,0
E16521,HR,44,72611.0,4.45,14,No,7,2026,0
E16522,Sales,21,84607.0,3.38,17,No,6,2023,0
E16523,IT,55,50991.0,3.47,9,Yes,0,2022,1
E16524,Sales,36,45060.0,3.82,5,No,3,2025,0
E16525,Finance,45,57160.0,3.73,7,No,3,2023,0
E16526,Sales,54,77465.0,3.8,16,No,4,2025,0
E16527,Marketing,60,66638.0,3.72,3,No,6,2022,0
E16528,Sales,25,43491.0,3.38,9,No,4,2025,0
E16529,IT,52,69302.0,4.24,15,No,3,2020,0
E16530,Marketing,57,74641.0,4.02,6,No,5,2023,0
E16531,HR,48,53464.0,4.05,0,No,0,2023,0
E16532,Operations,21,67726.0,3.6,14,Yes,7,2026,0
E16533,Sales,37,56643.0,3.47,9,Yes,3,2026,1
E16534,Finance,51,77404.0,2.76,13,No,2,2019,1
E16535,IT,52,75031.0,3.92,4,No,2,2026,0
E16536,Sales,30,74623.0,3.22,12,No,0,2025,0
E16537,Operations,36,44637.0,3.61,17,Yes,6,2019,0
E16538,Finance,35,85306.0,3.92,11,No,6,2018,0
E16539,Finance,60,75386.0,3.6,7,No,5,2018,0
E16540,IT,26,47755.0,2.78,10,No,7,2018,0
E16541,Marketing,29,82979.0,4.42,7,Yes,1,2024,0
E16542,Operations,26,81309.0,3.05,10,No,2,2021,0
E16543,Sales,24,74713.0,3.4,13,No,6,2020,0
E16544,Finance,52,81044.0,2.78,12,No,0,2018,0
E16545,HR,50,100850.0,3.93,14,Yes,0,2025,0
E16546,Marketing,31,89226.0,2.67,3,No,6,2020,0
E16547,Finance,27,89673.0,3.04,15,No,3,2023,0
E16548,IT,47,43824.0,3.98,6,No,2,2020,0
E16549,Finance,34,64206.0,3.8,0,No,2,2023,1
E16550,Operations,28,57839.0,4.31,3,No,3,2019,0
E16551,IT,59,74201.0,4.36,10,Yes,6,2019,0
E16552,Sales,37,29533.0,1.98,10,Yes,1,2026,1
E16553,IT,42,67445.0,2.83,11,No,2,2019,0
E16554,Sales,55,43532.0,4.01,10,No,7,2026,0
E16555,Sales,24,85215.0,4.51,4,No,6,2022,0
E16556,Operations,39,81119.0,2.78,0,Yes,1,2026,1
E16557,IT,23,87624.0,4.09,4,No,4,2024,0
E16558,Sales,59,82662.0,2.54,3,No,4,2022,0
E16559,Operations,54,68218.0,3.72,5,Yes,6,2024,0
E16560,Operations,59,69347.0,2.77,17,No,3,2023,0
E16561,Sales,42,43230.0,4.57,7,Yes,3,2018,1
E16562,Marketing,37,31293.0,3.62,12,No,4,2018,0
E16563,IT,28,72206.0,2.92,13,No,1,2021,0
E16564,IT,34,51084.0,4.97,13,No,3,2026,0
E16565,Marketing,34,32413.0,3.52,0,Yes,6,2020,1
E16566,Sales,35,66530.0,4.22,10,No,7,2025,0
E16567,Marketing,43,37381.0,2.69,15,No,3,2019,0
E16568,Operations,48,69057.0,4.05,8,No,6,2022,0
E16569,Sales,29,42883.0,3.1,9,No,2,2022,0
E16570,HR,29,38921.0,4.6,12,No,4,2019,0
E16571,Operations,48,61633.0,2.34,3,Yes,4,2021,0
E16572,Sales,32,77636.0,3.53,5,Yes,2,2024,0
E16573,HR,33,44054.0,2.57,15,Yes,7,2023,0
E16574,Marketing,37,82499.0,2.4,3,Yes,7,2022,0
E16575,Marketing,45,64744.0,3.15,16,No,7,2023,0
E16576,Sales,30,52697.0,2.86,2,Yes,0,2022,0
E16577,HR,28,74844.0,4.63,11,No,7,2018,0
E16578,Marketing,21,33279.0,4.25,15,No,4,2023,0
E16579,Sales,21,78612.0,3.61,1,No,2,2022,0
E16580,IT,22,87378.0,3.06,2,No,3,2021,0
E16581,HR,38,72547.0,1.89,7,No,2,2020,0
E16582,Sales,37,58971.0,3.43,15,Yes,6,2020,0
E16583,Marketing,48,47084.0,3.44,6,No,4,2023,0
E16584,Operations,41,64483.0,3.29,1,Yes,5,2019,0
E16585,Finance,23,56392.0,4.49,12,Yes,0,2019,1
E16586,Marketing,42,57726.0,2.3,7,No,3,2026,0
E16587,Marketing,41,94378.0,2.83,9,No,1,2020,0
E16588,Finance,35,76799.0,3.21,3,No,7,2018,0
E16589,Sales,35,54525.0,4.03,17,Yes,3,2020,0
E16590,HR,52,41785.0,3.63,0,No,2,2019,0
E16591,Operations,53,70172.0,3.19,11,Yes,5,2018,0
E16592,Marketing,43,28000.0,3.19,13,Yes,1,2025,0
E16593,Operations,21,52120.0,4.29,7,No,0,2021,0
E16594,Operations,27,83568.0,3.12,5,Yes,1,2020,0
E16595,Sales,40,89348.0,3.48,16,No,0,2024,0
E16596,Sales,31,91636.0,3.26,11,No,1,2021,0
E16597,Operations,28,93647.0,2.69,10,No,0,2019,1
E16598,Operations,38,46335.0,3.39,5,No,0,2022,0
E16599,Marketing,21,113224.0,3.44,7,No,7,2023,0
E16600,HR,53,35204.0,3.55,2,No,5,2024,0
E16601,Sales,42,70916.0,3.53,6,No,0,2022,1
E16602,Sales,56,74749.0,2.43,13,No,7,2025,0
E16603,Finance,60,70493.0,2.61,16,No,1,2019,1
E16604,Operations,31,51382.0,3.06,4,No,3,2025,0
E16605,Marketing,51,82424.0,3.48,6,Yes,0,2021,0
E16606,Finance,35,60189.0,3.3,2,Yes,7,2024,0
E16607,Finance,28,72308.0,4.75,17,No,1,2024,0
E16608,IT,45,74776.0,3.81,11,No,2,2024,0
E16609,IT,49,55878.0,3.65,15,Yes,2,2018,1
E16610,Finance,36,73335.0,2.34,8,No,6,2019,0
E16611,Operations,50,51276.0,4.12,1,No,4,2019,0
E16612,HR,48,80915.0,3.51,5,No,7,2021,0
E16613,Finance,56,47384.0,2.76,12,No,1,2020,0
E16614,Operations,55,44579.0,4.04,12,No,2,2021,0
E16615,Sales,49,77026.0,3.8,6,No,7,2023,0
E16616,Sales,47,73641.0,3.92,0,No,3,2026,0
E16617,Operations,30,79479.0,2.68,1,Yes,1,2019,0
E16618,Marketing,47,58803.0,1.57,16,Yes,7,2023,0
E16619,Operations,32,71174.0,4.2,16,No,3,2018,0
E16620,Sales,48,61654.0,3.64,1,No,0,2018,0
E16621,Sales,59,104378.0,4.35,13,No,1,2026,0
E16622,Operations,22,54327.0,5.0,2,No,2,2023,0
E16623,Sales,31,82727.0,2.04,7,No,0,2025,1
E16624,Sales,48,31643.0,4.39,7,Yes,7,2023,0
E16625,Operations,48,104832.0,2.9,13,No,1,2018,0
E16626,Operations,25,28000.0,3.64,5,Yes,7,2019,0
E16627,Sales,51,48728.0,1.35,3,Yes,0,2018,0
E16628,Sales,44,51087.0,2.93,15,Yes,1,2020,0
E16629,HR,43,68736.0,3.16,14,No,6,2018,0
E16630,Marketing,57,49612.0,2.9,5,No,7,2023,0
E16631,Marketing,50,36722.0,4.31,1,No,1,2019,0
E16632,IT,38,52355.0,3.07,0,No,5,2021,0
E16633,Sales,30,94245.0,3.35,15,Yes,3,2025,0
E16634,Operations,56,32590.0,3.23,11,Yes,0,2019,0
E16635,HR,31,28000.0,2.93,3,Yes,5,2021,0
E16636,IT,35,49471.0,4.45,8,No,4,2019,0
E16637,Operations,60,35839.0,3.64,11,No,5,2021,0
E16638,Finance,49,70913.0,1.89,16,Yes,6,2018,1
E16639,Operations,47,80252.0,3.67,13,No,0,2024,0
E16640,Finance,51,72579.0,3.36,7,No,4,2021,0
E16641,Sales,29,47213.0,3.62,11,No,6,2018,0
E16642,Sales,24,40604.0,3.4,17,Yes,7,2026,0
E16643,Operations,45,80153.0,4.29,17,No,4,2023,0
E16644,Operations,25,56346.0,4.51,0,No,7,2023,0
E16645,Marketing,34,85684.0,1.92,1,No,5,2019,0
E16646,Sales,40,55382.0,2.2,4,Yes,7,2021,1
E16647,Sales,37,59528.0,4.38,8,Yes,5,2022,0
E16648,Marketing,52,80665.0,3.76,8,No,5,2019,0
E16649,Marketing,41,89953.0,3.62,9,No,1,2025,0
E16650,Sales,26,93265.0,3.34,4,No,2,2026,0
E16651,Finance,29,62158.0,3.25,17,No,0,2023,0
E16652,Operations,27,49484.0,3.86,16,No,0,2022,0
E16653,Operations,60,41837.0,2.24,2,No,2,2025,0
E16654,IT,59,85413.0,2.47,7,No,5,2026,0
E16655,IT,58,69325.0,3.17,3,No,0,2025,0
E16656,Marketing,28,35086.0,3.28,11,No,2,2022,0
E16657,HR,26,83378.0,3.47,11,Yes,5,2020,1
E16658,Marketing,39,47811.0,2.52,13,No,6,2019,0
E16659,Operations,52,73250.0,1.99,17,No,1,2019,0
E16660,Marketing,31,53331.0,3.03,2,No,5,2023,0
E16661,Finance,47,30048.0,4.21,13,No,5,2024,0
E16662,Operations,42,52434.0,2.98,3,No,4,2021,0
E16663,Operations,49,91252.0,2.84,6,No,2,2018,0
E16664,Finance,48,70833.0,2.93,14,No,0,2019,0
E16665,IT,22,45035.0,4.71,2,No,4,2018,0
E16666,Operations,34,62487.0,3.82,7,Yes,7,2026,0
E16667,HR,33,126317.0,2.79,4,No,2,2023,0
E16668,Finance,55,49423.0,2.82,4,No,5,2024,0
E16669,IT,26,89921.0,4.44,11,Yes,2,2019,1
E16670,IT,57,41854.0,3.72,11,Yes,4,2019,0
E16671,IT,32,76010.0,3.59,7,No,4,2021,0
E16672,Marketing,51,89796.0,3.06,4,Yes,2,2025,1
E16673,Sales,54,97472.0,3.19,1,No,5,2026,1
E16674,HR,27,31686.0,3.27,17,Yes,2,2024,1
E16675,IT,32,59378.0,3.27,4,Yes,7,2020,0
E16676,Marketing,50,71173.0,3.66,13,No,1,2022,0
E16677,Sales,32,86077.0,2.6,12,No,0,2022,0
E16678,Marketing,53,63238.0,3.58,3,Yes,3,2019,0
E16679,Finance,40,38620.0,2.68,14,No,0,2019,0
E16680,Marketing,29,83810.0,4.64,10,No,1,2021,0
E16681,Sales,43,62173.0,3.67,7,Yes,7,2018,0
E16682,HR,26,36271.0,3.36,13,No,7,2026,0
E16683,Sales,38,72809.0,3.32,12,No,6,2019,0
E16684,Operations,42,68732.0,3.1,17,No,0,2026,0
E16685,IT,23,76394.0,4.65,4,No,7,2020,0
E16686,Operations,57,43388.0,3.04,0,No,1,2022,0
E16687,Marketing,43,59301.0,4.33,2,Yes,7,2024,1
E16688,Marketing,46,75531.0,4.45,16,Yes,4,2025,0
E16689,Sales,50,73834.0,3.69,8,No,7,2020,0
E16690,Operations,57,87459.0,3.37,15,No,3,2024,0
E16691,Operations,25,113600.0,4.05,3,No,6,2023,0
E16692,Marketing,57,67912.0,2.57,10,Yes,7,2023,1
E16693,IT,54,50224.0,2.36,17,Yes,6,2019,0
E16694,IT,33,42718.0,2.27,5,Yes,7,2018,0
E16695,Operations,32,65180.0,2.83,6,No,6,2018,0
E16696,Sales,37,43838.0,3.65,9,Yes,0,2025,1
E16697,Sales,48,86316.0,2.88,3,No,2,2021,0
E16698,Marketing,52,60162.0,3.78,12,Yes,0,2022,1
E16699,Finance,38,52183.0,3.32,1,No,0,2021,0
E16700,Operations,54,62079.0,2.7,15,No,5,2019,0
E16701,Operations,32,66576.0,3.01,15,No,3,2021,0
E16702,Sales,51,77914.0,3.12,13,No,0,2019,0
E16703,Operations,59,70223.0,3.51,1,No,4,2020,0
E16704,Finance,29,28000.0,3.35,6,No,2,2026,0
E16705,Finance,58,66686.0,3.17,9,No,7,2024,1
E16706,Marketing,28,100809.0,3.63,15,No,2,2026,0
E16707,Sales,23,66686.0,4.87,10,Yes,1,2026,1
E16708,Finance,50,88381.0,3.13,3,No,1,2022,0
E16709,Operations,34,78534.0,3.31,16,No,0,2023,0
E16710,Operations,30,54149.0,5.0,6,No,6,2018,0
E16711,IT,27,66248.0,4.55,7,No,4,2025,0
E16712,IT,49,65755.0,2.86,2,Yes,2,2022,0
E16713,IT,24,64840.0,3.45,5,No,7,2026,0
E16714,IT,34,83938.0,4.78,10,No,7,2018,0
E16715,IT,29,77850.0,2.75,15,No,3,2023,0
E16716,Sales,37,44981.0,2.82,0,No,5,2020,0
E16717,IT,54,78262.0,2.56,0,Yes,4,2018,0
E16718,IT,60,50250.0,3.3,1,No,6,2021,0
E16719,IT,34,28000.0,3.38,7,No,0,2024,0
E16720,Marketing,24,50948.0,2.54,0,No,0,2019,1
E16721,IT,58,69774.0,4.43,11,Yes,7,2019,0
E16722,IT,54,53155.0,1.78,4,No,5,2020,0
E16723,HR,34,90824.0,3.72,0,No,5,2026,0
E16724,Sales,46,79031.0,5.0,2,No,1,2018,0
E16725,IT,49,61062.0,2.18,1,No,1,2018,0
E16726,Marketing,50,55132.0,3.48,1,No,2,2019,1
E16727,Finance,51,82945.0,4.18,8,No,0,2026,0
E16728,IT,51,32689.0,3.93,16,No,0,2023,0
E16729,Finance,23,55527.0,3.41,12,No,6,2020,0
E16730,Sales,58,66333.0,2.98,11,No,0,2019,0
E16731,Marketing,48,50878.0,2.72,8,No,4,2024,0
E16732,Marketing,27,52294.0,3.83,15,Yes,4,2022,0
E16733,Operations,22,83252.0,2.92,2,Yes,7,2026,1
E16734,Marketing,51,54491.0,2.6,9,Yes,7,2020,0
E16735,Sales,33,58706.0,2.97,12,No,0,2026,0
E16736,Sales,39,92463.0,3.57,10,No,5,2024,0
E16737,Operations,51,75476.0,2.4,6,No,1,2021,0
E16738,Finance,45,54944.0,3.97,8,Yes,6,2019,0
E16739,IT,46,67032.0,3.67,16,Yes,2,2019,0
E16740,Sales,34,71786.0,3.61,17,No,2,2026,0
E16741,Sales,28,50893.0,2.79,5,Yes,0,2018,1
E16742,Finance,24,66701.0,3.37,7,No,4,2018,0
E16743,Marketing,53,41226.0,3.84,7,No,6,2022,0
E16744,Operations,28,69735.0,3.69,15,No,4,2021,0
E16745,Sales,50,78731.0,4.15,14,No,4,2026,0
E16746,Operations,59,60466.0,3.53,1,No,2,2022,0
E16747,Operations,60,79524.0,3.67,4,Yes,6,2018,0
E16748,HR,31,91863.0,2.04,16,No,6,2026,0
E16749,Operations,26,102369.0,2.55,14,No,1,2026,0
E16750,Sales,34,96753.0,3.45,0,No,6,2026,0
E16751,Sales,35,71683.0,4.06,16,Yes,1,2024,1
E16752,HR,59,54697.0,5.0,6,No,1,2025,0
E16753,IT,58,55713.0,2.82,11,No,7,2019,0
E16754,Finance,33,45263.0,4.0,15,No,1,2025,0
E16755,Finance,60,76880.0,3.93,17,No,3,2026,0
E16756,Finance,45,54940.0,3.19,8,No,7,2019,0
E16757,IT,22,68180.0,4.37,8,No,3,2023,1
E16758,Marketing,41,87771.0,3.53,15,No,6,2026,0
E16759,Finance,33,40252.0,2.56,11,No,5,2026,0
E16760,Marketing,22,74656.0,2.82,2,No,5,2026,0
E16761,Finance,53,73789.0,4.22,16,No,0,2022,0
E16762,Sales,56,62378.0,2.49,1,No,6,2019,1
E16763,Sales,47,70135.0,2.97,10,No,5,2026,0
E16764,Marketing,48,55826.0,2.88,17,No,2,2023,0
E16765,HR,55,66903.0,2.49,15,No,5,2024,0
E16766,Finance,27,42590.0,3.44,17,No,7,2018,0
E16767,Operations,58,51721.0,3.06,3,No,3,2020,0
E16768,HR,57,58026.0,4.29,8,No,7,2026,0
E16769,IT,30,67096.0,3.84,0,No,5,2018,0
E16770,IT,30,89557.0,2.1,3,No,7,2025,0
E16771,HR,36,52428.0,3.0,8,Yes,3,2025,0
E16772,Marketing,41,66318.0,3.52,12,No,3,2026,0
E16773,IT,49,98322.0,3.38,3,Yes,4,2019,0
E16774,Marketing,23,92178.0,2.29,10,Yes,0,2020,0
E16775,Sales,36,55099.0,3.31,5,No,6,2020,0
E16776,IT,53,78472.0,3.34,2,Yes,7,2024,0
E16777,Operations,51,28000.0,3.64,15,Yes,1,2022,0
E16778,Operations,23,51502.0,2.56,9,No,6,2023,0
E16779,Operations,45,70056.0,3.2,8,Yes,3,2021,0
E16780,IT,46,48769.0,4.04,17,No,7,2023,0
E16781,IT,37,89113.0,3.68,10,No,3,2022,0
E16782,Finance,40,81318.0,4.34,4,No,4,2024,0
E16783,Marketing,35,54122.0,3.5,3,Yes,4,2023,0
E16784,Operations,30,94797.0,2.19,10,No,3,2018,0
E16785,Sales,21,63396.0,2.8,11,No,5,2020,0
E16786,Marketing,55,44473.0,3.74,3,No,5,2021,0
E16787,Marketing,26,72652.0,3.55,17,No,3,2023,0
E16788,HR,55,40160.0,4.04,10,No,3,2023,1
E16789,IT,26,65788.0,3.07,16,Yes,0,2026,1
E16790,IT,39,106460.0,3.5,3,No,0,2022,0
E16791,Sales,53,112640.0,3.55,16,Yes,7,2021,0
E16792,IT,32,50758.0,3.26,17,No,0,2021,0
E16793,IT,42,79496.0,4.04,13,Yes,3,2021,0
E16794,Sales,46,59130.0,2.8,0,No,1,2019,0
E16795,Sales,22,68077.0,3.9,2,No,6,2020,0
E16796,Sales,34,77188.0,3.37,3,No,4,2020,0
E16797,Sales,43,81515.0,3.6,3,No,4,2020,0
E16798,Sales,29,70047.0,2.35,12,No,2,2022,0
E16799,HR,25,37042.0,4.63,9,No,2,2022,0
E16800,Marketing,53,65018.0,3.08,4,No,6,2019,0
E16801,HR,30,57788.0,4.15,11,No,2,2020,0
E16802,IT,29,71707.0,3.4,8,Yes,7,2021,1
E16803,HR,27,85293.0,2.65,4,No,6,2024,0
E16804,Operations,43,51048.0,4.23,9,No,3,2019,0
E16805,Marketing,41,95541.0,3.37,4,Yes,6,2021,0
E16806,Finance,38,94884.0,2.65,10,No,5,2018,0
E16807,IT,45,71579.0,2.52,14,No,3,2020,1
E16808,HR,40,92539.0,3.86,15,Yes,7,2019,1
E16809,Finance,21,46280.0,3.45,17,No,3,2022,0
E16810,IT,21,67541.0,2.56,16,No,5,2020,1
E16811,Operations,31,71827.0,4.3,10,No,1,2022,0
E16812,Operations,53,78286.0,3.98,4,No,5,2023,0
E16813,Finance,58,66665.0,3.9,3,Yes,7,2025,1
E16814,IT,23,67812.0,3.41,13,No,3,2019,0
E16815,Sales,60,44181.0,3.14,10,No,4,2024,0
E16816,Sales,57,94576.0,2.92,0,No,1,2023,0
E16817,Operations,32,86233.0,3.15,8,Yes,6,2020,0
E16818,Sales,38,38723.0,3.74,9,Yes,2,2021,0
E16819,Operations,26,52766.0,3.92,11,No,0,2023,0
E16820,Finance,26,65741.0,3.66,2,No,2,2025,0
E16821,Sales,25,107057.0,4.52,11,No,2,2022,0
E16822,Finance,21,45576.0,2.52,10,Yes,2,2025,0
E16823,Sales,50,70115.0,3.06,15,Yes,7,2026,1
E16824,Finance,49,80857.0,1.39,11,Yes,5,2025,0
E16825,Operations,22,69120.0,3.13,1,Yes,2,2022,0
E16826,HR,23,70839.0,4.24,2,No,3,2026,0
E16827,Finance,30,69790.0,2.68,16,No,5,2019,0
E16828,IT,57,54736.0,4.01,1,Yes,7,2021,0
E16829,IT,51,56508.0,2.66,2,Yes,7,2018,0
E16830,Operations,59,48493.0,3.85,10,No,6,2024,0
E16831,HR,45,74355.0,3.71,12,No,6,2022,0
E16832,IT,60,62090.0,3.6,1,No,1,2019,0
E16833,Operations,27,61935.0,4.12,10,No,7,2024,0
E16834,Sales,21,106224.0,4.02,8,No,3,2025,0
E16835,Finance,23,76307.0,4.43,0,No,0,2019,0
E16836,HR,27,107057.0,4.76,15,Yes,0,2018,0
E16837,Sales,59,53629.0,2.21,14,No,4,2025,1
E16838,Sales,24,49597.0,2.34,15,No,6,2025,0
E16839,Operations,38,60450.0,2.99,5,No,5,2022,0
E16840,IT,60,66729.0,4.58,12,No,2,2026,0
E16841,Operations,29,76692.0,2.88,8,No,7,2023,0
E16842,Finance,41,77653.0,3.66,5,No,4,2020,0
E16843,HR,45,46283.0,2.25,11,No,3,2024,0
E16844,Finance,52,46965.0,2.88,16,Yes,1,2025,0
E16845,Marketing,39,70987.0,4.37,3,No,4,2025,0
E16846,Marketing,52,62860.0,4.22,12,No,4,2025,1
E16847,Operations,25,54196.0,4.13,16,Yes,4,2022,0
E16848,Sales,38,59464.0,2.75,9,No,3,2024,1
E16849,Sales,43,28000.0,4.09,1,No,1,2018,0
E16850,IT,44,70172.0,2.61,12,No,2,2021,0
E16851,IT,39,63059.0,2.84,10,No,5,2026,0
E16852,Operations,25,49130.0,3.65,4,No,1,2025,0
E16853,Sales,46,60299.0,2.7,17,No,7,2023,0
E16854,Operations,43,79157.0,4.14,15,No,0,2018,0
E16855,Finance,23,61526.0,2.73,15,No,5,2018,0
E16856,IT,43,81681.0,3.76,1,Yes,6,2023,0
E16857,Operations,28,61870.0,3.71,0,No,6,2019,0
E16858,Finance,31,42261.0,3.3,12,Yes,7,2024,0
E16859,Marketing,45,38915.0,3.22,11,No,3,2018,0
E16860,IT,49,58696.0,2.7,12,No,5,2018,0
E16861,Marketing,39,93969.0,3.2,2,No,3,2023,0
E16862,Sales,45,61291.0,4.63,17,No,2,2019,0
E16863,HR,24,49275.0,4.12,7,Yes,2,2020,0
E16864,Sales,43,66163.0,3.07,16,No,6,2025,0
E16865,Finance,53,92876.0,3.38,3,No,4,2024,0
E16866,Marketing,38,88209.0,3.23,3,No,0,2024,0
E16867,Operations,46,70866.0,3.0,14,No,0,2018,0
E16868,IT,26,56366.0,3.97,10,No,7,2018,0
E16869,Sales,48,52408.0,4.03,3,No,3,2019,0
E16870,HR,38,64151.0,3.08,4,No,1,2019,0
E16871,Operations,23,56938.0,4.01,10,No,6,2021,0
E16872,Sales,44,85452.0,5.0,16,Yes,5,2021,0
E16873,IT,38,51851.0,3.62,4,Yes,0,2021,0
E16874,Operations,31,76485.0,3.58,9,No,6,2021,0
E16875,Operations,31,52752.0,2.79,4,No,5,2019,0
E16876,Finance,28,56359.0,3.85,2,No,0,2021,0
E16877,Sales,48,61032.0,3.16,16,Yes,0,2018,0
E16878,Marketing,34,58730.0,3.83,17,No,2,2022,0
E16879,Sales,26,35457.0,3.77,5,Yes,3,2022,0
E16880,Sales,21,64665.0,3.49,4,No,0,2023,0
E16881,Sales,29,63320.0,3.36,6,No,3,2021,0
E16882,Sales,60,64885.0,3.78,9,No,5,2026,1
E16883,HR,44,53718.0,3.72,14,No,6,2018,0
E16884,Marketing,24,78493.0,4.71,8,No,0,2026,0
E16885,IT,42,72565.0,4.6,12,No,6,2018,0
E16886,Finance,54,106139.0,3.29,17,Yes,7,2024,0
E16887,Sales,34,60690.0,4.17,6,No,6,2021,0
E16888,IT,39,65393.0,2.95,6,No,2,2026,0
E16889,HR,39,83393.0,4.69,16,No,5,2020,0
E16890,Sales,55,59421.0,3.03,3,No,1,2025,0
E16891,Sales,44,86542.0,3.17,16,No,2,2018,0
E16892,Sales,58,56387.0,3.63,1,Yes,3,2018,0
E16893,Marketing,60,52375.0,3.62,8,No,7,2021,0
E16894,Operations,28,39182.0,3.37,13,Yes,5,2021,0
E16895,IT,26,78714.0,3.89,12,No,5,2020,0
E16896,IT,24,47214.0,3.42,13,No,0,2019,0
E16897,Finance,49,68099.0,3.14,14,No,6,2020,0
E16898,HR,41,49434.0,2.55,16,Yes,3,2022,0
E16899,Sales,53,78898.0,4.98,17,No,3,2020,0
E16900,Sales,37,93385.0,4.43,16,Yes,7,2019,0
E16901,Sales,37,62828.0,3.29,10,Yes,0,2022,0
E16902,HR,34,79279.0,3.25,8,No,2,2025,0
E16903,IT,33,81819.0,4.21,16,No,2,2020,0
E16904,Sales,56,58801.0,3.83,6,Yes,6,2021,0
E16905,Marketing,25,52802.0,3.38,11,No,7,2018,0
E16906,Sales,42,63036.0,3.1,0,No,4,2018,0
E16907,Operations,25,87036.0,3.97,4,No,4,2021,0
E16908,Sales,25,41242.0,4.58,2,Yes,0,2019,0
E16909,Finance,33,67206.0,4.52,9,No,7,2025,0
E16910,Operations,60,79556.0,4.13,10,No,4,2026,0
E16911,Operations,60,45257.0,3.85,8,Yes,3,2023,0
E16912,Finance,52,44042.0,3.58,8,No,4,2020,1
E16913,Operations,45,55553.0,2.63,16,No,0,2019,0
E16914,IT,34,69444.0,2.94,17,Yes,7,2024,0
E16915,IT,32,61966.0,3.65,16,Yes,6,2018,0
E16916,IT,45,53952.0,4.21,4,Yes,2,2021,0
E16917,Sales,37,54784.0,3.88,3,No,0,2023,0
E16918,IT,52,51242.0,4.46,6,Yes,5,2019,0
E16919,HR,39,73649.0,2.85,15,Yes,4,2026,0
E16920,Operations,46,68603.0,2.77,11,Yes,3,2025,0
E16921,Sales,26,77479.0,3.51,14,Yes,3,2018,0
E16922,Operations,23,59329.0,4.13,15,Yes,5,2025,0
E16923,Sales,31,91887.0,2.69,15,Yes,1,2019,0
E16924,IT,32,49005.0,2.94,12,Yes,6,2021,0
E16925,HR,38,54698.0,3.73,14,No,1,2022,0
E16926,Sales,28,94463.0,2.93,9,No,7,2022,0
E16927,HR,38,44682.0,3.7,10,Yes,3,2018,0
E16928,HR,45,68351.0,4.73,13,No,2,2023,0
E16929,IT,36,67316.0,3.6,6,No,1,2025,0
E16930,Sales,44,47410.0,3.34,15,No,3,2020,0
E16931,Finance,60,77521.0,3.84,12,No,5,2021,0
E16932,Finance,57,76317.0,2.32,14,Yes,7,2021,0
E16933,Operations,29,59760.0,3.49,2,No,4,2026,0
E16934,Sales,52,87774.0,2.34,16,No,4,2019,0
E16935,IT,46,87923.0,3.47,9,No,3,2026,0
E16936,Operations,59,63227.0,3.34,11,No,0,2022,0
E16937,Finance,22,82566.0,2.71,6,No,5,2019,0
E16938,Marketing,51,30677.0,3.43,5,Yes,2,2020,0
E16939,Finance,55,84433.0,2.76,1,No,4,2020,0
E16940,Operations,46,94340.0,3.64,10,No,2,2020,0
E16941,Sales,33,79558.0,2.84,1,No,6,2022,0
E16942,Sales,50,56858.0,3.55,0,No,4,2022,0
E16943,Sales,31,75241.0,3.2,1,Yes,0,2026,1
E16944,Sales,57,63363.0,1.98,2,No,6,2018,0
E16945,Sales,53,105404.0,4.7,6,No,4,2022,0
E16946,Operations,45,75769.0,2.94,17,No,2,2026,0
E16947,Operations,34,41259.0,3.14,6,Yes,5,2021,0
E16948,Finance,37,81746.0,2.93,7,No,4,2021,0
E16949,Sales,23,103417.0,3.14,8,No,7,2026,0
E16950,Sales,29,53999.0,4.43,2,Yes,2,2022,0
E16951,IT,55,60933.0,3.79,9,No,6,2022,0
E16952,Sales,47,78312.0,4.05,11,No,0,2021,0
E16953,Operations,34,65871.0,3.13,14,No,1,2025,0
E16954,IT,21,36099.0,3.72,16,No,1,2020,0
E16955,Sales,24,37457.0,2.43,4,Yes,3,2021,0
E16956,Operations,24,45464.0,1.41,11,No,2,2021,0
E16957,Sales,25,106178.0,3.83,2,No,0,2019,0
E16958,Sales,50,47115.0,3.29,17,Yes,3,2025,0
E16959,Finance,24,81579.0,3.42,5,No,0,2025,0
E16960,IT,31,81796.0,2.25,16,No,3,2025,1
E16961,Sales,57,64792.0,2.24,15,No,2,2025,0
E16962,Marketing,42,62923.0,4.38,2,No,2,2018,0
E16963,Operations,29,50152.0,3.84,3,No,6,2018,0
E16964,IT,35,73677.0,3.85,6,No,6,2019,0
E16965,IT,25,31829.0,2.17,4,Yes,3,2018,0
E16966,Marketing,48,47347.0,2.81,14,No,0,2021,0
E16967,Marketing,29,57889.0,3.89,6,Yes,3,2025,1
E16968,Finance,38,46955.0,1.94,1,No,5,2025,0
E16969,Sales,49,72511.0,3.75,12,Yes,1,2021,0
E16970,Operations,53,55047.0,3.23,15,No,1,2018,0
E16971,Finance,48,72523.0,3.21,17,No,1,2020,0
E16972,Operations,39,39962.0,2.57,14,No,4,2026,0
E16973,Sales,27,104309.0,3.25,16,No,0,2026,0
E16974,HR,34,66866.0,4.1,4,No,2,2022,0
E16975,Operations,58,96785.0,2.26,10,No,4,2026,0
E16976,IT,44,46079.0,4.42,13,No,7,2024,1
E16977,HR,31,41741.0,3.4,8,No,2,2025,0
E16978,IT,54,73184.0,2.5,1,No,3,2026,0
E16979,Operations,29,75761.0,3.54,12,No,6,2026,0
E16980,IT,29,65556.0,3.12,2,No,4,2018,0
E16981,Finance,45,77126.0,2.34,12,No,6,2020,0
E16982,HR,50,65037.0,2.4,11,No,6,2026,0
E16983,Finance,22,29933.0,3.3,11,No,7,2021,1
E16984,HR,31,70759.0,2.96,13,No,7,2020,0
E16985,IT,28,71373.0,3.36,9,No,7,2023,0
E16986,Sales,58,75684.0,3.68,12,Yes,3,2022,1
E16987,Operations,34,61619.0,3.27,4,No,5,2020,0
E16988,IT,37,30447.0,2.78,3,No,1,2021,0
E16989,Marketing,49,59986.0,3.12,16,No,5,2018,0
E16990,Marketing,28,51047.0,3.08,7,No,6,2024,0
E16991,Sales,29,73785.0,3.25,11,No,6,2025,0
E16992,Sales,59,52739.0,2.74,2,No,3,2019,0
E16993,IT,46,86472.0,3.83,12,No,2,2019,0
E16994,Operations,57,70758.0,3.45,10,Yes,4,2023,0
E16995,Finance,53,50610.0,3.05,14,Yes,7,2025,0
E16996,Marketing,42,81093.0,3.01,1,No,1,2018,0
E16997,Sales,49,63993.0,4.22,2,No,5,2021,0
E16998,Operations,31,69807.0,2.97,10,No,1,2024,0
E16999,Operations,50,57320.0,3.73,0,No,3,2021,0
E17000,Marketing,59,30290.0,3.36,9,No,0,2022,0
E17001,IT,24,97149.0,4.33,0,No,2,2019,0
E17002,Marketing,42,70896.0,2.81,2,Yes,3,2026,0
E17003,Sales,60,82758.0,3.39,15,No,1,2025,0
E17004,Sales,31,75172.0,4.44,1,No,7,2019,0
E17005,Operations,31,47504.0,3.93,17,No,3,2018,0
E17006,HR,39,51972.0,1.66,12,Yes,5,2026,1
E17007,HR,52,85430.0,3.8,9,No,6,2021,0
E17008,Sales,43,46420.0,3.41,11,No,6,2024,0
E17009,Sales,39,83399.0,3.38,13,Yes,3,2026,0
E17010,IT,33,58814.0,3.05,15,No,7,2020,0
E17011,Sales,31,67552.0,2.72,5,Yes,3,2022,0
E17012,Sales,36,60829.0,3.9,17,Yes,5,2025,0
E17013,Finance,21,58052.0,3.64,15,No,6,2021,0
E17014,IT,32,66321.0,3.67,10,No,3,2023,0
E17015,Finance,31,66668.0,4.05,16,No,7,2018,0
E17016,Operations,57,73863.0,3.47,5,Yes,2,2026,0
E17017,Marketing,48,56489.0,3.81,12,No,1,2023,0
E17018,Marketing,26,84450.0,4.45,17,Yes,7,2025,0
E17019,IT,25,97181.0,3.31,0,No,1,2022,0
E17020,Operations,53,70790.0,3.45,17,Yes,5,2022,0
E17021,Sales,55,74722.0,2.2,14,No,6,2026,0
E17022,Sales,51,56536.0,3.34,16,No,7,2021,1
E17023,Marketing,47,53190.0,3.96,8,No,0,2026,0
E17024,Sales,49,69100.0,3.31,13,No,6,2025,0
E17025,Operations,44,51848.0,2.89,14,No,6,2025,0
E17026,Sales,46,60962.0,1.75,4,Yes,2,2019,0
E17027,Operations,25,43207.0,4.67,4,No,4,2020,0
E17028,Operations,41,58412.0,4.07,15,No,7,2026,0
E17029,Operations,31,41747.0,2.61,14,No,5,2024,0
E17030,Finance,31,65474.0,3.71,11,Yes,3,2025,0
E17031,Operations,50,35812.0,3.41,5,No,3,2024,0
E17032,Sales,23,91773.0,3.0,0,Yes,1,2025,0
E17033,Finance,48,89633.0,3.43,12,No,6,2026,0
E17034,Operations,40,71702.0,4.67,0,No,0,2019,0
E17035,Finance,56,60028.0,1.75,8,Yes,1,2021,0
E17036,Finance,40,78731.0,3.45,17,No,3,2025,0
E17037,Marketing,57,63551.0,3.62,0,No,6,2018,0
E17038,IT,53,60598.0,3.87,2,Yes,4,2025,0
E17039,Sales,35,34960.0,3.81,7,No,5,2020,0
E17040,IT,44,77017.0,4.81,1,No,4,2026,0
E17041,IT,58,32509.0,3.06,9,Yes,4,2025,0
E17042,Marketing,47,70813.0,3.07,12,No,7,2024,0
E17043,Operations,55,56358.0,2.54,15,Yes,3,2019,1
E17044,Sales,37,102383.0,3.37,13,No,7,2020,0
E17045,Marketing,32,82490.0,2.96,5,Yes,3,2021,0
E17046,Marketing,34,79866.0,3.42,1,No,0,2019,0
E17047,IT,56,71181.0,3.44,8,No,0,2024,0
E17048,Marketing,59,58448.0,2.71,16,Yes,1,2020,0
E17049,Marketing,23,93151.0,3.27,4,No,1,2024,0
E17050,IT,49,83999.0,3.41,16,Yes,3,2024,0
E17051,Marketing,28,44470.0,4.22,0,No,4,2018,0
E17052,Operations,39,56377.0,2.35,1,No,2,2020,0
E17053,Sales,23,67439.0,3.97,9,Yes,5,2020,0
E17054,Sales,27,52979.0,3.6,16,No,2,2018,0
E17055,Operations,28,79871.0,2.48,9,Yes,0,2018,0
E17056,Operations,40,42768.0,3.17,7,Yes,7,2022,0
E17057,IT,51,110276.0,3.3,9,No,4,2026,0
E17058,Operations,45,79330.0,2.71,12,Yes,2,2019,1
E17059,Finance,32,55570.0,3.85,7,No,2,2022,0
E17060,IT,54,58554.0,3.85,13,No,5,2021,0
E17061,Finance,25,44504.0,3.82,9,No,1,2020,0
E17062,HR,25,81406.0,3.02,16,Yes,3,2022,0
E17063,Marketing,49,50968.0,3.61,11,No,5,2026,0
E17064,Finance,34,69504.0,2.13,14,No,4,2021,0
E17065,Marketing,32,41413.0,3.77,11,No,0,2023,0
E17066,IT,31,50017.0,4.29,8,Yes,0,2025,0
E17067,IT,43,72524.0,2.82,11,No,5,2022,0
E17068,Finance,54,38335.0,3.99,17,No,5,2018,0
E17069,Operations,48,55004.0,2.99,14,No,6,2024,0
E17070,Sales,54,66827.0,3.75,13,Yes,6,2025,0
E17071,HR,57,56748.0,2.92,4,Yes,2,2026,0
E17072,Sales,57,75369.0,3.81,7,No,1,2022,0
E17073,Sales,52,62484.0,4.14,7,No,1,2023,0
E17074,Operations,51,53511.0,2.16,6,Yes,5,2021,0
E17075,Sales,48,46578.0,3.44,15,No,4,2018,0
E17076,Marketing,46,28000.0,3.01,17,No,0,2019,0
E17077,Sales,27,43158.0,3.43,3,No,7,2025,0
E17078,Finance,31,70000.0,3.22,2,No,0,2021,0
E17079,HR,54,67818.0,1.07,7,No,2,2022,0
E17080,Operations,47,60865.0,4.02,14,Yes,4,2026,0
E17081,Finance,40,83451.0,4.21,4,No,1,2024,0
E17082,IT,32,121188.0,3.03,3,No,5,2019,0
E17083,Sales,51,90927.0,2.47,1,No,3,2024,0
E17084,Operations,37,73571.0,4.3,13,Yes,1,2024,0
E17085,Sales,54,63973.0,3.33,1,No,2,2024,0
E17086,Finance,46,28000.0,3.49,6,No,4,2025,0
E17087,Sales,46,60409.0,3.39,14,No,0,2026,0
E17088,Sales,24,73595.0,3.87,5,Yes,6,2025,0
E17089,IT,42,54610.0,3.1,4,No,4,2025,0
E17090,Sales,26,49796.0,3.29,11,No,3,2022,0
E17091,Operations,41,71335.0,5.0,9,No,2,2026,0
E17092,Operations,41,64291.0,2.66,11,No,5,2018,0
E17093,IT,37,46777.0,2.96,10,No,5,2020,0
E17094,Marketing,21,76448.0,2.37,13,No,2,2025,0
E17095,Sales,31,83231.0,3.71,16,No,2,2025,0
E17096,IT,43,58353.0,3.09,3,No,7,2019,0
E17097,Marketing,22,59938.0,3.86,1,No,6,2020,1
E17098,HR,50,92303.0,2.89,5,Yes,2,2021,0
E17099,Operations,57,94959.0,3.45,11,No,5,2020,0
E17100,IT,23,74985.0,3.45,7,Yes,0,2020,0
E17101,Marketing,46,62151.0,3.48,7,No,3,2025,0
E17102,Finance,42,56276.0,2.16,6,No,1,2021,0
E17103,HR,38,64161.0,3.26,11,Yes,1,2026,0
E17104,IT,51,60995.0,3.3,6,No,5,2023,0
E17105,IT,26,70975.0,2.77,9,No,5,2024,0
E17106,Operations,39,62548.0,2.59,17,No,1,2020,0
E17107,Marketing,25,52049.0,3.39,9,Yes,7,2023,0
E17108,Operations,53,51943.0,2.55,4,No,1,2024,0
E17109,HR,29,65039.0,2.94,16,Yes,0,2018,1
E17110,IT,38,32759.0,3.93,2,No,0,2018,0
E17111,IT,52,70523.0,3.65,11,No,4,2021,0
E17112,Sales,46,52942.0,2.25,15,No,7,2018,0
E17113,Operations,56,65325.0,2.49,14,Yes,5,2025,1
E17114,Sales,43,66870.0,3.0,0,Yes,3,2020,0
E17115,Sales,31,72675.0,4.24,1,Yes,5,2018,0
E17116,Marketing,52,70201.0,2.24,13,No,3,2021,0
E17117,Sales,48,85478.0,2.91,14,No,5,2019,0
E17118,Operations,23,68836.0,2.94,10,Yes,2,2019,1
E17119,Finance,55,58795.0,4.24,17,No,7,2022,0
E17120,HR,43,89590.0,2.79,16,No,2,2020,0
E17121,Operations,22,79392.0,2.83,16,No,7,2021,0
E17122,Marketing,56,38288.0,4.29,5,No,5,2020,0
E17123,Sales,57,72137.0,3.3,8,No,0,2024,0
E17124,Operations,48,84393.0,4.7,12,No,5,2026,0
E17125,Marketing,45,47925.0,4.21,10,No,5,2020,1
E17126,HR,54,78907.0,3.67,15,Yes,2,2024,0
E17127,IT,50,80751.0,2.14,2,Yes,3,2018,0
E17128,Sales,49,44212.0,2.79,2,No,6,2022,0
E17129,Sales,57,82897.0,3.59,11,Yes,7,2021,0
E17130,IT,47,79557.0,3.67,15,No,4,2025,0
E17131,Finance,32,40971.0,3.74,8,No,1,2022,0
E17132,Sales,26,58809.0,2.8,7,No,1,2023,0
E17133,Sales,36,51210.0,3.56,8,No,5,2020,0
E17134,IT,49,47369.0,3.5,1,Yes,7,2020,0
E17135,Operations,55,77808.0,3.74,16,No,5,2019,0
E17136,Sales,48,54922.0,2.57,1,No,4,2026,0
E17137,Operations,22,77686.0,4.28,9,Yes,4,2026,0
E17138,Finance,34,81367.0,2.66,1,No,3,2023,0
E17139,Sales,60,79760.0,4.13,2,No,2,2022,0
E17140,Operations,39,48624.0,2.7,4,Yes,0,2026,0
E17141,Sales,54,84858.0,3.5,16,No,2,2024,0
E17142,Operations,33,62853.0,3.78,8,Yes,5,2024,0
E17143,Finance,26,41434.0,4.27,9,No,7,2026,0
E17144,Sales,35,90020.0,3.79,14,No,7,2020,0
E17145,Finance,60,70734.0,3.06,5,Yes,1,2021,0
E17146,Sales,42,93051.0,4.55,7,Yes,3,2018,0
E17147,HR,57,86239.0,3.74,6,No,4,2018,0
E17148,Operations,53,113596.0,4.14,15,No,0,2021,0
E17149,HR,50,57709.0,3.43,5,No,1,2023,0
E17150,Operations,39,49974.0,3.22,7,No,3,2022,0
E17151,Marketing,33,66188.0,3.72,3,Yes,1,2025,0
E17152,Marketing,45,69518.0,4.04,5,No,5,2021,0
E17153,Operations,25,85336.0,4.18,6,Yes,6,2024,0
E17154,Marketing,36,63809.0,2.62,3,No,1,2023,0
E17155,Finance,40,60170.0,2.19,9,No,3,2019,1
E17156,IT,58,73834.0,3.03,9,No,7,2019,0
E17157,HR,27,69423.0,3.75,9,No,4,2024,0
E17158,Sales,41,58043.0,3.18,11,No,7,2020,0
E17159,Operations,30,75351.0,2.34,6,Yes,1,2026,0
E17160,Operations,41,67144.0,3.22,0,Yes,2,2019,0
E17161,IT,31,65607.0,3.23,0,No,5,2022,0
E17162,Marketing,52,58604.0,2.82,5,No,0,2022,0
E17163,IT,47,28000.0,3.9,8,No,7,2018,1
E17164,Operations,38,66560.0,4.66,16,No,2,2024,0
E17165,Marketing,34,74083.0,4.65,10,No,2,2023,0
E17166,Sales,27,56877.0,3.08,16,No,7,2024,0
E17167,Finance,59,42902.0,4.49,8,Yes,1,2019,0
E17168,Sales,26,66293.0,3.8,7,Yes,3,2018,0
E17169,Sales,27,50829.0,3.58,16,No,4,2022,0
E17170,Operations,21,66050.0,3.79,9,No,3,2020,0
E17171,IT,55,35453.0,3.37,4,No,4,2019,0
E17172,Operations,43,46605.0,3.43,6,No,0,2024,0
E17173,Sales,43,96903.0,2.61,8,No,0,2024,0
E17174,HR,60,90438.0,3.51,8,Yes,7,2018,0
E17175,Operations,52,62990.0,3.69,11,No,0,2021,0
E17176,IT,54,81413.0,3.72,1,No,0,2020,0
E17177,Marketing,28,48026.0,1.48,5,No,3,2018,1
E17178,Sales,59,58690.0,3.29,15,Yes,5,2025,0
E17179,Sales,42,68471.0,3.42,14,No,2,2022,0
E17180,Sales,44,79534.0,4.25,13,No,6,2020,0
E17181,Operations,53,36385.0,2.8,6,No,5,2026,0
E17182,Operations,55,74428.0,3.74,2,No,0,2019,0
E17183,Operations,58,81335.0,4.77,5,No,3,2022,0
E17184,IT,35,100573.0,2.74,0,No,7,2025,1
E17185,Marketing,43,71541.0,2.86,16,No,3,2022,0
E17186,IT,36,89530.0,4.28,9,No,1,2025,0
E17187,Sales,28,63368.0,3.9,16,Yes,6,2026,1
E17188,Marketing,60,74963.0,3.39,16,Yes,7,2022,1
E17189,Sales,43,88765.0,3.52,14,No,7,2021,0
E17190,Marketing,50,60921.0,3.26,12,No,0,2022,0
E17191,Sales,22,67214.0,2.09,5,Yes,7,2020,0
E17192,IT,49,66483.0,3.39,2,No,6,2019,0
E17193,Marketing,48,102508.0,3.93,5,No,7,2019,0
E17194,IT,33,52263.0,2.85,13,No,6,2023,0
E17195,Marketing,53,44522.0,2.55,6,No,6,2024,1
E17196,IT,53,65474.0,2.5,10,No,3,2019,0
E17197,Sales,37,57909.0,3.45,0,No,4,2024,0
E17198,Operations,48,102527.0,2.89,2,No,1,2019,0
E17199,Sales,43,59596.0,4.06,14,No,2,2025,0
E17200,Finance,26,66321.0,2.92,3,Yes,0,2026,0
E17201,Sales,56,98598.0,2.97,4,Yes,5,2018,0
E17202,Finance,28,52081.0,2.28,10,No,4,2019,0
E17203,Finance,37,54028.0,2.64,6,No,6,2021,0
E17204,Sales,53,46106.0,2.86,14,No,1,2025,0
E17205,Operations,34,70743.0,2.96,14,No,0,2024,0
E17206,Finance,37,64782.0,3.28,1,No,6,2025,0
E17207,Sales,25,69844.0,4.7,2,No,3,2019,0
E17208,HR,45,69303.0,2.42,15,No,6,2019,0
E17209,Sales,35,39192.0,4.21,15,No,1,2018,1
E17210,Marketing,55,67862.0,3.96,14,No,6,2024,0
E17211,HR,48,88354.0,3.62,4,Yes,7,2025,0
E17212,Marketing,43,50650.0,3.68,17,No,3,2026,0
E17213,Marketing,57,50797.0,4.1,0,No,7,2023,0
E17214,Operations,21,93792.0,3.58,4,No,7,2026,0
E17215,Sales,36,55171.0,2.45,3,No,3,2021,0
E17216,IT,55,67221.0,4.79,11,Yes,1,2018,0
E17217,Operations,60,68832.0,2.41,0,No,7,2023,0
E17218,Sales,42,101852.0,3.42,16,No,1,2022,0
E17219,Operations,50,58853.0,3.95,5,No,1,2021,0
E17220,Sales,38,62437.0,4.09,12,No,1,2019,0
E17221,Sales,23,73545.0,3.43,6,No,2,2019,0
E17222,HR,25,64003.0,4.14,4,No,4,2025,0
E17223,IT,51,84135.0,1.83,16,No,2,2018,0
E17224,Operations,59,28000.0,2.86,4,Yes,2,2024,0
E17225,Marketing,37,38750.0,2.23,15,No,7,2022,0
E17226,Finance,54,71027.0,3.33,17,No,4,2021,0
E17227,Marketing,29,60299.0,3.88,9,No,2,2022,0
E17228,IT,21,68261.0,2.97,1,No,4,2021,0
E17229,IT,41,104195.0,3.74,14,Yes,7,2023,1
E17230,Operations,31,60361.0,4.36,10,No,2,2025,0
E17231,Marketing,38,78573.0,4.03,13,No,1,2023,0
E17232,Finance,44,94353.0,3.86,11,No,5,2020,0
E17233,Marketing,40,65829.0,3.39,5,Yes,3,2026,0
E17234,Marketing,53,43370.0,2.48,8,Yes,6,2020,0
E17235,Sales,46,89548.0,3.29,17,No,7,2019,0
E17236,IT,26,78940.0,3.97,10,No,6,2023,0
E17237,Marketing,42,83552.0,3.08,8,No,7,2024,1
E17238,Operations,55,62641.0,4.19,9,No,6,2018,0
E17239,HR,28,64955.0,3.8,5,No,0,2019,0
E17240,IT,23,65726.0,3.41,7,No,2,2024,0
E17241,Sales,42,45823.0,4.01,8,Yes,0,2022,1
E17242,Finance,48,97627.0,3.33,11,Yes,6,2020,0
E17243,Marketing,59,68112.0,5.0,1,No,4,2026,0
E17244,Sales,52,65308.0,3.52,14,No,7,2026,0
E17245,Sales,56,91977.0,4.32,0,No,5,2019,0
E17246,Sales,54,65970.0,3.55,0,Yes,1,2025,0
E17247,Marketing,60,76138.0,3.85,1,Yes,1,2018,0
E17248,Marketing,57,54387.0,2.92,15,No,0,2021,0
E17249,Finance,23,62201.0,3.32,8,Yes,2,2026,0
E17250,IT,42,88819.0,2.92,16,No,3,2022,0
E17251,HR,26,82985.0,3.11,13,Yes,7,2018,0
E17252,HR,33,62971.0,3.26,10,No,2,2018,1
E17253,IT,53,56794.0,3.01,12,No,7,2020,0
E17254,Operations,27,56953.0,3.28,13,No,5,2022,0
E17255,Operations,48,59521.0,2.7,4,No,7,2022,0
E17256,IT,57,81830.0,3.14,8,No,2,2021,0
E17257,Sales,29,55561.0,4.33,5,No,6,2021,0
E17258,Sales,43,50400.0,4.22,6,No,1,2026,0
E17259,Operations,34,28000.0,3.58,11,No,1,2024,0
E17260,IT,29,51321.0,3.24,16,No,0,2020,0
E17261,Operations,44,80843.0,3.7,5,No,7,2019,0
E17262,Marketing,32,102245.0,4.02,7,No,6,2021,0
E17263,Operations,30,39992.0,3.11,17,Yes,4,2018,0
E17264,Operations,55,55970.0,4.47,9,No,2,2018,0
E17265,Sales,27,58594.0,3.46,1,No,1,2019,0
E17266,Finance,58,66268.0,4.7,6,No,7,2023,0
E17267,Marketing,58,58668.0,3.88,3,No,5,2019,0
E17268,Sales,59,67309.0,2.68,13,No,2,2018,1
E17269,Sales,42,45483.0,2.24,2,Yes,4,2022,0
E17270,Finance,29,81393.0,4.24,7,No,6,2020,0
E17271,Finance,53,88423.0,3.71,1,Yes,4,2022,0
E17272,IT,35,46209.0,3.41,12,No,6,2025,0
E17273,Sales,57,41758.0,2.86,16,No,4,2025,0
E17274,Sales,59,59188.0,3.42,0,Yes,7,2018,0
E17275,IT,28,58654.0,4.4,3,Yes,5,2019,0
E17276,Sales,53,48103.0,3.52,1,No,1,2025,0
E17277,IT,52,60323.0,3.84,14,No,5,2024,0
E17278,IT,29,82255.0,4.96,12,No,1,2025,1
E17279,Operations,36,33402.0,2.97,3,No,5,2021,0
E17280,Sales,21,46631.0,5.0,13,Yes,6,2018,0
E17281,IT,43,86240.0,3.78,7,Yes,4,2021,0
E17282,Marketing,44,53285.0,2.47,12,Yes,1,2021,0
E17283,Operations,40,41633.0,3.28,6,Yes,2,2020,0
E17284,Operations,23,81460.0,4.41,16,No,1,2023,1
E17285,IT,41,44490.0,4.04,4,Yes,0,2020,0
E17286,HR,41,57345.0,3.27,17,No,6,2024,0
E17287,Marketing,40,57950.0,4.69,9,No,5,2020,0
E17288,Operations,54,81080.0,3.51,0,No,7,2019,0
E17289,Sales,22,74741.0,2.32,7,No,0,2026,0
E17290,HR,51,77336.0,4.74,8,Yes,0,2023,0
E17291,Sales,32,59215.0,3.55,9,No,0,2026,1
E17292,Marketing,57,58694.0,3.74,6,Yes,1,2024,0
E17293,Operations,21,68184.0,4.42,17,No,4,2019,0
E17294,IT,28,49817.0,4.17,5,No,0,2019,0
E17295,Operations,38,56244.0,4.02,14,No,3,2018,0
E17296,Marketing,41,92875.0,3.85,13,No,3,2025,0
E17297,Operations,57,70993.0,3.23,9,No,7,2020,0
E17298,Sales,30,47193.0,3.81,15,No,3,2019,0
E17299,Operations,54,40497.0,2.65,15,No,6,2019,0
E17300,Marketing,59,75255.0,4.03,16,No,0,2025,0
E17301,Sales,34,62761.0,4.49,5,Yes,0,2021,0
E17302,IT,45,46443.0,3.16,10,No,1,2023,0
E17303,Finance,23,63479.0,4.22,7,No,4,2021,0
E17304,Operations,42,75754.0,3.83,5,No,7,2019,0
E17305,IT,35,74451.0,3.82,2,No,1,2025,0
E17306,Finance,48,50200.0,3.67,17,No,1,2023,0
E17307,Finance,47,28000.0,3.92,5,No,1,2024,0
E17308,IT,40,34908.0,3.06,16,No,5,2023,0
E17309,Operations,50,72951.0,3.89,15,No,5,2021,0
E17310,Operations,37,102495.0,3.7,17,No,7,2019,0
E17311,IT,32,49592.0,2.48,7,No,0,2022,0
E17312,Operations,47,79078.0,4.58,10,No,4,2019,0
E17313,Sales,55,47905.0,2.76,11,Yes,0,2020,0
E17314,Sales,32,32965.0,2.41,5,Yes,7,2025,0
E17315,Sales,22,69001.0,4.01,3,Yes,2,2019,0
E17316,IT,55,55163.0,3.21,8,No,0,2026,0
E17317,IT,21,66493.0,3.46,7,No,3,2022,0
E17318,Sales,26,49143.0,3.1,7,No,6,2019,0
E17319,IT,44,67499.0,3.48,13,No,6,2021,0
E17320,HR,32,91713.0,3.26,7,No,1,2023,0
E17321,IT,54,61748.0,2.93,14,No,7,2024,0
E17322,IT,46,63496.0,3.28,10,No,3,2025,0
E17323,Marketing,48,75699.0,2.47,12,No,7,2023,1
E17324,HR,52,85067.0,3.62,9,No,0,2020,0
E17325,Finance,41,28000.0,4.44,3,No,6,2022,1
E17326,HR,23,76897.0,4.1,15,No,7,2020,0
E17327,Sales,42,66290.0,2.6,14,No,7,2020,0
E17328,Sales,22,64096.0,3.93,6,No,5,2020,0
E17329,Marketing,43,67022.0,3.47,11,No,6,2023,0
E17330,IT,27,70533.0,3.22,5,No,1,2020,0
E17331,Sales,36,77550.0,3.49,1,No,7,2019,0
E17332,Sales,30,55754.0,4.73,12,No,6,2018,0
E17333,Sales,39,51575.0,1.94,4,No,7,2019,0
E17334,Sales,27,80535.0,1.79,14,No,5,2025,1
E17335,IT,48,68621.0,2.34,10,No,1,2022,0
E17336,Sales,45,81008.0,3.38,13,No,0,2018,0
E17337,IT,46,72685.0,4.19,2,No,6,2024,0
E17338,Operations,50,38828.0,3.3,5,Yes,5,2025,0
E17339,Finance,56,70064.0,4.61,7,Yes,3,2021,0
E17340,Finance,58,74945.0,3.3,13,Yes,3,2021,0
E17341,Finance,57,29844.0,5.0,13,Yes,2,2021,0
E17342,Marketing,50,43758.0,4.02,10,No,2,2020,0
E17343,IT,59,93213.0,3.7,14,No,1,2024,0
E17344,Finance,49,91791.0,3.7,13,No,3,2026,1
E17345,Sales,23,48513.0,3.49,2,No,7,2018,0
E17346,Finance,45,100318.0,3.48,11,No,5,2025,0
E17347,IT,47,28000.0,3.5,16,No,1,2019,0
E17348,Operations,32,91649.0,5.0,14,No,3,2018,0
E17349,IT,50,47969.0,4.43,0,No,6,2019,0
E17350,Sales,44,97615.0,3.94,17,No,0,2021,0
E17351,Sales,47,57526.0,3.35,17,No,3,2019,0
E17352,Finance,31,75539.0,3.55,4,Yes,2,2022,0
E17353,Marketing,33,73583.0,3.0,17,Yes,0,2020,0
E17354,Finance,48,103983.0,2.4,17,Yes,4,2025,0
E17355,Sales,46,67963.0,4.1,11,No,2,2022,0
E17356,IT,44,79550.0,2.87,3,No,6,2019,0
E17357,HR,41,63057.0,3.97,0,No,2,2025,0
E17358,Operations,40,59281.0,3.77,4,No,3,2026,0
E17359,IT,44,46711.0,4.22,9,No,0,2019,0
E17360,Marketing,43,64987.0,2.72,3,No,0,2023,0
E17361,IT,39,52239.0,3.49,12,No,1,2022,0
E17362,Operations,33,71101.0,2.62,9,Yes,4,2020,0
E17363,Operations,59,57985.0,3.19,12,Yes,6,2020,0
E17364,Marketing,47,74831.0,4.5,13,Yes,5,2026,0
E17365,HR,46,63286.0,3.8,17,No,4,2021,0
E17366,IT,54,59089.0,3.35,11,Yes,3,2026,0
E17367,Sales,51,63333.0,3.16,2,No,2,2020,0
E17368,Sales,51,51273.0,3.78,4,No,5,2025,0
E17369,Operations,28,45839.0,3.1,8,No,2,2026,0
E17370,Marketing,54,68821.0,3.44,6,No,0,2026,0
E17371,Marketing,42,53341.0,3.11,17,Yes,3,2025,1
E17372,Sales,26,62459.0,3.08,13,Yes,6,2026,0
E17373,Marketing,42,76843.0,2.95,4,Yes,7,2025,0
E17374,IT,27,80449.0,3.95,16,No,3,2019,0
E17375,Marketing,46,57473.0,2.89,7,No,4,2023,0
E17376,Sales,50,106253.0,2.6,13,Yes,1,2021,1
E17377,Sales,35,43313.0,2.97,11,No,5,2022,0
E17378,Marketing,29,43385.0,3.9,10,Yes,1,2023,0
E17379,IT,34,73068.0,4.15,1,Yes,4,2019,1
E17380,IT,21,39069.0,2.46,14,Yes,7,2023,0
E17381,IT,22,102320.0,4.96,4,No,4,2022,0
E17382,Operations,59,67466.0,4.09,11,No,4,2018,0
E17383,IT,23,74886.0,4.58,2,No,4,2024,0
E17384,Operations,59,66540.0,3.9,3,Yes,1,2025,0
E17385,IT,48,28000.0,3.23,1,Yes,4,2020,0
E17386,Sales,57,70709.0,3.65,15,No,5,2023,0
E17387,IT,42,46588.0,3.68,9,Yes,7,2021,0
E17388,IT,44,62215.0,4.36,5,No,3,2022,0
E17389,Operations,36,89990.0,3.7,16,No,6,2022,0
E17390,Sales,29,49181.0,3.31,7,Yes,5,2026,0
E17391,Finance,36,73631.0,2.66,2,No,7,2025,1
E17392,HR,44,90082.0,3.7,15,No,6,2026,0
E17393,Sales,60,33409.0,2.23,16,Yes,0,2019,0
E17394,IT,56,88067.0,3.61,13,Yes,2,2019,0
E17395,Finance,47,74478.0,2.92,16,Yes,4,2024,0
E17396,Operations,37,71418.0,5.0,4,No,7,2023,0
E17397,IT,56,62286.0,2.69,2,No,7,2023,0
E17398,Sales,24,59551.0,3.18,10,No,3,2024,0
E17399,IT,27,57635.0,2.96,11,Yes,7,2025,0
E17400,Finance,52,68762.0,3.07,13,No,7,2021,0
E17401,Marketing,57,52603.0,5.0,10,Yes,5,2024,0
E17402,Operations,57,78953.0,3.3,12,No,0,2019,0
E17403,Operations,53,52235.0,2.72,8,No,1,2026,0
E17404,IT,48,37818.0,2.65,13,Yes,0,2026,1
E17405,Marketing,49,59294.0,3.16,13,No,1,2018,0
E17406,Marketing,34,72768.0,3.7,4,No,7,2018,0
E17407,Operations,45,74931.0,3.22,16,No,3,2019,0
E17408,IT,27,73171.0,3.3,4,No,5,2019,0
E17409,Operations,24,72338.0,2.45,16,No,5,2020,0
E17410,IT,43,49113.0,3.34,17,No,3,2020,0
E17411,Marketing,41,71577.0,2.73,14,No,3,2023,0
E17412,Sales,60,132607.0,2.62,7,Yes,6,2023,1
E17413,Finance,40,40185.0,4.74,8,Yes,0,2025,0
E17414,Operations,38,82857.0,3.45,2,No,4,2024,0
E17415,Operations,34,101073.0,2.91,12,Yes,3,2022,0
E17416,Operations,35,62612.0,3.36,10,Yes,4,2018,0
E17417,Marketing,33,93787.0,3.8,9,No,6,2019,0
E17418,Marketing,26,94759.0,4.36,12,Yes,0,2019,0
E17419,Operations,56,64208.0,3.09,8,Yes,0,2021,0
E17420,Operations,38,68463.0,4.01,14,Yes,7,2023,0
E17421,Sales,47,83978.0,3.48,7,No,4,2019,0
E17422,Finance,22,38360.0,3.81,8,No,1,2022,0
E17423,IT,47,100020.0,5.0,0,No,6,2025,0
E17424,IT,21,75641.0,3.68,2,No,1,2024,0
E17425,IT,55,49555.0,2.6,16,Yes,7,2024,0
E17426,IT,52,61239.0,2.83,13,No,0,2021,1
E17427,Operations,52,59552.0,2.77,3,No,4,2020,0
E17428,Finance,47,37373.0,3.97,2,No,3,2019,0
E17429,HR,39,57960.0,3.32,4,No,4,2023,0
E17430,Marketing,40,92733.0,3.65,1,No,3,2018,0
E17431,Operations,27,72449.0,3.27,9,No,6,2024,0
E17432,Marketing,37,69319.0,3.48,13,No,0,2019,0
E17433,IT,54,70481.0,2.19,8,Yes,3,2023,0
E17434,IT,52,59324.0,4.58,14,No,5,2026,0
E17435,Operations,32,41994.0,3.48,7,No,6,2021,0
E17436,Operations,21,55837.0,3.84,10,No,4,2022,0
E17437,Operations,50,74640.0,4.53,16,No,4,2018,0
E17438,Sales,22,51487.0,2.98,14,No,4,2026,0
E17439,Finance,36,72825.0,4.66,17,Yes,2,2019,0
E17440,Sales,52,70342.0,3.46,7,No,0,2019,0
E17441,Finance,25,88865.0,4.94,10,No,0,2022,0
E17442,HR,38,49302.0,4.13,17,Yes,2,2022,0
E17443,Sales,34,65116.0,1.89,15,No,1,2018,1
E17444,Operations,51,52611.0,3.15,17,No,7,2026,0
E17445,IT,43,32734.0,2.84,8,No,2,2025,0
E17446,IT,52,102117.0,3.59,17,No,0,2026,0
E17447,Operations,36,78477.0,3.91,3,Yes,1,2020,0
E17448,Sales,44,57727.0,3.52,16,Yes,0,2023,1
E17449,Operations,45,48056.0,2.29,7,No,1,2020,0
E17450,Marketing,44,58319.0,3.79,1,No,1,2023,0
E17451,Finance,42,78282.0,3.79,8,Yes,3,2024,0
E17452,Finance,34,66688.0,3.17,13,No,1,2025,0
E17453,Sales,44,75086.0,4.43,14,No,4,2025,0
E17454,Sales,36,67556.0,3.99,9,No,3,2026,0
E17455,IT,56,61688.0,4.9,9,No,5,2021,0
E17456,HR,34,68506.0,3.48,9,Yes,5,2026,0
E17457,Sales,37,80889.0,4.05,7,No,4,2018,0
E17458,IT,58,42700.0,3.51,7,No,4,2018,0
E17459,IT,29,77330.0,3.13,12,No,3,2026,0
E17460,IT,22,73452.0,4.11,0,No,0,2023,0
E17461,Finance,51,37860.0,2.69,0,No,6,2026,0
E17462,Operations,40,40537.0,3.41,14,No,3,2023,0
E17463,Marketing,53,89018.0,3.94,3,Yes,1,2021,0
E17464,Operations,30,44716.0,3.64,9,Yes,1,2019,0
E17465,Marketing,57,70267.0,3.88,10,Yes,7,2018,0
E17466,Operations,59,44503.0,2.7,7,No,0,2022,0
E17467,Marketing,47,68389.0,3.92,5,No,6,2023,0
E17468,Sales,60,34712.0,3.8,2,No,2,2018,0
E17469,Marketing,48,77620.0,3.37,3,No,4,2026,0
E17470,Marketing,28,46674.0,4.11,6,No,3,2018,0
E17471,IT,53,61161.0,2.18,6,No,7,2024,0
E17472,Finance,48,71622.0,4.26,16,No,3,2024,0
E17473,Sales,51,77433.0,2.85,5,No,4,2020,0
E17474,Sales,51,98985.0,3.71,6,Yes,5,2018,0
E17475,Finance,51,88426.0,2.9,7,Yes,0,2022,0
E17476,Operations,58,65041.0,4.48,3,No,4,2021,0
E17477,Finance,37,44740.0,3.24,13,No,6,2026,0
E17478,IT,40,61925.0,2.25,5,No,6,2025,0
E17479,Operations,37,78622.0,2.23,10,No,6,2019,0
E17480,Operations,22,59859.0,4.88,14,Yes,1,2021,0
E17481,Operations,32,74675.0,3.17,5,No,4,2020,0
E17482,IT,44,64707.0,4.14,13,No,1,2021,0
E17483,IT,57,108810.0,2.41,10,No,7,2026,0
E17484,IT,29,33722.0,3.27,12,No,7,2018,0
E17485,Sales,51,88770.0,3.4,14,No,4,2020,0
E17486,IT,38,61265.0,3.46,5,No,1,2026,0
E17487,HR,26,58706.0,4.19,3,Yes,7,2024,0
E17488,Sales,49,73588.0,3.33,13,No,6,2018,0
E17489,Sales,48,28000.0,3.92,2,No,5,2026,0
E17490,Operations,58,74022.0,4.03,13,No,5,2021,0
E17491,IT,35,54029.0,4.55,14,No,6,2019,0
E17492,Marketing,49,63974.0,2.35,2,No,2,2020,0
E17493,Sales,36,35421.0,3.6,12,No,5,2025,0
E17494,Finance,34,42759.0,3.2,4,No,0,2024,0
E17495,IT,27,48094.0,2.69,17,Yes,0,2018,1
E17496,Operations,54,59071.0,2.73,9,No,3,2024,1
E17497,Sales,39,56586.0,3.72,7,Yes,2,2025,0
E17498,Marketing,39,51217.0,3.68,0,Yes,5,2018,0
E17499,Sales,36,42023.0,3.35,10,No,3,2024,0
E17500,Marketing,22,45921.0,2.46,16,No,1,2022,0
E17501,Sales,34,98516.0,3.48,6,No,3,2025,0
E17502,IT,38,82381.0,2.95,12,No,5,2022,1
E17503,Sales,34,50122.0,2.55,12,Yes,5,2026,0
E17504,Operations,39,72351.0,2.69,5,Yes,6,2022,0
E17505,Sales,45,58836.0,3.51,8,Yes,6,2022,0
E17506,Operations,28,38871.0,3.39,3,Yes,3,2023,0
E17507,Marketing,31,82533.0,2.71,12,No,6,2025,0
E17508,Operations,49,65226.0,2.79,4,No,6,2024,0
E17509,Finance,56,75964.0,3.31,7,No,1,2024,0
E17510,Marketing,30,68717.0,2.82,13,No,5,2023,1
E17511,IT,26,84624.0,3.95,12,No,4,2025,0
E17512,Finance,32,57714.0,2.94,2,No,7,2024,0
E17513,Operations,50,85958.0,3.26,1,No,4,2021,0
E17514,Marketing,50,76393.0,3.2,9,No,5,2023,0
E17515,IT,52,82812.0,2.49,0,No,0,2019,0
E17516,IT,38,82172.0,3.0,8,No,4,2024,0
E17517,Marketing,51,44203.0,2.43,16,Yes,5,2025,0
E17518,Sales,21,63560.0,3.03,14,No,5,2024,0
E17519,Operations,52,62659.0,3.24,6,No,5,2022,0
E17520,Marketing,35,70574.0,3.0,16,No,2,2021,0
E17521,Marketing,59,56433.0,3.39,6,No,7,2018,0
E17522,Sales,59,79603.0,4.12,17,Yes,3,2023,0
E17523,Marketing,49,89710.0,3.58,5,No,4,2020,1
E17524,Finance,35,95076.0,3.84,14,No,3,2026,0
E17525,Sales,30,38636.0,3.26,5,Yes,4,2018,0
E17526,IT,42,36531.0,3.25,1,Yes,5,2023,0
E17527,Sales,45,67583.0,2.82,8,Yes,7,2023,0
E17528,Sales,32,70117.0,4.2,3,No,0,2021,0
E17529,Sales,26,104285.0,3.43,0,Yes,4,2020,0
E17530,Operations,29,66607.0,3.48,14,No,3,2019,0
E17531,Operations,46,43592.0,2.67,0,No,3,2025,1
E17532,IT,24,78177.0,5.0,3,No,4,2023,0
E17533,Sales,47,118069.0,3.28,15,No,0,2026,0
E17534,Finance,25,95876.0,4.36,17,No,3,2023,0
E17535,IT,30,49868.0,3.07,15,No,3,2024,0
E17536,Finance,32,51882.0,3.4,4,No,1,2025,0
E17537,Marketing,54,70579.0,2.88,6,No,0,2018,0
E17538,Marketing,48,68446.0,4.74,3,Yes,4,2020,0
E17539,Operations,22,86050.0,2.18,9,No,4,2024,0
E17540,HR,45,36529.0,2.99,12,No,3,2025,0
E17541,Sales,49,84564.0,3.35,13,No,0,2018,0
E17542,IT,23,46549.0,3.43,11,No,2,2019,0
E17543,IT,53,43028.0,4.12,2,No,4,2018,0
E17544,Operations,49,71693.0,3.04,7,No,1,2023,0
E17545,Operations,36,79682.0,3.97,10,No,0,2020,0
E17546,Operations,26,56514.0,1.95,1,No,1,2024,0
E17547,Marketing,52,59150.0,2.65,16,No,1,2025,1
E17548,Marketing,47,93803.0,2.86,14,No,1,2026,0
E17549,Operations,23,63780.0,4.12,6,No,6,2024,0
E17550,IT,25,69473.0,2.81,4,No,6,2023,0
E17551,IT,29,77623.0,3.47,9,No,0,2026,0
E17552,Marketing,47,48411.0,3.36,2,No,7,2020,0
E17553,Operations,24,59573.0,3.26,4,Yes,4,2018,0
E17554,Sales,33,46515.0,2.8,6,No,0,2018,0
E17555,Marketing,51,72535.0,3.97,16,Yes,1,2026,0
E17556,Finance,22,57835.0,2.53,5,No,0,2025,0
E17557,Operations,58,34116.0,3.16,12,Yes,2,2018,1
E17558,Marketing,53,64091.0,3.81,17,No,6,2023,0
E17559,Sales,35,71310.0,3.0,4,No,3,2020,0
E17560,IT,58,84510.0,2.69,15,No,5,2022,0
E17561,Operations,52,75606.0,3.6,14,No,5,2026,0
E17562,Operations,26,53961.0,3.89,15,No,0,2022,0
E17563,Operations,21,89814.0,4.38,8,No,1,2022,0
E17564,Operations,34,62856.0,3.42,0,Yes,7,2024,1
E17565,Marketing,31,63203.0,3.26,3,Yes,7,2024,0
E17566,Finance,59,65298.0,3.1,12,No,1,2021,0
E17567,Operations,33,95421.0,3.57,4,No,2,2024,0
E17568,Sales,22,41258.0,2.87,13,No,7,2021,0
E17569,IT,60,89293.0,3.94,13,No,2,2025,0
E17570,Operations,41,61522.0,2.52,9,No,4,2020,0
E17571,Sales,39,60320.0,4.23,12,No,6,2024,0
E17572,IT,57,72006.0,4.78,2,Yes,2,2018,0
E17573,IT,46,82983.0,2.23,6,No,5,2022,0
E17574,Sales,31,92496.0,3.38,7,Yes,1,2022,0
E17575,IT,21,80372.0,3.89,16,No,3,2020,0
E17576,Marketing,60,52298.0,3.28,5,No,6,2018,0
E17577,IT,35,76142.0,3.05,13,No,3,2022,0
E17578,Sales,27,82139.0,3.1,9,Yes,1,2019,1
E17579,Sales,46,83954.0,2.44,2,Yes,5,2023,0
E17580,IT,25,62162.0,3.35,14,No,3,2021,0
E17581,Operations,46,44873.0,3.56,10,No,1,2024,0
E17582,IT,45,96001.0,3.34,15,Yes,4,2023,0
E17583,IT,44,33322.0,2.58,15,Yes,3,2019,0
E17584,HR,37,91385.0,3.83,13,No,5,2024,1
E17585,Sales,38,73697.0,2.83,12,Yes,1,2019,0
E17586,IT,50,86770.0,3.93,2,Yes,6,2024,0
E17587,Operations,54,88728.0,3.38,10,No,0,2025,0
E17588,Operations,52,58432.0,3.07,7,No,4,2021,0
E17589,IT,48,50770.0,3.08,14,Yes,0,2018,0
E17590,Operations,28,53053.0,3.53,4,Yes,5,2026,0
E17591,Sales,34,45283.0,2.08,14,No,4,2024,0
E17592,Sales,26,47096.0,2.35,5,Yes,6,2024,1
E17593,IT,48,91391.0,4.16,2,No,6,2018,1
E17594,Operations,58,38069.0,3.2,13,No,7,2026,0
E17595,Operations,44,58881.0,3.65,5,No,3,2021,0
E17596,HR,55,55880.0,3.88,0,No,1,2018,0
E17597,HR,53,81447.0,3.1,12,Yes,7,2020,0
E17598,Finance,35,72529.0,2.84,9,No,3,2022,0
E17599,Operations,37,46374.0,3.51,6,No,2,2018,0
E17600,Marketing,41,29654.0,3.01,12,Yes,3,2018,0
E17601,Finance,44,72334.0,3.89,5,Yes,1,2022,0
E17602,Marketing,60,78372.0,3.98,2,No,2,2024,0
E17603,Marketing,25,82527.0,2.84,9,No,6,2026,0
E17604,IT,42,78928.0,3.2,8,No,1,2026,0
E17605,Sales,60,62603.0,3.21,17,No,1,2019,0
E17606,HR,60,76436.0,2.52,8,No,5,2025,0
E17607,Finance,54,37825.0,2.44,15,No,3,2024,0
E17608,Sales,43,76387.0,3.05,14,No,1,2024,0
E17609,Finance,60,68007.0,3.01,17,Yes,0,2022,0
E17610,Operations,37,67360.0,2.15,16,No,6,2024,0
E17611,Operations,58,54932.0,3.22,8,Yes,7,2026,0
E17612,Finance,57,65779.0,3.5,15,Yes,1,2020,0
E17613,Finance,37,79885.0,3.08,15,No,6,2019,0
E17614,Finance,39,30458.0,4.04,10,No,2,2022,0
E17615,Finance,47,90637.0,2.99,14,Yes,3,2019,0
E17616,Operations,38,54019.0,3.63,4,No,0,2022,0
E17617,Finance,33,94999.0,4.22,2,No,5,2021,0
E17618,IT,32,44960.0,2.93,2,Yes,3,2020,0
E17619,Sales,23,64630.0,3.63,13,No,2,2025,0
E17620,Operations,24,77850.0,2.96,1,No,4,2023,0
E17621,Finance,30,79180.0,3.04,6,Yes,7,2025,0
E17622,Marketing,21,100347.0,3.55,7,No,7,2025,0
E17623,Finance,50,47924.0,3.38,1,No,3,2018,0
E17624,IT,38,91971.0,4.52,0,No,4,2019,0
E17625,Operations,22,33077.0,4.14,15,Yes,3,2024,0
E17626,Marketing,26,78654.0,3.07,0,No,1,2019,0
E17627,Sales,48,69879.0,3.74,9,No,3,2021,0
E17628,Operations,34,68203.0,3.9,5,Yes,1,2022,0
E17629,Finance,58,88556.0,2.29,4,No,3,2021,0
E17630,Sales,36,45302.0,2.7,8,No,3,2026,0
E17631,Finance,53,57147.0,3.34,3,No,1,2023,0
E17632,Marketing,27,43606.0,3.51,11,No,5,2025,0
E17633,HR,31,81101.0,2.59,10,No,5,2022,1
E17634,Operations,39,74401.0,3.69,17,No,5,2020,0
E17635,IT,31,57614.0,3.12,11,No,2,2019,0
E17636,Marketing,60,41222.0,3.05,2,No,1,2025,0
E17637,Operations,42,72565.0,3.98,4,No,7,2023,0
E17638,Finance,37,63319.0,3.66,1,Yes,2,2021,1
E17639,Sales,42,73901.0,4.09,14,Yes,7,2022,0
E17640,Marketing,36,56376.0,3.27,6,No,4,2019,0
E17641,Sales,26,62259.0,3.19,2,No,2,2025,0
E17642,IT,56,69370.0,2.45,5,No,6,2024,0
E17643,IT,23,61307.0,3.73,2,Yes,6,2021,0
E17644,IT,21,31034.0,3.52,10,No,5,2019,0
E17645,Marketing,26,66553.0,3.11,10,No,5,2019,0
E17646,Sales,30,31156.0,2.96,13,Yes,1,2024,0
E17647,HR,32,39919.0,3.65,7,Yes,0,2026,0
E17648,IT,27,49695.0,2.88,5,Yes,6,2023,0
E17649,Marketing,28,37815.0,2.86,1,No,1,2020,0
E17650,IT,53,103422.0,2.06,14,No,7,2026,0
E17651,Operations,41,59077.0,2.49,3,No,0,2025,0
E17652,IT,50,81050.0,3.55,15,Yes,1,2020,0
E17653,Operations,53,82414.0,2.96,2,Yes,0,2025,0
E17654,Sales,51,43360.0,4.36,2,No,2,2022,0
E17655,Marketing,50,28000.0,3.35,11,Yes,0,2020,0
E17656,Operations,22,65000.0,4.17,0,No,7,2024,0
E17657,Operations,26,65268.0,3.2,7,No,7,2022,0
E17658,IT,57,90878.0,4.21,17,Yes,5,2020,0
E17659,IT,29,59935.0,2.51,1,Yes,6,2025,0
E17660,Sales,48,71224.0,4.09,11,No,6,2023,1
E17661,Finance,52,81985.0,3.75,13,No,1,2023,0
E17662,IT,46,78247.0,3.09,17,Yes,7,2022,0
E17663,Finance,23,74209.0,4.77,16,No,5,2023,0
E17664,IT,50,84526.0,2.22,6,No,5,2024,0
E17665,HR,42,60911.0,3.05,4,No,3,2024,0
E17666,Sales,50,74897.0,3.81,6,No,5,2025,0
E17667,Sales,27,61255.0,3.33,1,No,2,2020,0
E17668,Marketing,40,64550.0,2.55,3,No,4,2022,0
E17669,Finance,38,74365.0,2.35,9,No,1,2020,0
E17670,IT,49,79956.0,2.71,12,No,2,2026,0
E17671,Operations,46,67581.0,3.6,5,No,6,2019,0
E17672,Sales,31,42466.0,3.69,1,No,5,2025,0
E17673,Marketing,33,65209.0,2.94,16,No,4,2026,0
E17674,Operations,45,74617.0,4.44,5,No,4,2026,0
E17675,Operations,52,64011.0,2.86,2,No,4,2023,0
E17676,Marketing,33,61052.0,3.14,0,No,6,2025,0
E17677,IT,46,90624.0,4.54,11,No,0,2023,0
E17678,IT,47,59910.0,3.54,7,No,0,2018,0
E17679,Operations,25,50822.0,4.64,16,No,7,2026,0
E17680,Sales,35,59953.0,1.4,17,No,7,2024,0
E17681,Operations,36,78115.0,3.03,17,No,1,2020,0
E17682,Sales,47,73797.0,3.64,11,Yes,5,2020,0
E17683,IT,23,41668.0,2.21,11,No,5,2023,0
E17684,IT,22,87825.0,3.9,11,No,1,2022,0
E17685,Operations,26,64379.0,4.78,1,No,0,2024,0
E17686,Sales,27,70193.0,2.96,11,Yes,7,2024,0
E17687,Operations,56,78072.0,3.34,13,No,0,2023,0
E17688,Marketing,48,88886.0,3.8,13,No,2,2023,0
E17689,Operations,23,79422.0,2.99,9,No,6,2019,0
E17690,HR,21,55915.0,3.29,12,No,2,2023,0
E17691,Operations,53,49346.0,3.32,7,Yes,3,2018,0
E17692,IT,30,48269.0,2.81,8,No,6,2025,0
E17693,Operations,42,58335.0,3.05,10,No,0,2019,0
E17694,Marketing,32,61536.0,3.44,15,No,5,2026,0
E17695,IT,57,57204.0,3.17,8,No,6,2023,0
E17696,Marketing,48,61648.0,3.86,15,No,6,2022,0
E17697,HR,23,69549.0,3.76,8,No,5,2025,0
E17698,Operations,34,28000.0,3.77,11,No,2,2025,0
E17699,IT,47,41602.0,3.74,10,No,2,2018,0
E17700,IT,34,77602.0,3.74,15,Yes,3,2022,0
E17701,IT,48,75158.0,3.79,5,No,7,2023,1
E17702,Marketing,37,69493.0,3.36,2,No,3,2020,0
E17703,Sales,38,81157.0,2.83,12,No,2,2023,0
E17704,Finance,39,50161.0,5.0,6,Yes,3,2023,1
E17705,Finance,35,48907.0,2.78,5,No,1,2021,0
E17706,HR,59,50874.0,4.46,15,Yes,7,2019,0
E17707,IT,52,52733.0,3.55,8,No,7,2026,0
E17708,IT,51,76131.0,4.41,1,No,1,2020,0
E17709,HR,30,78460.0,3.82,15,No,5,2021,0
E17710,Operations,58,74219.0,3.07,2,No,2,2026,0
E17711,HR,39,61961.0,3.63,5,No,1,2022,0
E17712,HR,31,64483.0,3.6,5,No,1,2018,0
E17713,Marketing,21,45937.0,1.9,10,No,4,2022,0
E17714,Operations,54,54893.0,1.76,11,No,2,2022,0
E17715,HR,33,35484.0,4.94,2,No,5,2021,0
E17716,Finance,38,87899.0,4.27,0,Yes,3,2018,1
E17717,IT,38,55768.0,4.78,1,Yes,5,2023,0
E17718,IT,30,67614.0,3.97,16,No,0,2019,0
E17719,Marketing,49,86350.0,2.7,7,No,5,2025,1
E17720,Finance,47,91436.0,5.0,9,No,2,2026,0
E17721,Operations,50,64811.0,3.26,3,No,6,2024,0
E17722,Sales,52,70869.0,4.15,5,Yes,2,2021,0
E17723,Sales,33,37070.0,2.85,11,No,5,2025,0
E17724,IT,28,64726.0,2.71,11,No,4,2022,0
E17725,Sales,25,103604.0,3.06,12,No,3,2018,1
E17726,Sales,60,51533.0,3.45,0,No,5,2023,0
E17727,Sales,40,86411.0,3.26,8,No,3,2020,0
E17728,Sales,25,65981.0,3.35,12,Yes,2,2022,0
E17729,Sales,38,69588.0,3.37,8,No,5,2024,0
E17730,Marketing,38,96913.0,2.98,16,No,6,2022,0
E17731,Operations,46,28000.0,2.34,2,No,1,2018,0
E17732,Marketing,55,77788.0,3.99,8,No,0,2021,1
E17733,Marketing,36,75222.0,3.4,11,No,5,2022,0
E17734,Finance,40,66685.0,3.01,16,No,2,2019,0
E17735,Marketing,31,63941.0,2.9,10,No,5,2019,0
E17736,Operations,59,66208.0,4.52,11,No,7,2022,0
E17737,Finance,24,103401.0,3.09,0,No,2,2019,0
E17738,Finance,23,41320.0,4.05,11,No,5,2026,0
E17739,Operations,38,58974.0,3.01,17,No,0,2021,0
E17740,HR,44,87499.0,3.54,1,No,1,2020,0
E17741,Finance,39,66272.0,3.56,9,No,5,2022,0
E17742,IT,51,86366.0,2.69,5,No,7,2018,0
E17743,Operations,58,77071.0,3.09,17,Yes,3,2026,0
E17744,Marketing,26,35777.0,3.14,16,No,3,2019,1
E17745,Operations,22,79875.0,2.04,0,No,6,2025,0
E17746,IT,49,69947.0,2.35,15,No,5,2023,0
E17747,IT,53,74582.0,3.74,10,Yes,5,2024,0
E17748,Operations,42,56545.0,5.0,10,No,3,2025,0
E17749,Operations,28,60532.0,4.07,4,No,2,2018,0
E17750,Marketing,45,61673.0,3.44,7,Yes,3,2026,0
E17751,Operations,42,57685.0,3.58,4,No,4,2019,0
E17752,Sales,24,67083.0,4.3,9,No,7,2025,0
E17753,Marketing,56,78775.0,3.31,0,No,5,2020,0
E17754,Operations,47,56593.0,4.31,15,No,4,2022,0
E17755,Operations,29,67334.0,3.23,7,No,2,2019,0
E17756,Operations,42,75760.0,3.85,6,Yes,5,2019,0
E17757,Marketing,31,63689.0,2.48,17,No,6,2018,0
E17758,Operations,58,70363.0,2.32,17,No,5,2025,0
E17759,Sales,57,65079.0,3.07,12,No,7,2018,0
E17760,IT,55,50285.0,3.25,11,No,0,2025,0
E17761,Sales,43,62112.0,4.53,1,Yes,6,2018,0
E17762,Operations,39,65527.0,2.93,11,Yes,5,2021,0
E17763,Marketing,57,28000.0,3.39,2,Yes,2,2018,1
E17764,Sales,57,28000.0,3.73,6,No,6,2019,0
E17765,Sales,55,55845.0,3.41,12,Yes,3,2021,0
E17766,Marketing,45,42873.0,3.72,15,No,5,2024,0
E17767,Operations,59,51915.0,3.05,15,No,7,2019,0
E17768,Operations,35,41850.0,3.04,5,No,4,2023,0
E17769,Marketing,34,68727.0,3.76,15,No,4,2018,0
E17770,Marketing,45,87825.0,3.85,2,No,0,2023,0
E17771,IT,22,87260.0,3.66,9,No,5,2021,0
E17772,HR,52,28582.0,3.92,14,No,2,2021,0
E17773,Operations,60,67442.0,2.84,17,Yes,1,2018,0
E17774,IT,36,73252.0,3.69,16,No,0,2021,0
E17775,Sales,40,51776.0,4.06,8,No,0,2023,0
E17776,Operations,46,69451.0,4.57,11,Yes,6,2023,1
E17777,IT,21,62112.0,3.16,12,No,2,2020,0
E17778,Operations,34,93028.0,4.46,13,No,1,2023,0
E17779,Sales,48,55783.0,3.94,11,Yes,3,2019,0
E17780,IT,26,51627.0,5.0,9,Yes,1,2019,1
E17781,IT,25,95022.0,4.1,6,No,7,2023,0
E17782,Sales,28,59917.0,3.54,7,No,7,2020,0
E17783,Marketing,46,71592.0,2.71,4,No,2,2020,0
E17784,Marketing,25,56495.0,2.92,16,Yes,2,2019,0
E17785,Marketing,43,58401.0,3.41,9,No,3,2020,0
E17786,Operations,35,78920.0,3.59,2,No,1,2023,0
E17787,Sales,50,62566.0,2.08,15,No,4,2022,0
E17788,Marketing,29,94795.0,4.09,3,No,2,2021,0
E17789,Marketing,29,57291.0,4.17,3,No,4,2018,0
E17790,Finance,59,67246.0,2.5,6,Yes,3,2024,0
E17791,IT,25,36429.0,2.63,8,Yes,6,2021,0
E17792,Sales,54,77693.0,3.2,14,Yes,7,2025,0
E17793,IT,43,63951.0,4.0,11,No,5,2018,0
E17794,IT,40,88370.0,3.03,1,Yes,7,2018,0
E17795,Operations,58,60510.0,2.94,1,No,0,2023,0
E17796,Sales,32,49611.0,4.19,8,No,5,2020,0
E17797,Marketing,51,65921.0,4.29,4,No,6,2019,0
E17798,IT,44,31917.0,4.52,11,No,6,2025,0
E17799,IT,35,49934.0,4.03,11,No,0,2023,0
E17800,Sales,27,85505.0,3.29,9,No,3,2024,0
E17801,Operations,24,78974.0,3.92,10,No,7,2025,0
E17802,IT,36,66598.0,3.01,0,No,7,2026,0
E17803,Finance,25,44992.0,3.85,7,No,1,2026,0
E17804,HR,53,85996.0,2.66,8,Yes,4,2024,0
E17805,HR,40,38850.0,2.66,3,No,0,2020,0
E17806,Finance,50,88317.0,2.34,3,Yes,3,2022,0
E17807,Sales,22,44598.0,4.31,7,No,3,2021,0
E17808,Operations,22,63104.0,3.11,0,No,7,2023,0
E17809,Marketing,48,31347.0,2.31,2,Yes,3,2026,0
E17810,Marketing,28,94683.0,3.14,3,No,7,2022,0
E17811,Sales,41,59474.0,4.4,11,No,1,2026,0
E17812,Operations,41,67021.0,3.48,8,No,5,2022,0
E17813,Operations,31,63534.0,3.33,10,Yes,7,2020,0
E17814,IT,23,82850.0,3.96,12,Yes,6,2025,0
E17815,Operations,57,73396.0,3.24,1,No,1,2020,0
E17816,IT,36,107249.0,4.11,6,Yes,1,2025,0
E17817,IT,27,81258.0,3.01,10,No,5,2020,0
E17818,Operations,44,54447.0,3.96,0,No,1,2018,0
E17819,Operations,21,79269.0,4.37,14,No,2,2020,0
E17820,Sales,32,28000.0,4.05,5,Yes,1,2020,0
E17821,Marketing,38,111130.0,4.05,0,No,2,2020,0
E17822,IT,35,90629.0,4.13,17,No,7,2025,0
E17823,Marketing,32,77859.0,3.34,17,Yes,7,2025,0
E17824,Marketing,60,59440.0,2.65,6,No,5,2019,0
E17825,IT,29,65522.0,2.83,13,No,2,2021,0
E17826,Finance,52,93881.0,3.76,0,No,4,2019,0
E17827,Operations,33,73661.0,2.21,14,No,6,2023,1
E17828,Sales,52,69657.0,3.86,15,Yes,2,2022,0
E17829,HR,24,70216.0,4.13,17,Yes,5,2024,0
E17830,Operations,34,43934.0,2.51,14,Yes,7,2025,0
E17831,Finance,53,100830.0,3.34,9,No,3,2022,0
E17832,Marketing,21,95376.0,2.83,15,No,7,2020,0
E17833,Sales,56,80550.0,2.59,13,Yes,4,2026,1
E17834,Operations,34,75277.0,3.43,2,No,4,2020,0
E17835,Marketing,26,38837.0,3.18,11,No,6,2020,0
E17836,Operations,46,107833.0,2.71,8,No,3,2025,0
E17837,Marketing,50,39613.0,3.43,2,No,1,2019,0
E17838,Sales,27,56613.0,3.38,3,No,0,2024,0
E17839,Operations,39,54506.0,3.04,11,Yes,6,2022,0
E17840,HR,25,75304.0,3.71,15,No,6,2025,1
E17841,Sales,26,80878.0,3.14,6,No,5,2023,0
E17842,Operations,30,60277.0,3.84,12,No,3,2025,0
E17843,Operations,26,47002.0,4.07,16,Yes,3,2021,0
E17844,Marketing,41,39885.0,3.9,9,No,3,2020,0
E17845,Finance,35,89322.0,4.67,17,No,5,2025,0
E17846,Marketing,39,71522.0,3.66,10,Yes,3,2025,1
E17847,Finance,39,75608.0,2.21,7,No,1,2020,1
E17848,Operations,42,70362.0,2.54,12,No,2,2025,0
E17849,Operations,47,80508.0,2.32,8,No,1,2019,0
E17850,Operations,57,30447.0,3.26,8,No,6,2025,0
E17851,Operations,44,86752.0,2.2,2,No,6,2023,0
E17852,Sales,43,28000.0,3.07,0,Yes,3,2026,0
E17853,Operations,53,28000.0,4.97,14,Yes,5,2021,0
E17854,Sales,45,70784.0,2.09,2,No,2,2026,0
E17855,Sales,30,97074.0,2.89,6,No,0,2021,0
E17856,Marketing,21,75634.0,4.1,9,No,1,2024,1
E17857,Operations,55,85415.0,4.44,5,Yes,2,2025,1
E17858,Sales,23,84951.0,2.63,3,Yes,3,2023,0
E17859,IT,42,58099.0,2.45,16,Yes,7,2019,0
E17860,Marketing,32,41978.0,3.54,0,Yes,1,2020,0
E17861,Operations,44,74168.0,5.0,13,Yes,7,2026,0
E17862,Operations,36,72473.0,3.01,10,No,3,2021,0
E17863,Operations,51,74623.0,4.01,11,Yes,6,2026,0
E17864,IT,57,58269.0,4.51,17,No,2,2020,0
E17865,Operations,48,70833.0,3.95,1,Yes,2,2019,0
E17866,Marketing,49,58557.0,3.68,2,Yes,6,2023,0
E17867,Marketing,26,51282.0,3.77,4,No,1,2020,0
E17868,Operations,53,66228.0,1.99,0,No,2,2022,0
E17869,IT,43,52856.0,3.16,1,No,0,2018,0
E17870,Operations,56,74629.0,3.37,16,No,2,2018,1
E17871,Finance,26,58282.0,3.4,16,No,3,2020,0
E17872,Sales,34,52527.0,2.58,11,No,2,2023,0
E17873,Finance,22,79341.0,2.87,8,No,0,2022,0
E17874,HR,44,28000.0,4.79,2,Yes,6,2018,0
E17875,Marketing,48,48306.0,2.66,2,No,3,2025,0
E17876,Marketing,34,68415.0,2.84,6,No,0,2026,0
E17877,IT,48,51258.0,3.88,9,Yes,1,2023,0
E17878,Finance,60,64483.0,2.66,5,Yes,7,2024,1
E17879,IT,43,39163.0,3.26,3,No,2,2023,0
E17880,Marketing,34,91793.0,2.45,6,No,1,2026,0
E17881,Sales,55,56374.0,3.73,13,No,6,2023,0
E17882,IT,37,60263.0,3.41,10,No,2,2026,0
E17883,Marketing,35,39339.0,3.22,11,Yes,7,2025,0
E17884,Sales,25,68085.0,4.52,13,No,4,2021,0
E17885,HR,32,71348.0,2.15,4,Yes,3,2024,1
E17886,IT,57,49852.0,2.37,0,Yes,7,2026,0
E17887,Operations,53,76861.0,2.99,4,No,2,2021,1
E17888,Sales,51,42717.0,3.36,5,No,3,2023,0
E17889,Operations,26,51516.0,2.44,15,No,4,2021,0
E17890,Finance,46,51198.0,3.74,8,No,3,2019,0
E17891,Sales,59,60649.0,4.78,10,No,5,2024,0
E17892,Operations,47,67767.0,3.39,10,No,4,2021,0
E17893,Sales,21,101545.0,3.53,14,No,4,2024,0
E17894,Marketing,36,87931.0,2.62,11,No,1,2020,0
E17895,Sales,52,42443.0,4.04,2,Yes,6,2022,0
E17896,Operations,42,75712.0,2.82,14,No,2,2024,0
E17897,Operations,22,50198.0,2.88,9,No,2,2026,0
E17898,IT,47,86126.0,4.14,0,No,0,2026,0
E17899,Sales,41,50370.0,4.18,0,Yes,5,2025,0
E17900,IT,35,64149.0,3.45,12,No,1,2022,0
E17901,Operations,53,61732.0,3.56,2,No,7,2018,0
E17902,Sales,33,89438.0,2.21,3,No,7,2022,0
E17903,HR,50,43820.0,3.05,13,Yes,2,2021,0
E17904,Sales,56,57734.0,3.43,9,No,1,2023,0
E17905,Marketing,40,66952.0,2.85,12,No,6,2020,0
E17906,Operations,39,68887.0,2.91,16,Yes,3,2025,1
E17907,Sales,37,48280.0,2.42,7,Yes,2,2022,1
E17908,Finance,23,65063.0,2.32,4,Yes,2,2025,0
E17909,Operations,35,40020.0,4.11,5,No,6,2024,0
E17910,Sales,46,33130.0,4.53,1,Yes,1,2026,1
E17911,Marketing,55,60175.0,2.51,17,Yes,2,2022,0
E17912,Marketing,37,28000.0,3.95,2,No,4,2020,0
E17913,HR,23,65447.0,3.86,16,Yes,4,2019,0
E17914,Marketing,27,75088.0,3.38,12,Yes,1,2022,0
E17915,Operations,27,77470.0,3.08,16,Yes,2,2024,0
E17916,Sales,33,50021.0,1.6,14,No,7,2024,0
E17917,Sales,52,53347.0,2.51,3,No,2,2019,0
E17918,IT,55,40965.0,2.98,16,No,5,2022,0
E17919,Operations,22,76747.0,3.61,13,No,0,2018,0
E17920,Operations,31,62177.0,3.87,13,No,4,2024,0
E17921,Finance,46,93597.0,3.59,8,No,2,2022,0
E17922,Operations,44,39469.0,4.12,12,No,5,2019,0
E17923,Operations,24,57634.0,4.51,9,No,1,2018,0
E17924,IT,53,85028.0,3.82,13,No,6,2020,0
E17925,Sales,46,95304.0,3.98,8,No,4,2024,0
E17926,Marketing,58,78002.0,3.45,10,No,0,2026,0
E17927,Sales,23,33512.0,3.41,15,Yes,6,2026,0
E17928,Operations,21,70049.0,4.62,11,Yes,7,2021,0
E17929,IT,48,48206.0,4.17,7,No,2,2019,0
E17930,Marketing,51,75028.0,4.11,5,Yes,0,2025,0
E17931,Marketing,51,61992.0,1.57,10,Yes,5,2023,1
E17932,Operations,34,93304.0,2.97,4,Yes,1,2018,0
E17933,Sales,38,104675.0,2.99,8,No,6,2020,0
E17934,Finance,39,93530.0,1.79,15,No,4,2026,0
E17935,Marketing,60,51627.0,4.42,2,No,1,2023,0
E17936,HR,46,64761.0,4.64,14,No,6,2022,0
E17937,Sales,58,55585.0,4.08,4,No,1,2020,0
E17938,Operations,48,80910.0,2.73,2,No,0,2023,0
E17939,Sales,37,31722.0,3.11,3,Yes,1,2018,0
E17940,Operations,42,63851.0,2.99,6,No,2,2025,1
E17941,Sales,24,28000.0,3.79,17,No,3,2025,0
E17942,IT,26,71431.0,3.28,8,Yes,3,2023,0
E17943,Operations,37,76292.0,3.99,16,No,5,2025,0
E17944,Marketing,40,58593.0,3.36,2,Yes,4,2026,0
E17945,Operations,32,46325.0,5.0,14,No,4,2020,0
E17946,Sales,32,78964.0,2.42,15,No,7,2019,0
E17947,Marketing,42,42433.0,3.44,12,No,3,2019,0
E17948,Operations,42,84303.0,4.32,0,Yes,4,2021,0
E17949,IT,43,28000.0,4.52,11,No,0,2026,0
E17950,Marketing,29,54986.0,3.24,5,No,5,2018,0
E17951,IT,56,91004.0,2.0,2,Yes,4,2024,0
E17952,Operations,47,87514.0,4.0,17,No,2,2019,0
E17953,Marketing,47,63850.0,2.48,5,No,7,2025,0
E17954,Operations,57,37575.0,4.52,15,No,7,2020,0
E17955,Operations,31,100424.0,3.83,10,No,1,2020,0
E17956,Marketing,60,62856.0,3.4,7,Yes,6,2023,0
E17957,Operations,50,65453.0,3.12,11,No,4,2021,0
E17958,Marketing,29,78843.0,3.21,16,Yes,0,2018,0
E17959,Finance,44,67326.0,3.31,13,No,2,2020,0
E17960,Finance,34,66407.0,2.36,14,Yes,3,2020,1
E17961,Sales,33,60916.0,2.31,7,No,3,2026,0
E17962,HR,42,100342.0,2.84,15,Yes,6,2019,0
E17963,Sales,22,37905.0,3.82,0,No,1,2020,0
E17964,HR,32,51805.0,2.42,9,No,5,2020,0
E17965,Sales,40,88434.0,4.18,10,Yes,5,2022,1
E17966,IT,34,51963.0,3.78,16,Yes,4,2020,0
E17967,Sales,49,62758.0,3.42,16,Yes,6,2026,0
E17968,IT,45,85899.0,2.36,3,No,2,2023,0
E17969,Sales,55,71330.0,3.9,2,No,5,2019,0
E17970,HR,41,87772.0,3.3,6,No,2,2019,0
E17971,Operations,55,36930.0,2.26,0,Yes,5,2023,0
E17972,HR,48,82806.0,3.2,17,No,6,2021,0
E17973,Sales,35,59617.0,3.29,14,No,5,2022,0
E17974,IT,37,29012.0,3.19,10,No,0,2025,0
E17975,Operations,22,85608.0,5.0,16,Yes,3,2022,0
E17976,Operations,45,54223.0,2.29,17,Yes,2,2019,0
E17977,Operations,33,76757.0,3.69,11,No,5,2023,0
E17978,Operations,47,50754.0,2.37,7,No,6,2022,0
E17979,Marketing,55,56408.0,2.3,0,No,6,2023,0
E17980,IT,27,66670.0,3.2,17,No,0,2018,0
E17981,Sales,53,75200.0,3.01,1,No,4,2025,0
E17982,Marketing,50,38913.0,3.97,6,No,5,2018,0
E17983,IT,40,68395.0,2.38,12,Yes,4,2018,1
E17984,Marketing,54,65378.0,3.82,1,No,4,2024,0
E17985,IT,58,48762.0,4.06,16,No,0,2024,0
E17986,Marketing,49,73093.0,3.31,4,No,5,2026,0
E17987,Operations,34,58230.0,3.01,13,No,6,2025,0
E17988,Operations,55,55473.0,4.0,7,No,6,2023,0
E17989,HR,40,54815.0,3.19,9,No,5,2023,0
E17990,Sales,31,65563.0,4.31,3,No,3,2021,0
E17991,IT,60,46831.0,3.45,17,No,7,2024,0
E17992,Marketing,41,78512.0,3.91,2,Yes,7,2025,0
E17993,Operations,39,62589.0,4.13,5,Yes,6,2018,0
E17994,Marketing,58,78153.0,3.62,11,Yes,3,2026,1
E17995,Sales,41,47702.0,4.73,10,No,3,2020,1
E17996,Marketing,24,57275.0,4.2,15,No,1,2019,0
E17997,IT,51,72370.0,3.41,16,No,2,2021,0
E17998,Sales,51,42893.0,3.97,3,No,6,2022,0
E17999,Operations,49,61310.0,4.3,15,No,3,2020,0
E18000,Sales,33,70984.0,4.0,0,No,5,2021,0
